time_s,Cmax,Cmean,Csurface,Tcenter,Tsurface
0.0,2.55,2.550000000000002,2.55,28.0,28.0
60.0,2.55,2.5385784644909113,2.3270879411369045,28.000000030598343,28.058072199521053
120.0,2.55,2.527723161402871,2.242098797608177,28.000060655892796,28.176586743735726
180.0,2.55,2.517216223815445,2.179840470366469,28.00116104988995,28.31569739101019
240.0,2.55,2.506979932202726,2.12928926964568,28.006262246386747,28.453697516609296
300.0,2.55,2.4969691719750684,2.086359096239733,28.01907046042437,28.644875741506503
360.0,2.55,2.4871526039061793,2.048877827637715,28.042170210686713,28.842611691905716
420.0,2.55,2.47750789394772,2.015465151749937,28.07729813222834,29.04950836489405
480.0,2.55,2.4680178114793163,1.9852279476275174,28.12620934157146,29.24406387576362
540.0,2.5499999999999985,2.458668779340463,1.9576444586769555,28.18977033894815,29.466384997744253
600.0,2.5499999999999594,2.449448962894092,1.932335891422044,28.267807339449487,29.699046060680992
660.0,2.5499999999993452,2.440347960788526,1.9089949177971284,28.359640398408196,29.96123042520489
720.0,2.549999999993205,2.431356683184308,1.8873240668920508,28.465037096135845,30.215838993532998
780.0,2.549999999950183,2.4224680401431016,1.8670923992678057,28.58411145563462,30.481558935052984
840.0,2.549999999722409,2.4136759023238445,1.8481261518963785,28.71700390966987,30.73787954215595
900.0,2.5499999987586053,2.4049747620805753,1.8302431367858558,28.863269190415465,30.992728992381657
960.0,2.5499999953605825,2.396358744458029,1.813410948570548,29.022094734619124,31.272418880891152
1020.0,2.549999985047573,2.38782293990514,1.7974932385172129,29.1922485478677,31.536005930905514
1080.0,2.54999995742044,2.379363995040179,1.7824881551612177,29.37278465385031,31.83938301364269
1140.0,2.5499998907879804,2.370977199719505,1.7683103841057488,29.563135931096394,32.13512480512958
1200.0,2.5499997437853077,2.3626591383392634,1.754839743480389,29.762893745103003,32.43392110156074
1260.0,2.549999443294219,2.3544064805072975,1.7419722391005545,29.972216877703534,32.7159055116346
1320.0,2.5499988681434127,2.346215835310049,1.7297400047510965,30.190820828486096,33.030822321991295
1380.0,2.549997828376967,2.338084899644831,1.7181358965477553,30.41790623136118,33.341382496184934
1440.0,2.549996040190658,2.3300106717414826,1.7069991886073506,30.65271034790851,33.641793654551314
1500.0,2.5499930969465847,2.3219905771020466,1.6962515626272328,30.895126561162705,33.91568772395091
1560.0,2.5499884368381673,2.3140231928233588,1.6859271892186511,31.144652221073095,34.21080495130153
1620.0,2.5499813085016645,2.306106263252788,1.6760033421766565,31.399993813466814,34.49027318462505
1680.0,2.5499707359372605,2.2982381161848355,1.6664405395593669,31.659727253759858,34.77889976932202
1740.0,2.5499554839086405,2.2904168062137407,1.657328962811095,31.923035887707382,35.0977966172986
1800.0,2.5499340251668436,2.2826403183971533,1.6486190394064932,32.189244017174275,35.41302126829571
1860.0,2.5499045104313387,2.2749068292347268,1.640245626913026,32.458498655170644,35.73063502824942
1920.0,2.549864740907844,2.267215182455638,1.6321087901857125,32.73154702809133,36.00839046394285
1980.0,2.549812144657527,2.259564600385061,1.6241813918395906,33.00870593957861,36.290275196569496
2040.0,2.5497437594978076,2.251953157469748,1.6165277935402007,33.28934313848489,36.582435973261006
2100.0,2.5496562256518116,2.244379472771185,1.6090922252598376,33.57197518995391,36.858025807496276
2160.0,2.549545785527513,2.236842994747306,1.6018534251626297,33.85571085082163,37.131019125233976
2220.0,2.549408288440525,2.229342969893429,1.5948769220598622,34.14006717385984,37.4248473940085
2280.0,2.549239203901226,2.221877983907506,1.5881043841941456,34.424402485323235,37.700319814730406
2340.0,2.549033641930496,2.2144461528971373,1.5815268326323602,34.70853983312727,37.99581156218298
2400.0,2.5487863740574976,2.2070465127340166,1.5751458357917094,34.99266798833035,38.272419594993835
2460.0,2.548491861494328,2.1996789819690807,1.5689506590304236,35.276853470142214,38.56424976583418
2520.0,2.5481442863836024,2.19234243786261,1.5629303486787436,35.56125939662956,38.84172349970929
2580.0,2.547737589141676,2.1850365182786455,1.5569919258911666,35.84581617743055,39.09010323292826
2640.0,2.5472655080802418,2.177760588354941,1.5512074098408044,36.130496058970095,39.36919378557542
2700.0,2.5467216294320143,2.1705130616782915,1.5455915597065801,36.414549536707696,39.641566320219965
2760.0,2.5460994522132934,2.163293814765229,1.5400425434492182,36.69725233528478,39.880408375511465
2820.0,2.545392427049621,2.1561030527986738,1.5345540473360564,36.97877676953639,40.114306918384074
2880.0,2.544593998144922,2.148939566379076,1.529202701291175,37.25874146063448,40.374004925053995
2940.0,2.543697684747423,2.141803221620682,1.5239422533170193,37.536055265144135,40.59647686395891
3000.0,2.542697146087545,2.134693467737388,1.5187100085980094,37.81031876093719,40.821109822620116
3060.0,2.541586206211243,2.1276101046645017,1.5135737475713311,38.08152453264295,41.03756446470909
3120.0,2.5403589162629783,2.1205525365485927,1.5085780186924593,38.34903817540109,41.29912754465876
3180.0,2.539009618634768,2.113519758603398,1.5037354618322234,38.612470320107285,41.54209863295147
3240.0,2.537532962012797,2.1065121860412885,1.4989474357292778,38.87235606181646,41.77331718121511
3300.0,2.5359238559177073,2.0995288423102645,1.4942318302740485,39.130001704540334,42.00293283265384
3360.0,2.534177480954796,2.092569190926175,1.4895393371977592,39.38578932911983,42.20650466273578
3420.0,2.5322893614365523,2.0856330274759194,1.4848830285226726,39.63951305101773,42.414948436267615
3480.0,2.530255419792525,2.078720129932066,1.4802437981301992,39.89059089253435,42.59687380149388
3540.0,2.5280720438414215,2.07183066126124,1.4756181599460623,40.13818692830279,42.77888475326912
3600.0,2.52573612256649,2.064963789028551,1.4710942110468783,40.38156663613868,42.99760832733186
3660.0,2.5232450871369076,2.0581192043522587,1.466657574511855,40.61993807544147,43.19480045856854
3720.0,2.5205968855592227,2.05129732749337,1.46225061460628,40.8536113596298,43.38832437890842
3780.0,2.5177898460740873,2.044497804102178,1.457918241973951,41.083617789316314,43.58943520939395
3840.0,2.5148226633366044,2.0377199303921607,1.4536137841828012,41.31028152059209,43.773882812038714
3900.0,2.5116944378442065,2.030963194387602,1.449315677316715,41.53381788148583,43.94731115369354
3960.0,2.508404656978234,2.024228151234226,1.445049040623777,41.754356002919856,44.11906791904119
4020.0,2.504953231107965,2.01751436173948,1.4407772594524477,41.97150923803544,44.272563828757534
4080.0,2.501340542285431,2.0108215036159467,1.436480021711945,42.18479488186106,44.409784927264916
4140.0,2.497567442689729,2.0041502925903183,1.4322426855506774,42.39370394365561,44.577011318310774
4200.0,2.4936352891653666,1.9975004091562956,1.4280470705473058,42.597451500556176,44.726979525784095
4260.0,2.4895459325813243,1.9908712125996502,1.4238682542584333,42.795866853437516,44.88378419134104
4320.0,2.4853015401134892,1.9842626216931796,1.419780202763302,42.98957286566667,45.06422006434392
4380.0,2.4809045217614485,1.977674518126124,1.4156832499241037,43.179009557141356,45.193043698015096
4440.0,2.4763574701107403,1.9711069676236295,1.4115242977788482,43.365067466393036,45.308456555086906
4500.0,2.471663078592607,1.9645600790860516,1.4073977737196113,43.54810426921466,45.44538538461965
4560.0,2.466824377445009,1.958033968123352,1.4033191018646096,43.72696076373006,45.58146551584444
4620.0,2.4618448613822173,1.9515279256752314,1.3992841414081179,43.90096436864251,45.7348411022396
4680.0,2.456728265320007,1.9450420713604413,1.395295875443239,44.07054145417595,45.871940554897535
4740.0,2.451478369003711,1.9385766756754923,1.391326581491456,44.23655997911722,46.01458081381315
4800.0,2.4460988953913723,1.932130391387614,1.3873599370512775,44.399844762559226,46.14254220762737
4860.0,2.440593562593734,1.9257031738637223,1.3833607033535766,44.56068166701326,46.24833067702596
4920.0,2.4349661440616375,1.9192957729018467,1.379396257529604,44.71908548136928,46.38108057525325
4980.0,2.4292205690274375,1.9129084974235313,1.375419108545702,44.87442922142244,46.46789817049573
5040.0,2.423361004411263,1.9065412140107239,1.3713726096414214,45.02628515773093,46.54685987982552
5100.0,2.4173917372525446,1.9001938248973702,1.3673386428392988,45.17437062977356,46.63981792766488
5160.0,2.4113173228530105,1.89386603479976,1.363381030704529,45.317499753663526,46.77449724046456
5220.0,2.405142635955568,1.8875573956979173,1.3594603531992562,45.455189010136664,46.880638513960626
5280.0,2.398872513761266,1.8812679031827881,1.3554815406429994,45.58857691437793,46.95839235433728
5340.0,2.392511385352182,1.8749980828532935,1.351528884924532,45.719150870167184,47.061695359780174
5400.0,2.386063473699994,1.8687475462028416,1.3475676000082843,45.846755425712935,47.14005574030611
5460.0,2.3795331182613073,1.8625164014308648,1.3436444529211895,45.97094427085145,47.25168968424733
5520.0,2.372924665497779,1.856305115876113,1.3397525974495905,46.09177890267422,47.34123208424713
5580.0,2.366242399698173,1.8501124170199035,1.3358148715388083,46.20952209217675,47.419566917144714
5640.0,2.359490392776627,1.8439387456109453,1.3318798480337937,46.324833867454,47.493564374433184
5700.0,2.3526725739700822,1.8377842645539815,1.3279654403359686,46.43751223023444,47.58906809169405
5760.0,2.3457929412924594,1.8316489769899147,1.32406919205132,46.54710495230708,47.6615416685698
5820.0,2.338855490394058,1.8255328594317428,1.3201121463043635,46.65373747583445,47.71308376735466
5880.0,2.3318640392370393,1.819436368203031,1.316159870311941,46.75773545707191,47.77249770731185
5940.0,2.324822372512252,1.8133590921791376,1.3122801148698187,46.85847748582611,47.889709197065756
6000.0,2.317734435348965,1.8073005318092572,1.3084810339175579,46.955358544648156,47.98868098875254
6060.0,2.3106040463841544,1.801261347884827,1.3046464065190557,47.04950583826315,48.057816873570125
6120.0,2.303434366015193,1.7952406031614425,1.300743511941766,47.142915827445265,48.096466858625455
6180.0,2.296228079706193,1.789238854431991,1.2968789763489028,47.23578139521258,48.18794004462697
6240.0,2.2889880008607415,1.7832560053754052,1.2930573811466812,47.32673881493772,48.261605553191316
6300.0,2.2817172453972647,1.777292051695145,1.2892119723712459,47.41518112808375,48.32160639633172
6360.0,2.2744187536863727,1.7713462586634465,1.2853206920577878,47.50190569809412,48.36387320150293
6420.0,2.2670952252258516,1.7654190586094274,1.2814034235000078,47.586889755065634,48.39823599382839
6480.0,2.2597494134970155,1.7595108019080583,1.2774542790530838,47.66936813473134,48.42762718283952
6540.0,2.252384290763063,1.7536216567154437,1.2735846296021378,47.74833026714514,48.516044424120636
6600.0,2.24500303042942,1.7477512463300646,1.269732210547805,47.82315117548235,48.565392598550204
6660.0,2.2376087140381347,1.7418996576996735,1.265825587030549,47.894724014137495,48.590691813208736
6720.0,2.2302038601270233,1.7360675236314647,1.261913987038776,47.964510786892234,48.630451815567724
6780.0,2.222790736741069,1.7302541634092905,1.2580374228926328,48.0320507480219,48.69083246982691
6840.0,2.2153717827734383,1.7244595360571875,1.2541490044175827,48.096668934291564,48.71866705261318
6900.0,2.207949391027292,1.718684117834922,1.2502972135558057,48.15883427984821,48.791780132922064
6960.0,2.2005256761518495,1.7129275186090673,1.246491026808285,48.218995147647476,48.85169239466836
7020.0,2.193102585002432,1.7071891088991074,1.2426601294824682,48.27758768748997,48.89787631934713
7080.0,2.1856816921928233,1.7014690935526906,1.2388024097641708,48.335749497391404,48.92304178508973
7140.0,2.1782642781776835,1.6957682914656953,1.234949602196353,48.3935730393318,48.964358114744535
7200.0,2.1708516929776898,1.690085553215007,1.2310927346468539,48.450235678953725,49.003328407003345
7260.0,2.1634455087417983,1.6844205462842938,1.2272405558420767,48.50503816211911,49.043858547090274
7320.0,2.1560473207779687,1.6787741748088139,1.2233484403391892,48.55805948645339,49.0449174553907
7380.0,2.14865861042286,1.6731473150050886,1.2194607233889616,48.60942283488743,49.07547229729628
7440.0,2.141280850932645,1.6675395947180502,1.2155669355449996,48.65853219145683,49.08499055973082
7500.0,2.1339157242394546,1.661950869198755,1.211695136075304,48.70467310310735,49.1271043056351
7560.0,2.12656492597238,1.6563810511200772,1.2078461471434312,48.747936057489085,49.15651191836194
7620.0,2.119230027727701,1.6508293894055446,1.2039604101251158,48.78875225332254,49.16881992395213
7680.0,2.1119122912374855,1.6452967824067206,1.2000757250425145,48.82802552217925,49.18242429479635
7740.0,2.104612774806323,1.6397833666864008,1.1962338664745749,48.86569401588483,49.23217550740133
7800.0,2.0973325992416108,1.634287724872248,1.1923826026965925,48.90134951890812,49.24696582813062
7860.0,2.0900728308755587,1.6288102069170847,1.1885702822616793,48.93557841669845,49.31002050590729
7920.0,2.082834216385978,1.6233509754527584,1.1847881942645169,48.96914120939804,49.34169272166929
7980.0,2.0756173010336356,1.617909890903101,1.1809540642984426,49.00260611821916,49.349312386165394
8040.0,2.0684223236363257,1.6124871281887685,1.1771286582738545,49.036754048596336,49.37914642331674
8100.0,2.0612495049909807,1.60708370413261,1.1732960901833396,49.0707202273007,49.37044657836956
8160.0,2.0540993608285776,1.6016991244079501,1.169493007305769,49.10365162035272,49.43049323560891
8220.0,2.046972559701807,1.5963320581466185,1.1657205614223582,49.13499671935043,49.45165958654231
8280.0,2.039869843753775,1.5909835972762862,1.1619458858358915,49.16503341791788,49.485355829913495
8340.0,2.032791603211396,1.5856535579207152,1.1581331586944523,49.1949859386173,49.4707932853085
8400.0,2.0257380272916627,1.5803422549609103,1.154315203345619,49.224808192740525,49.49015216051812
8460.0,2.018709406267243,1.5750494905787225,1.1505322124799695,49.253643774456876,49.514307104119716
8520.0,2.0117063521620433,1.569774354829908,1.14678276756099,49.28052630831394,49.56371262188175
8580.0,2.0047294917910867,1.5645167486453164,1.1430360204432857,49.306059051978146,49.57880767858861
8640.0,1.9977791333633481,1.5592778729747276,1.1392704183937368,49.33143012251388,49.58386306262015
8700.0,1.9908552489347144,1.554057592370511,1.135479856981366,49.357195839557455,49.580380215191155
8760.0,1.9839578745207738,1.5488555542214242,1.1316908604355898,49.38242772553295,49.58719065499872
8820.0,1.9770873553295822,1.5436710225981207,1.1279128732153898,49.40606349226158,49.61025745648005
8880.0,1.970244258928285,1.5385044813008517,1.1241658778428882,49.42765406250786,49.62444340291199
8940.0,1.9634291093266416,1.533356653546237,1.1203801697875475,49.447751890411496,49.60782075250081
9000.0,1.9566421967807315,1.5282268438528437,1.1166476108193422,49.466980818454054,49.66090669663991
9060.0,1.9498837604245258,1.5231153291230515,1.1130026158330089,49.48492990780893,49.71023484988115
9120.0,1.9431540880255727,1.5180220747780757,1.1092956194249934,49.502146938046764,49.69034698240841
9180.0,1.936452997285472,1.5129460996220216,1.1055541571479586,49.52064126312519,49.706003395656644
9240.0,1.9297800168099364,1.5078877433186095,1.1018260724433298,49.53992704302118,49.69567374403646
9300.0,1.9231350827614384,1.5028482316569487,1.0981283526377952,49.5584113611705,49.726720048665385
9360.0,1.9165184031021787,1.497826199090951,1.0944316131022542,49.57559175809726,49.72825082899413
9420.0,1.9099302490003998,1.4928215194843495,1.0907448000464164,49.591613658595364,49.75342063785781
9480.0,1.9033707154482624,1.4878345800279242,1.0870982412553234,49.60711953307973,49.781275328713676
9540.0,1.8968397964381987,1.4828649339574562,1.0834585366493446,49.6223133117412,49.80402903891152
9600.0,1.8903373341204834,1.477913379392616,1.0797855374279932,49.63795121393681,49.7768769181225
9660.0,1.8838629977902146,1.4729800636923145,1.076134656340342,49.654294947254755,49.81492820704957
9720.0,1.8774165675280312,1.4680632259902076,1.0724764832123905,49.67021787632018,49.80280180912964
9780.0,1.870998146208162,1.4631643592282044,1.0687807944577266,49.685144887045425,49.77690419848577
9840.0,1.8646077781752806,1.45828407472505,1.0651247660395609,49.699363561651126,49.80051931269261
9900.0,1.8582456619564969,1.453420391567325,1.0614828510215701,49.71159755212749,49.808430629992465
9960.0,1.8519122142661557,1.4485740937383114,1.0578849510297217,49.721932745401716,49.84342880947815
10020.0,1.845607590650682,1.4437447480219574,1.0543075586299362,49.731638800854725,49.869893479944345
10080.0,1.8393316376282178,1.4389328056151942,1.0507118845541308,49.74175215201869,49.85327298974242
10140.0,1.8330839076310215,1.4341388073813395,1.0471328212425575,49.75317780227053,49.88700375798797
10200.0,1.8268639267081757,1.429361512379989,1.0435500695406406,49.76513857575726,49.871273108017384
10260.0,1.8206714892890092,1.4246008784199269,1.0399334285720154,49.77701757921949,49.87267766437348
10320.0,1.8145064222331158,1.419857810808746,1.0363441516317904,49.78867706420161,49.86210485683681
10380.0,1.8083687342304262,1.4151318481820963,1.0327810874390535,49.79917373932202,49.90182733033639
10440.0,1.8022585853935877,1.41042212520486,1.0292162553101796,49.80829319372024,49.879954208555475
10500.0,1.796176069363122,1.4057298292888367,1.0255964156726112,49.816840259813844,49.85163014687096
10560.0,1.790121037525234,1.4010554672447932,1.0220300294495068,49.82515237325358,49.86522644517122
10620.0,1.7840935552562476,1.3963981229893938,1.0185311678742124,49.83165797927609,49.91615187595295
10680.0,1.778093937050168,1.3917576009774844,1.015080814301741,49.83644912295715,49.94372616961529
10740.0,1.7721221447252624,1.387134233461352,1.0116068240374523,49.84182318109582,49.949980005800356
10800.0,1.766177551931912,1.3825265276306749,1.0081230432212962,49.849495607399504,49.966411239802945
10860.0,1.7602593918628258,1.3779347053127167,1.0046583742364712,49.859027317599875,49.98156720930717
10920.0,1.7543671177611881,1.3733595566391479,1.0011759199304286,49.86958072370928,49.966906686750356
10980.0,1.7485003307469427,1.3688019062526753,0.9976748324042183,49.880800115637335,49.9436939808736
11040.0,1.742658783594998,1.3642618907787716,0.9942119387669696,49.891690248400636,49.963498947902494
11100.0,1.7368425734146071,1.3597379804207657,0.9907655472224131,49.900787967964426,49.973062654540776
11160.0,1.7310519923161047,1.3552306907542349,0.9873097768812729,49.908248860611685,49.9570910476173
11220.0,1.7252871022184066,1.3507398699864794,0.9838063827764714,49.91521672110932,49.92720358415376
11280.0,1.7195478342314596,1.3462657443980912,0.9803664314615218,49.92141254489756,49.95472659701934
11340.0,1.7138343290683669,1.3418090242394913,0.9769478926087217,49.925712353833624,49.94319632933014
11400.0,1.7081468475963182,1.3373687145111377,0.9735491378185127,49.928584027481214,49.97785759814183
11460.0,1.7024853751806464,1.3329443755220634,0.9701480871174548,49.93115012776031,49.957363934855316
11520.0,1.6968497216355096,1.3285365844317583,0.9667023414043571,49.934046513049466,49.92951989567497
11580.0,1.6912395531820597,1.3241444722397586,0.9633005272268004,49.93733837198445,49.96543701031055
11640.0,1.68565477411782,1.3197678206229237,0.9599102109870508,49.93945267539979,49.94474196437277
11700.0,1.6800954721582988,1.3154076594257,0.9564868962940138,49.940856519210485,49.9261607853955
11760.0,1.674561491672283,1.3110641763485127,0.9531221326378003,49.94224183902635,49.94772851425125
11820.0,1.6690527664191959,1.3067374197518962,0.9498208470023016,49.94259581884023,49.98305367927661
11880.0,1.6635693241950007,1.302426699840194,0.9464852520136006,49.94249311002848,49.9568169724946
11940.0,1.6581108682299175,1.2981322504054662,0.9431254753325343,49.9436677113189,49.94385550636311
12000.0,1.6526768891030659,1.2938532612229439,0.9398062683879601,49.94579191972802,49.97361449558223
12060.0,1.6472671915705848,1.289589894699698,0.9365555980812288,49.94726375804589,50.00876400330589
12120.0,1.6418817183504177,1.2853421956921378,0.9332746148578814,49.948739890024605,49.9968539899135
12180.0,1.6365200805032472,1.2811098334342759,0.9299448820230807,49.95191366516997,49.96152331851872
12240.0,1.6311816980166591,1.2768940839141338,0.9266092681600518,49.95643988107736,49.931066148149505
12300.0,1.6258663481423374,1.2726951297861226,0.9233033733308771,49.95998867727354,49.928077269591164
12360.0,1.62057431127254,1.2685118986599335,0.9200066051393216,49.96085509930369,49.91988104886661
12420.0,1.6153060330865228,1.264343349212389,0.9167422999467646,49.959250081765845,49.951058809780704
12480.0,1.6100617653741218,1.2601903671860355,0.9134978618713397,49.95630235250226,49.93347877036661
12540.0,1.6048414680286582,1.2560530024127836,0.9102424806773967,49.9535140986787,49.943755897469075
12600.0,1.5996448116187592,1.2519314114272162,0.9070575886706247,49.95149495955736,49.96868916585124
12660.0,1.5944715046400966,1.247825851130152,0.9038782347952349,49.94988602304923,49.97571572367244
12720.0,1.5893211979301112,1.243734804870663,0.9006545896775296,49.94954432421942,49.951548920863516
12780.0,1.5841933871326395,1.2396585009583803,0.8974631341873984,49.95072614248252,49.979021231369295
12840.0,1.5790876929976803,1.2355973553742627,0.8943199616693485,49.95222585695953,49.995942146748376
12900.0,1.5740039558751286,1.2315523182044348,0.8911976310360346,49.95384671510296,50.00545820812748
12960.0,1.5689418666963515,1.227522671872874,0.8880246310590457,49.9566826197276,49.96919980461595
13020.0,1.5639009962192627,1.2235081231886595,0.8848293521795375,49.96065802211943,49.94303302335454
13080.0,1.5588811008422743,1.219508988621305,0.8817068379056717,49.96413890109307,49.98803961441458
13140.0,1.5538823585646837,1.2155244779590315,0.8786032866418576,49.96544182859309,49.98223051384486
13200.0,1.5489049913426707,1.2115543973146434,0.8754552339972407,49.96598726147541,49.96441435880625
13260.0,1.543948800671574,1.2075997897042454,0.8723492141615202,49.96726688617667,49.96930192321036
13320.0,1.5390135745662248,1.2036602082822687,0.8692640592287162,49.96828909506109,49.986774517686264
13380.0,1.5340992834175902,1.1997349162098419,0.8662246313789431,49.96875396572252,50.01948755061196
13440.0,1.5292058124797194,1.1958246804685255,0.8631653310935032,49.96962370568124,49.99265379734294
13500.0,1.5243328077613016,1.1919292542410167,0.8601160840761733,49.972043682951046,50.01820338897517
13560.0,1.5194798342135167,1.1880486835597324,0.8570593936212595,49.975396831570066,49.97637181051229
13620.0,1.51464669015366,1.1841823245426755,0.85397518587395,49.9788089343607,49.981137049107204
13680.0,1.509833281962658,1.1803300742949352,0.8509553474071613,49.98152827440364,49.99751180392016
13740.0,1.505039754653566,1.1764926470323063,0.8479109008014245,49.98269675425216,49.96663098739209
13800.0,1.5002661830867754,1.1726698893615668,0.8448492294988925,49.983495383615995,49.9460015284065
13860.0,1.4955125022392526,1.1688614256481382,0.8418176376310827,49.98364436492282,49.955903344682504
13920.0,1.4907788478430266,1.1650669560355673,0.8388560828661743,49.98202012154788,50.00292803702077
13980.0,1.4860654058863416,1.1612867960602693,0.8359128546917819,49.97940946132932,50.006646071318386
14040.0,1.4813720162282509,1.1575209809499758,0.8329761676958857,49.97817805806029,50.02972639341338
14100.0,1.4766981278822096,1.1537693505907816,0.830061295569373,49.97936246322606,50.03985667385495
14160.0,1.4720431895201538,1.1500321392918667,0.8271245321860003,49.982528098687766,50.02050268660276
14220.0,1.467406721684055,1.1463092968808006,0.8241989591771625,49.98732693228051,50.031858249251165
14280.0,1.4627884240237496,1.1426002669187236,0.8212427494836476,49.99235525262979,49.98672605874932
14340.0,1.4581882587647712,1.1389052625672664,0.8182585123030502,49.996737321032434,49.959345760299875
14400.0,1.4536063287168102,1.1352241988369238,0.8153460497025887,49.999390733590744,49.999441932157026
14460.0,1.4490430281537692,1.131557477468127,0.8124533822579687,49.99901565887839,49.991835322524516
14520.0,1.444498709286687,1.127904634397123,0.8095660630653981,49.99732894778003,49.99342947851234
14580.0,1.439973321137747,1.1242656282782673,0.8066880833828228,49.995989968120774,49.994463272111624
14640.0,1.4354666578181552,1.120640413293584,0.803819785697553,49.99517458433696,49.99516357279924
14700.0,1.4309785228069263,1.1170289426488438,0.8009612888233295,49.99474745609915,49.995665106130716
14760.0,1.4265087496970306,1.1134311691540462,0.7981126464482803,49.99457470088543,49.9960413885223
14820.0,1.4220571962281567,1.1098470454266363,0.7952738896268069,49.99456269648678,49.99633665542592
14880.0,1.4176237364943693,1.1062765239700731,0.7924450364715437,49.99464859756583,49.99657839599936
14940.0,1.4132082563092476,1.102719557220139,0.7896260958242889,49.99479266641746,49.99678349389086
15000.0,1.4088106489781214,1.0991760975889886,0.7868170698756759,49.99496969442249,49.996963012825724
15060.0,1.4044308129709542,1.095646097493676,0.784017955138477,49.99516351143131,49.9971241515974
15120.0,1.400068650550291,1.0921295093787118,0.7812287434669334,49.99536405229845,49.99727147194236
15180.0,1.3957240667735102,1.0886262857350302,0.7784494231059039,49.995565373948224,49.99740786845556
15240.0,1.3913969686207681,1.0851363791175195,0.7756799795720658,49.99576384131783,49.997535319376155
15300.0,1.3870872645833514,1.0816597421598337,0.7729203961516347,49.9959572181191,49.99765520558091
15360.0,1.38279486445756,1.0781963275897315,0.7701706543486313,49.99614420736666,49.99776848269182
15420.0,1.3785196789779113,1.0747460882112057,0.7674307344654802,49.99632411062532,49.99787584506245
15480.0,1.3742616200382551,1.0713089769499862,0.7647006155142343,49.996496681491095,49.99797778974445
15540.0,1.370020599683492,1.067884946752894,0.7619802763879139,49.99666167555495,49.9980748079565
15600.0,1.3657965317559457,1.0644739507679393,0.7592696941106436,49.996819413706135,49.99816712916606
15660.0,1.3615893304996078,1.0610759422170042,0.7565688456157073,49.99697005826788,49.998255036186194
15720.0,1.3573989111115825,1.0576908744500646,0.7538777071371379,49.99711388106915,49.99833874936503
15780.0,1.3532251907243844,1.054318701102697,0.751196253833136,49.99725114882584,49.99841845354154
15840.0,1.3490680835940843,1.0509593753932331,0.748524462573806,49.99738207785638,49.99849441016555
15900.0,1.3449275090086776,1.0476128512852414,0.7458623075436627,49.9975069394369,49.99856676556329
15960.0,1.3408033844547094,1.044279082473868,0.7432097638573636,49.99762599069953,49.998635704561536
16020.0,1.3366956271355213,1.0409580226177886,0.7405668068610695,49.99773947832025,49.998701422921975
16080.0,1.3326041603726386,1.0376496263161603,0.7379334091705053,49.99784765563889,49.99876401018452
16140.0,1.3285289011193673,1.0343538471849034,0.7353095461791446,49.99795077526405,49.99882366277211
16200.0,1.3244697717369436,1.0310706397022509,0.732695191197576,49.998049061493255,49.99888050309357
16260.0,1.32042669541906,1.027799958481569,0.7300903172399167,49.99814273173425,49.99893464363045
16320.0,1.316399594116551,1.024541757946362,0.7274948978312316,49.998232008979734,49.998986215089005
16380.0,1.3123883906776235,1.0212959927528442,0.7249089066768764,49.99831707439308,49.99903536237665
16440.0,1.3083930096246137,1.018062617716175,0.7223323162380711,49.99839813987148,49.99908217815946
16500.0,1.304413375906309,1.0148415877666357,0.7197650990877664,49.99847539564099,49.999126763150066
16560.0,1.300449415227,1.0116328579611897,0.7172072275530595,49.99854902407727,49.99916921020788
16620.0,1.296501053148727,1.0084363835856953,0.7146586750985293,49.99861916851183,49.99920965757923
16680.0,1.2925682169909352,1.0052521199386166,0.7121194133990847,49.998685999238475,49.99924817624065
16740.0,1.2886508344782315,1.002080022484988,0.7095894144236174,49.998749666527495,49.99928485009201
16800.0,1.2847488340379467,0.998920046822535,0.7070686499764919,49.998810310964956,49.999319758309944
16860.0,1.2808621436803067,0.9957721487285,0.7045570927488745,49.998868083693715,49.999353003837925
16920.0,1.276990692992653,0.9926362840739062,0.7020547144269068,49.998923112086665,49.9993846615484
16980.0,1.2731344123348793,0.9895124088581475,0.6995614864549584,49.99897551359574,49.99941479915667
17040.0,1.2692932325305335,0.98640047922227,0.6970773803286647,49.99902540106908,49.99944348525039
17100.0,1.2654670842667533,0.9833004514634203,0.6946023679486832,49.99907290735401,49.99947079418658
17160.0,1.2616558990355928,0.9802122820077185,0.6921364209810801,49.99911815231056,49.999496794205015
17220.0,1.2578596095756878,0.9771359273975346,0.6896795105572261,49.99916122733441,49.99952154185103
17280.0,1.2540781488984225,0.9740713443195477,0.6872316079354988,49.999202229482485,49.99954509427268
17340.0,1.2503114502200294,0.9710184896107815,0.6847926845102364,49.999241261319504,49.99956750968458
17400.0,1.2465594470097823,0.9679773202567284,0.6823627117834346,49.999278429531785,49.99958884680636
17460.0,1.2428220741397749,0.9649477933465954,0.6799416606894774,49.999313811855664,49.99960915146559
17520.0,1.239099266700271,0.9619298661194103,0.6775295022908865,49.999347491152115,49.99962847040118
17580.0,1.2353909600475796,0.958923495963261,0.6751262077592936,49.99937954994089,49.9996468518746
17640.0,1.2316970892631052,0.9559286404383184,0.6727317487095893,49.99941007856264,49.99966435408809
17700.0,1.2280175915599068,0.9529452571743761,0.6703460957133753,49.99943913886764,49.999681007734104
17760.0,1.2243524040353335,0.9499733039665353,0.6679692196871768,49.99946679812507,49.99969685096849
17820.0,1.2207014643270844,0.9470127387472741,0.6656010914871895,49.999493119124054,49.99971191920098
17880.0,1.2170647106132082,0.9440635195864426,0.6632416819092795,49.99951816017367,49.99972624509519
17940.0,1.2134420802981958,0.941125604731154,0.6608909624844131,49.99954199712509,49.99973987716815
18000.0,1.2098335118081076,0.9381989525512873,0.658548904391901,49.99956469328384,49.99975285437871
18060.0,1.206238945241716,0.9352835215197227,0.656215478065201,49.999586288496104,49.999765196909955
18120.0,1.2026583204963108,0.9323792702692356,0.6538906543265416,49.999606830561746,49.99977693270017
18180.0,1.1990915779677414,0.9294861575712421,0.6515744039631212,49.999626363501,49.999788087533126
18240.0,1.1955386585504169,0.9266041423358052,0.6492666977271081,49.99964492755452,49.999798685038016
18300.0,1.1919995009598503,0.9237331836547064,0.6469675078044529,49.99966261143085,49.999808776392776
18360.0,1.1884740477151507,0.9208732407051978,0.6446768045329829,49.99967943556489,49.99981837395526
18420.0,1.1849622409207865,0.9180242728178686,0.6423945587164638,49.999695434432034,49.999827498059666
18480.0,1.1814640229298703,0.9151862394659691,0.640120741260731,49.999710643604864,49.99983616965819
18540.0,1.1779793365449922,0.9123591002621869,0.637855323063516,49.999725095834144,49.99984440809298
18600.0,1.1745081245047917,0.9095428149584692,0.6355982752615812,49.9997388301972,49.999852235667404
18660.0,1.171050328464568,0.90673734344569,0.6333495697213972,49.99975191026162,49.999859686722
18720.0,1.1676058933438382,0.9039426457550895,0.6311091769464726,49.99976434661949,49.99986676892663
18780.0,1.164174763293918,0.9011586820569367,0.6288770680183342,49.999776168737974,49.99987349918259
18840.0,1.1607568828717427,0.8983854126609218,0.6266532140315149,49.99978740404384,49.99987989317159
18900.0,1.1573521970398697,0.8956227980161519,0.6244375860935533,49.99979807792351,49.99988596535577
18960.0,1.1539606502730257,0.8928707986948042,0.6222301557076709,49.99980822533112,49.99989173602565
19020.0,1.1505821876096114,0.8901293754113717,0.6200308943223992,49.99981787712698,49.9998972230054
19080.0,1.1472167552700692,0.8873984890339671,0.617839773066724,49.999827052043365,49.99990243677487
19140.0,1.1438642993305597,0.8846781005600616,0.6156567633181673,49.99983577391678,49.99990739093222
19200.0,1.1405247661865257,0.8819681711249673,0.6134818365042376,49.999844065665116,49.999912098537145
19260.0,1.1371981025464828,0.8792686620017205,0.6113149641050886,49.99985194936829,49.999916572159805
19320.0,1.1338842558244764,0.8765795345822105,0.6091561174431603,49.999859436928496,49.99992081962464
19380.0,1.1305831732420766,0.8739007504190301,0.607005268162351,49.99986655122402,49.99992485368988
19440.0,1.1272948024566871,0.8712322711955037,0.6048623878916352,49.99987331119621,49.99992868524436
19500.0,1.124019091459264,0.8685740587300924,0.6027274482990576,49.99987973420043,49.999932324393974
19560.0,1.120755988535822,0.8659260749778055,0.6006004211116431,49.99988583684954,49.99993578085928
19620.0,1.1175054422620136,0.8632882820300438,0.5984812781176354,49.999891635076025,49.99993906401602
19680.0,1.1142674015097445,0.8606606421121481,0.5963699911596789,49.99989714395438,49.99994218267005
19740.0,1.1110418155943362,0.8580431175540124,0.5942665320222559,49.999902374725934,49.99994514173226
19800.0,1.1078286338593344,0.8554356708684396,0.5921708727422311,49.999907343017696,49.999947951297536
19860.0,1.1046278060194124,0.8528382646842583,0.5900829853490162,49.99991206197071,49.999950619002085
19920.0,1.1014392820570045,0.8502508617649382,0.5880028419404997,49.999916544251846,49.99995315222434
19980.0,1.0982630122172183,0.8476734250083738,0.5859304146850365,49.99992080210918,49.9999555581181
20040.0,1.0950989470027468,0.8451059174466684,0.5838656758234344,49.99992484742744,49.99995784364564
20100.0,1.0919470372820363,0.8425483022393371,0.5818085976064264,49.99992869005194,49.99996001429114
20160.0,1.0888072344394213,0.840000542664058,0.5797591522082362,49.99993233547099,49.99996207228506
20220.0,1.0856794895731665,0.8374626021628143,0.5777173121825032,49.999935797053915,49.99996402592287
20280.0,1.082563754263743,0.8349344442966934,0.575683050023724,49.99993908428325,49.99996588058651
20340.0,1.0794599803383653,0.832416032759072,0.5736563383004722,49.99994220633212,49.99996764146195
20400.0,1.0763681198668222,0.8299073313753503,0.5716371496568646,49.999945172105654,49.99996931356164
20460.0,1.0732881251573068,0.8274083041026814,0.569625456814025,49.99994799028235,49.99997090174697
20520.0,1.0702199489200026,0.8249189150206718,0.5676212324766383,49.99995066616552,49.999972409210365
20580.0,1.0671635441441916,0.8224391283375069,0.5656244494015851,49.999953203982216,49.99997383858787
20640.0,1.064118863747038,0.8199689084083729,0.5636350805957547,49.999955613523944,49.999975195167934
20700.0,1.0610858610324674,0.8175082197102514,0.5616530990555318,49.999957901382885,49.999976482662376
20760.0,1.0580644895342246,0.8150570268498777,0.559678477854694,49.99996007389836,49.999977704631505
20820.0,1.0550547030124673,0.8126152945634377,0.5577111901454461,49.99996213718368,49.99997886449952
20880.0,1.0520564554503582,0.8101829877162497,0.5557512091594531,49.99996409715306,49.999979965569956
20940.0,1.049069701191161,0.8077600712925657,0.5537985081338704,49.99996595699389,49.99998100997838
21000.0,1.0460943947123076,0.8053465104109337,0.551853060431166,49.99996772123955,49.999982000390965
21060.0,1.0431304906257768,0.8029422703236271,0.5499148395381344,49.99996939572751,49.999982939991305
21120.0,1.0401779438211904,0.8005473164060111,0.5479838189887212,49.99997098496246,49.999983831387695
21180.0,1.037236709401138,0.798161614160554,0.5460599723977645,49.99997249325718,49.99998467709198
21240.0,1.0343067426781996,0.7957851292164824,0.5441432734617989,49.99997392475164,49.99998547953178
21300.0,1.0313879991719663,0.7934178273294449,0.5422336959598588,49.999975283432065,49.99998624106261
21360.0,1.0284804347469798,0.7910596743708513,0.5403312136851831,49.99997657185778,49.99998696272933
21420.0,1.0255840053183272,0.7887106363488807,0.5384358005889254,49.999977793852715,49.999987646865065
21480.0,1.0226986670159097,0.7863706793958928,0.536547430698946,49.999978952990816,49.99998829561887
21540.0,1.0198243761943275,0.7840397697671442,0.534666078114309,49.99998005249716,49.99998891085377
21600.0,1.016961089405532,0.7817178738422343,0.5327917170180363,49.9999810954905,49.999989494375235
21660.0,1.014108763396167,0.7794049581247482,0.5309243216777557,49.9999820849994,49.99999004794054
21720.0,1.0112673551049083,0.7771009892418834,0.5290638664463488,49.99998302397844,49.999990573268136
21780.0,1.0084368220427917,0.7748059339258806,0.5272103255707186,49.99998391132399,49.99999106917066
21840.0,1.0056171213146468,0.772519759060079,0.5253636736813789,49.99998475208381,49.99999153889363
21900.0,1.0028082104528506,0.770242431638764,0.5235238853740489,49.99998554873684,49.99999198384311
21960.0,1.000010047178028,0.7679739187780671,0.5216909353288608,49.999986303680984,49.99999240537228
22020.0,0.9972225893938169,0.7657141877157229,0.5198647983122984,49.99998701927627,49.9999928048102
22080.0,0.9944457951844042,0.7634632058106967,0.5180454491777472,49.99998769785889,49.99999318346961
22140.0,0.9916796228120612,0.7612209405428151,0.5162328628660451,49.99998834175537,49.99999354265491
22200.0,0.9889240307146802,0.7589873595123926,0.5144270144060324,49.99998895329663,49.99999388367
22260.0,0.9861789775033089,0.7567624304398601,0.5126278789151023,49.99998953483214,49.999994207826184
22320.0,0.9834444223475938,0.7545461211502955,0.5108354314121119,49.99999008417146,49.99999451395708
22380.0,0.9807203244118965,0.7523383995949025,0.5090496470895038,49.99999060121625,49.99999480203461
22440.0,0.9780066426059951,0.7501392338602499,0.5072705014332558,49.99999109088402,49.99999507476329
22500.0,0.9753033362895263,0.7479485921403817,0.5054979698814847,49.999991554789396,49.99999533304497
22560.0,0.9726103649917271,0.7457664427472575,0.5037320279593711,49.999991994532756,49.99999557777202
22620.0,0.969927688409381,0.7435927541103693,0.5019726512795127,49.999992411709584,49.999995809832605
22680.0,0.9672552664047612,0.741427494776348,0.5002198155422762,49.99999280791974,49.999996030115966
22740.0,0.9645930590035754,0.7392706334085805,0.4984734965361506,49.999993184776734,49.999996239517685
22800.0,0.9619410263929101,0.7371221387868209,0.4967336701380991,49.99999354391709,49.99999643894493
22860.0,0.959299128966472,0.7349819798052714,0.4950003122925039,49.99999388652271,49.99999662905983
22920.0,0.9566673280422063,0.7328501254489437,0.49327339868575965,49.999994205921766,49.999996806299215
22980.0,0.9540455838129137,0.7307265448594276,0.49155290567334353,49.999994508673474,49.99999697421784
23040.0,0.9514338571744436,0.7286112072753582,0.48983880945171077,49.999994795736534,49.99999713335785
23100.0,0.9488321091831193,0.7265040820494963,0.4881310863033117,49.99999506804266,49.999997284247435
23160.0,0.946240301054129,0.7244051386483275,0.48642971259674267,49.99999532650122,49.9999974274036
23220.0,0.9436583941599166,0.7223143466516607,0.4847346647868963,49.99999557200399,49.99999756333498
23280.0,0.9410863500285722,0.7202316757522194,0.48304591941511205,49.999995805429826,49.9999976925446
23340.0,0.9385241303422239,0.7181570957552509,0.481363453109327,49.999996027649374,49.99999781553272
23400.0,0.935971696935428,0.7160905765781127,0.47968724258422607,49.999996239529786,49.999997932799566
23460.0,0.9334290121306855,0.7140320882438577,0.4780172645017762,49.999996439721414,49.99999804350514
23520.0,0.9308960381515214,0.7119816008912816,0.4763534957137767,49.99999662851337,49.999998147803744
23580.0,0.9283727371557599,0.7099390847739001,0.47469591324756355,49.99999680760868,49.99999824670782
23640.0,0.9258590716325475,0.7079045102524273,0.47304449414106997,49.99999697750637,49.99999834050267
23700.0,0.9233550042220154,0.7058778477975642,0.4713992155169962,49.999997138682055,49.99999842946126
23760.0,0.9208604977139765,0.7038590679895904,0.46976005458283293,49.99999729159059,49.9999985138458
23820.0,0.918375515046623,0.7018481415179596,0.4681269886308847,49.99999743666877,49.99999859390932
23880.0,0.915900019305224,0.6998450391808914,0.46649999503829365,49.99999757433805,49.99999866989723
23940.0,0.9134339737208232,0.6978497318849601,0.46487905126706314,49.99999770500717,49.999998742048916
24000.0,0.9109773417079631,0.6958621906451803,0.4632641348504357,49.99999782898052,49.99999881052553
24060.0,0.9085300870628079,0.6938823865870918,0.4616552233231908,49.99999794597874,49.999998875034734
24120.0,0.9060921732819497,0.6919102909378466,0.46005229445938267,49.999998056784996,49.99999893611706
24180.0,0.903663564198614,0.6899458750337776,0.45845532604946815,49.99999816170652,49.99999899394278
24240.0,0.9012442237888643,0.6879891103175824,0.4568642959676328,49.99999826104263,49.999999048677225
24300.0,0.8988341161704674,0.686039968337917,0.45527918217175545,49.99999835508701,49.99999910048206
24360.0,0.8964332056017629,0.6840984207489931,0.4536999627033723,49.99999844413,49.999999149516505
24420.0,0.8940414564805285,0.6821644393101691,0.45212661568764106,49.999998528460864,49.99999919593862
24480.0,0.8916588333428487,0.6802379958855481,0.45055911933330534,49.99999860837004,49.999999239906515
24540.0,0.889285300861981,0.6783190624435701,0.44899745193265866,49.99999868415145,49.999999281579655
24600.0,0.8869208240128551,0.6764076110620131,0.44744159180870263,49.99999875544342,49.9999993207814
24660.0,0.8845653677459598,0.6745036139169824,0.4458915174187205,49.99999882252853,49.999999357664755
24720.0,0.8822188970991794,0.6726070432861904,0.444347207318225,49.999998885884864,49.99999939248266
24780.0,0.8798813773096079,0.6707178715522376,0.44280864012491294,49.99999894573725,49.999999425358254
24840.0,0.8775527737487022,0.6688360712001313,0.44127579453894245,49.99999900231397,49.99999945641645
24900.0,0.8752330519212821,0.6669616148168799,0.4397486493428551,49.999999055848534,49.999999485784876
24960.0,0.8729221774645292,0.6650944750910922,0.4382271834014982,49.99999910658134,49.99999951359488
25020.0,0.8706201161469863,0.6632346248125809,0.4367113756619465,49.999999154761525,49.99999953998251
25080.0,0.8683268338675572,0.6613820368719558,0.43520120515342475,49.999999200648624,49.99999956508949
25140.0,0.866042296711048,0.6595366842619452,0.4336966509678651,49.99999924416636,49.999999588879696
25200.0,0.8637664710571905,0.6576985400803347,0.4321976922221499,49.999999284227236,49.99999961078116
25260.0,0.8614993230452077,0.6558675775133301,0.4307043082410613,49.99999932202352,49.99999963143085
25320.0,0.8592408191122114,0.6540437698515439,0.42921647837247545,49.99999935770921,49.99999965091568
25380.0,0.8569909258234912,0.6522270904844685,0.4277341820450629,49.99999939144009,49.99999966932392
25440.0,0.8547496098716411,0.6504175129000789,0.4262573987681672,49.99999942337475,49.999999686745774
25500.0,0.8525168380756851,0.648615010684437,0.4247861081316835,49.999999453675514,49.999999703274
25560.0,0.8502925773802045,0.6468195575212915,0.4233202898059371,49.99999948250939,49.999999719004414
25620.0,0.8480767948544631,0.6450311271916837,0.4218599235415625,49.99999951004909,49.9999997340365
25680.0,0.8458694576915347,0.6432496935735478,0.4204049891693813,49.99999953647396,49.99999974847395
25740.0,0.8436705332667448,0.6414752306438575,0.41895546658154587,49.99999956168487,49.9999997622539
25800.0,0.8414799892522161,0.6397077124831728,0.4175113356949612,49.999999584748544,49.99999977481415
25860.0,0.83929779305535,0.6379471132512201,0.41607257662824937,49.999999606602444,49.99999978671309
25920.0,0.8371239123838061,0.6361934072107414,0.4146391695228974,49.999999627326666,49.999999797995855
25980.0,0.834958315067644,0.634446568719514,0.4132110945990383,49.999999646998525,49.999999808706065
26040.0,0.8328009690585824,0.6327065722299563,0.4117883321552877,49.99999966569284,49.999999818886046
26100.0,0.8306518424292588,0.6309733922887408,0.41037086256858024,49.99999968348231,49.99999982857701
26160.0,0.8285109033724894,0.6292470035363992,0.4089586662940065,49.99999970043775,49.99999983781921
26220.0,0.8263781202005278,0.6275273807069319,0.4075517238646491,49.999999716628516,49.99999984665214
26280.0,0.8242534613443253,0.6258144986274166,0.4061500158914196,49.99999973212276,49.99999985511473
26340.0,0.8221368953964672,0.6241083322213203,0.40475352305228607,49.9999997469103,49.99999986319682
26400.0,0.8200283911954211,0.6224088565153162,0.4033622260714671,49.99999976075222,49.9999998707446
26460.0,0.817927917411967,0.6207160466038819,0.4019761058195398,49.99999977391339,49.99999987792102
26520.0,0.815835442965121,0.6190298776842414,0.40059514321207323,49.999999786423764,49.99999988474146
26580.0,0.8137509368910731,0.6173503250449249,0.3992193192411189,49.99999979830988,49.99999989121922
26640.0,0.8116743683425448,0.6156773640653834,0.39784861497502333,49.999999809594996,49.99999989736556
26700.0,0.8096057065881458,0.6140109702156045,0.39648301155824095,49.999999820299216,49.99999990318983
26760.0,0.8075449210117327,0.612351119055732,0.39512249021114665,49.99999983043968,49.99999990869947
26820.0,0.805491981111766,0.6106977862356817,0.39376703222984855,49.999999840030675,49.99999991390015
26880.0,0.8034468565006678,0.6090509474947564,0.39241661898600094,49.99999984908382,49.99999991879579
26940.0,0.8014095169306089,0.6074105786656172,0.39107123192301085,49.99999985763815,49.99999992341275
27000.0,0.7993799323442926,0.6057766556823686,0.3897308525488349,49.99999986581859,49.99999992784675
27060.0,0.7973580726245088,0.6041491545390371,0.38839546246987294,49.99999987355286,49.99999993203532
27120.0,0.7953439078456157,0.6025280513307092,0.38706504335638314,49.999999880857516,49.99999993598764
27180.0,0.7933374081940399,0.6009133222401603,0.3857395769530534,49.99999988774866,49.999999939712694
27240.0,0.7913385439676927,0.5993049435374834,0.38441904507880603,49.99999989424216,49.999999943219464
27300.0,0.7893472855753871,0.5977028915797127,0.3831034296266024,49.99999990035387,49.99999994651701
27360.0,0.7873636035362552,0.5961071428104517,0.38179271256324737,49.99999990609987,49.999999949614626
27420.0,0.7853874684791647,0.5945176737595015,0.38048687592919433,49.99999991149664,49.99999995252195
27480.0,0.7834188511421359,0.5929344610424832,0.37918590183834944,49.9999999165613,49.999999955249095
27540.0,0.7814577223919248,0.5913574813648111,0.3778897724768789,49.99999992130626,49.99999995780222
27600.0,0.7795040532626794,0.5897867115297664,0.37659847010107234,49.99999992572865,49.99999996017467
27660.0,0.7775578147647518,0.5882221283970829,0.37531197704657643,49.99999992986303,49.99999996239051
27720.0,0.7756189780764909,0.5866637089239943,0.3740302757186829,49.99999993372861,49.999999964460876
27780.0,0.7736875144834889,0.5851114301519066,0.3727533485951099,49.99999993734605,49.99999996639779
27840.0,0.7717633953780434,0.5835652692060338,0.3714811782258042,49.99999994073763,49.99999996821426
27900.0,0.76984659225862,0.5820252032950369,0.37021374723274353,49.99999994392752,49.99999996992445
27960.0,0.767937076729314,0.5804912097106564,0.3689510383097394,49.99999994694192,49.99999997154373
28020.0,0.7660348204993133,0.5789632658273497,0.36769303422223887,49.99999994980929,49.99999997308884
28080.0,0.7641397953823602,0.5774413491019275,0.3664397178071274,49.99999995256057,49.99999997457799
28140.0,0.7622519733168001,0.5759254370773758,0.3651910719707046,49.99999995517136,49.99999997599505
28200.0,0.7603713264051022,0.5744155073906299,0.3639470796849328,49.99999995744934,49.999999977219844
28260.0,0.7584978267187406,0.5729115377326701,0.36270772400450235,49.999999959582496,49.999999978367605
28320.0,0.7566314464940452,0.5714135058880664,0.3614729880492108,49.999999961586205,49.99999997944661
28380.0,0.7547721580702386,0.5699213897221332,0.36024285500921477,49.999999963476434,49.9999999804654
28440.0,0.7529199338889438,0.5684351671805761,0.35901730814482813,49.9999999652698,49.99999998143277
28500.0,0.751074746493694,0.5669548162891338,0.3577963307863205,49.99999996698368,49.999999982357906
28560.0,0.7492365685294397,0.5654803151532283,0.3565799063337155,49.99999996863625,49.99999998325034
28620.0,0.7474053727420579,0.564011641957607,0.3553680182565889,49.999999970246584,49.99999998412004
28680.0,0.7455811319778606,0.5625487749659903,0.35416065009386705,49.99999997183471,49.99999998497738
28740.0,0.7437638192022822,0.5610916925249507,0.35295778545213763,49.999999973379346,49.99999998581122
28800.0,0.7419534075367078,0.5596403730717852,0.3517594080025542,49.999999974735566,49.99999998654601
28860.0,0.7401498700767025,0.5581947950941761,0.35056550149469207,49.99999997603515,49.99999998725012
28920.0,0.7383531800744834,0.5567549371701955,0.3493760497421584,49.999999977282656,49.999999987925676
28980.0,0.7365633108812006,0.5553207779553276,0.34819103662682793,49.999999978481874,49.999999988574324
29040.0,0.7347802359464906,0.5538922961821243,0.3470104460986383,49.99999997963577,49.99999998919723
29100.0,0.7330039288180258,0.5524694706598611,0.3458342621753846,49.99999998074651,49.999999989795064
29160.0,0.7312343631410675,0.5510522802741923,0.3446624689425148,49.99999998181539,49.99999999036799
29220.0,0.7294715126580168,0.549640703986804,0.3434950505529241,49.999999982842866,49.99999999091565
29280.0,0.7277153512079662,0.5482347208350714,0.34233199122675056,49.99999998382849,49.99999999143714
29340.0,0.7259658527410093,0.546834309936102,0.3411732752510199,49.99999998477656,49.99999999193627
29400.0,0.7242229913465095,0.5454394504949357,0.34001888697915,49.99999998570713,49.999999992431704
29460.0,0.7224867411131594,0.5440501217627065,0.33886881083215864,49.99999998660247,49.999999992907455
29520.0,0.7207570762693203,0.5426663030781743,0.3377230312970325,49.99999998746105,49.999999993362835
29580.0,0.7190339711385388,0.541287973854283,0.336581532926968,49.999999988280635,49.99999999379681
29640.0,0.7173174001391315,0.5399151135778248,0.3354443003411659,49.99999998905827,49.99999999420804
29700.0,0.7156073377837692,0.538547701809106,0.33431131822462606,49.99999998979025,49.9999999945948
29760.0,0.7139037586790621,0.5371857181816128,0.3331825713279419,49.99999999047216,49.99999999495505
29820.0,0.7122066375251445,0.5358291424016737,0.3320580444670951,49.99999999109883,49.999999995286394
29880.0,0.7105159491152588,0.534477954248128,0.33093772252325016,49.99999999166433,49.999999995586094
29940.0,0.708831668346373,0.5331321335764087,0.32982159044423864,49.99999999218174,49.999999995860556
30000.0,0.7071537702402301,0.5317916603268164,0.3287096332476409,49.999999992721605,49.99999999614376
30060.0,0.7054822298386635,0.5304565144823864,0.32760183600461246,49.999999993225074,49.999999996407645
30120.0,0.7038170223084204,0.529126676110738,0.3264981838557952,49.999999993692484,49.99999999665257
30180.0,0.7021581229078298,0.5278021253505459,0.3253986620060714,49.99999999412435,49.99999999687901
30240.0,0.7005055069864126,0.5264828424112149,0.32430325572436175,49.999999994521424,49.99999999708759
30300.0,0.6988591499844908,0.5251688075725545,0.323211950343424,49.99999999488472,49.9999999972791
30360.0,0.6972190274327967,0.5238600011844537,0.3221247312596513,49.99999999521553,49.99999999745447
30420.0,0.6955851149520826,0.5225564036665585,0.32104158393287063,49.99999999551551,49.99999999761489
30480.0,0.6939573882527305,0.5212579955079436,0.3199624938861411,49.99999999578666,49.99999999776174
30540.0,0.6923358231440864,0.5199647572711074,0.3188874467065352,49.99999999602974,49.99999999789471
30600.0,0.6907203955529952,0.5186766696000457,0.31781642804684873,49.99999999624116,49.99999999800808
30660.0,0.6891110814314843,0.5173937131791214,0.3167494236161124,49.99999999642842,49.99999999810894
30720.0,0.687507856849152,0.5161158687739242,0.3156864191887635,49.9999999965946,49.99999999819886
30780.0,0.6859106979637591,0.5148431172180656,0.3146274006015126,49.99999999674324,49.999999998279606
30840.0,0.684319581020859,0.5135754394128621,0.31357235375314413,49.99999999687835,49.9999999983532
30900.0,0.682734482353429,0.5123128163270194,0.31252126460431695,49.99999999700451,49.999999998421934
30960.0,0.6811553783815028,0.511055228996319,0.31147411917736506,49.999999997126835,49.999999998488335
31020.0,0.6795822456118,0.5098026585233012,0.31043090355609815,49.999999997251045,49.99999999855524
31080.0,0.6780150606373593,0.5085550860769515,0.30939160388560216,49.99999999738349,49.99999999862579
31140.0,0.6764538001466242,0.5073124928965954,0.30835620637280575,49.99999999751586,49.99999999869593
31200.0,0.6748984409414749,0.5060748602997872,0.30732469728777057,49.99999999759539,49.99999999873981
31260.0,0.6733489598474829,0.5048421696421643,0.3062970629562549,49.999999997669725,49.99999999878081
31320.0,0.671805333803749,0.5036144023573308,0.3052732897668188,49.999999997740794,49.99999999881987
31380.0,0.67026753983432,0.5023915399439681,0.3042533641683396,49.999999997810555,49.999999998857945
31440.0,0.6687355550478419,0.5011735639655295,0.3032372726698147,49.99999999788097,49.999999998896
31500.0,0.6672093566372115,0.4999604560499352,0.3022250018401637,49.99999999795403,49.999999998935
31560.0,0.6656889218792296,0.49875219788926506,0.30121653830803075,49.99999999803175,49.99999999897592
31620.0,0.6641742281342531,0.4975487712394545,0.3002118687615869,49.99999999811614,49.99999999901973
31680.0,0.6626652528458479,0.49635015791998616,0.29921097994833246,49.99999999820925,49.99999999906739
31740.0,0.6611619735491653,0.49515633981777785,0.2982138586751407,49.999999998307665,49.999999999117385
31800.0,0.659664367887571,0.49396729889502433,0.29722049180853083,49.9999999983919,49.999999999160856
31860.0,0.6581724135298364,0.4927830171492957,0.2962308662721861,49.99999999847799,49.999999999205144
31920.0,0.6566860882530184,0.4916034766531946,0.2952449690490614,49.99999999856542,49.99999999925002
31980.0,0.6552053699160805,0.4904286595415547,0.29426278718046456,49.999999998653415,49.99999999929516
32040.0,0.6537302364595645,0.4892585480111407,0.2932843077658592,49.99999999874088,49.99999999934006
32100.0,0.6522606659052633,0.4880931243203536,0.2923095179626676,49.99999999882647,49.9999999993841
32160.0,0.6507966363558926,0.4869323707889344,0.29133840498607355,49.99999999890848,49.9999999994265
32220.0,0.6493381259947626,0.48577626979766664,0.29037095610882535,49.9999999989849,49.999999999466326
32280.0,0.6478851130854512,0.48462480378807865,0.28940715866103867,49.99999999905339,49.99999999950248
32340.0,0.6464375759790238,0.483477955266364,0.2884470000301493,49.999999999117506,49.9999999995366
32400.0,0.6449954931283947,0.4823357068112749,0.2874904676610085,49.99999999919901,49.999999999578726
32460.0,0.643558843016649,0.4811980410340201,0.28653754905426654,49.99999999927832,49.999999999619774
32520.0,0.642127604228728,0.4800649406181451,0.28558823176760817,49.99999999935456,49.99999999965931
32580.0,0.6407017554285771,0.4789363883066708,0.2846425034151071,49.999999999426706,49.999999999696826
32640.0,0.6392812753588345,0.4778123669018058,0.2837003516670295,49.99999999949369,49.99999999973177
32700.0,0.6378661428405208,0.47669285926465826,0.2827617642496371,49.99999999955431,49.99999999976355
32760.0,0.636456336772728,0.4755778483149521,0.28182672894499045,49.999999999607276,49.999999999791505
32820.0,0.6350518361323083,0.4744673170307349,0.280895233590752,49.99999999965118,49.99999999981493
32880.0,0.6336526199735635,0.4733612484480973,0.2799672660799897,49.999999999684526,49.99999999983306
32940.0,0.6322586674345353,0.4722596256651124,0.279042814360565,49.999999999710205,49.99999999984731
33000.0,0.6308699577495392,0.4711624318497855,0.2781218664341302,49.999999999744205,49.999999999865686
33060.0,0.629486470186459,0.4700696501997697,0.2772044103598493,49.99999999977323,49.999999999881496
33120.0,0.6281081841094102,0.4689812639824473,0.27629043425024663,49.9999999997975,49.999999999894825
33180.0,0.6267350789587322,0.46789725652201614,0.27537992627224733,49.999999999817334,49.99999999990581
33240.0,0.6253671342506925,0.46681761119921295,0.2744728746469794,49.99999999983319,49.99999999991466
33300.0,0.6240043295771902,0.4657423114510353,0.2735692676495759,49.999999999845684,49.99999999992162
33360.0,0.6226466446054602,0.46467134077046635,0.2726690936089774,49.99999999985554,49.99999999992704
33420.0,0.6212940590777765,0.4636046827061921,0.27177234090773417,49.999999999863675,49.99999999993133
33480.0,0.6199465528111568,0.4625423208623302,0.2708789979818085,49.999999999871164,49.999999999934985
33540.0,0.6186041057031711,0.46148423890239837,0.26998905331948736,49.99999999987679,49.9999999999375
33600.0,0.6172666977435244,0.46043042055730926,0.2691024954594543,49.9999999998723,49.99999999993531
33660.0,0.615934308956058,0.4593808495849199,0.26821931299899837,49.99999999986562,49.99999999993192
33720.0,0.6146069194566928,0.458335509810299,0.2673394945853315,49.99999999985743,49.999999999927695
33780.0,0.6132845094349162,0.45729438511277043,0.26646302891804474,49.99999999984851,49.99999999992303
33840.0,0.6119670591535012,0.4562574594256418,0.26558990474890826,49.99999999983972,49.99999999991838
33900.0,0.6106545489482231,0.45522471673594,0.26472011088167197,49.999999999832056,49.99999999991426
33960.0,0.609346959227577,0.4541961410841399,0.26385363617186564,49.999999999826585,49.99999999991124
34020.0,0.608044270472496,0.45317171656390026,0.2629904695265992,49.999999999824496,49.99999999990995
34080.0,0.6067464632360682,0.45215142732179164,0.26213059990436305,49.99999999982712,49.9999999999111
34140.0,0.6054535181490508,0.45113525756133926,0.26127401631282093,49.9999999998324,49.9999999999136
34200.0,0.6041654159308656,0.45012319155113273,0.26042070780470417,49.99999999982824,49.99999999991112
34260.0,0.6028821373345332,0.4491152135838518,0.2595706634965854,49.999999999825185,49.99999999990921
34320.0,0.6016036632016831,0.44811130801708315,0.2587238725495293,49.99999999982341,49.99999999990797
34380.0,0.600329974444977,0.4471114592602041,0.25788032417488194,49.999999999823046,49.999999999907494
34440.0,0.5990610520478398,0.4461156517741213,0.25704000763406726,49.999999999824205,49.99999999990786
34500.0,0.5977968770641895,0.4451238700710155,0.2562029122383823,49.999999999826926,49.9999999999091
34560.0,0.5965374306181686,0.4441360987140811,0.2553690273487933,49.99999999983122,49.99999999991127
34620.0,0.595282693903874,0.44315232231726864,0.25453834237573114,49.99999999983705,49.99999999991436
34680.0,0.5940326481850882,0.4421725255450268,0.25371084677888744,49.99999999984432,49.99999999991835
34740.0,0.5927872748004313,0.44119669311646187,0.25288653006441647,49.999999999852996,49.999999999923176
34800.0,0.5915465551736409,0.4402248098136739,0.2520653817796839,49.999999999863356,49.99999999992859
34860.0,0.5903104707620589,0.43925686043974693,0.25124739153757825,49.9999999998748,49.99999999993459
34920.0,0.5890790031080823,0.43829282986063045,0.25043254899156314,49.99999999988705,49.99999999994103
34980.0,0.5878521338227165,0.4373327029917015,0.2496208438432125,49.99999999989975,49.99999999994772
35040.0,0.5866298445853191,0.43637646479751563,0.24881226584200017,49.99999999991246,49.999999999954426
35100.0,0.5854121171433414,0.4354241002915594,0.24800680478509005,49.999999999924704,49.9999999999609
35160.0,0.5841989333120724,0.43447559453599977,0.24720445051712603,49.99999999993591,49.99999999996682
35220.0,0.5829902749743806,0.43353093264144044,0.2464051929300219,49.999999999945416,49.999999999971834
35280.0,0.5817861240804575,0.4325900997666676,0.24560902196275128,49.99999999995251,49.99999999997556
35340.0,0.5805864626525361,0.43165308112298506,0.24481592759736487,49.99999999995828,49.999999999978584
35400.0,0.5793912727943177,0.43071986198287177,0.24402589985143913,49.9999999999694,49.999999999984496
35460.0,0.5782005366436779,0.4297904276364605,0.24323892881352596,49.999999999979956,49.99999999999011
35520.0,0.577014236419883,0.428864763434965,0.24245500460695166,49.999999999989775,49.999999999995325
35580.0,0.575832354408484,0.4279428547767718,0.24167411740086392,49.99999999999867,50.000000000000036
35640.0,0.5746548729610707,0.42702468710720176,0.24089625741001336,50.00000000000645,50.00000000000414
35700.0,0.5734817744950256,0.4261102459182703,0.24012141489453503,50.00000000001293,50.00000000000754
35760.0,0.5723130414932778,0.4251995167484539,0.2393495801597298,50.000000000017934,50.00000000001011
35820.0,0.5711486565040572,0.42429248518244644,0.23858074355584594,50.00000000002126,50.00000000001175
35880.0,0.5699886021406483,0.42338913685092494,0.23781489547786047,50.000000000022744,50.00000000001236
35940.0,0.5688328610857221,0.42248945743508537,0.2370520263609783,50.00000000002277,50.00000000001217
36000.0,0.5676814160999978,0.42159343267569016,0.2362921266720806,50.00000000002345,50.00000000001244
36060.0,0.5665342499787271,0.4207010483277133,0.23553518694998368,50.00000000002313,50.00000000001218
36120.0,0.5653913455951202,0.4198122902056389,0.23478119776436696,50.000000000021934,50.00000000001146
36180.0,0.5642526858864394,0.418927144168983,0.23403014972833258,50.00000000002,50.00000000001035
36240.0,0.5631182538537645,0.4180455961220628,0.2332820334981771,50.00000000001752,50.000000000008974
36300.0,0.5619880325617561,0.41716763201377177,0.23253683977316345,50.00000000001473,50.00000000000744
36360.0,0.5608620051384208,0.41629323783735006,0.2317945592952927,50.00000000001189,50.00000000000591
36420.0,0.559740154774874,0.41542239963016053,0.23105518284907597,50.00000000000932,50.000000000004555
36480.0,0.558622464725106,0.4145551034734577,0.23031870126130644,50.000000000007404,50.00000000000358
36540.0,0.5575089183100249,0.4136913354971683,0.2295851053953833,50.00000000000563,50.00000000000271
36600.0,0.5563994989255516,0.41283108188940504,0.22885438614048376,50.000000000000895,50.0000000000002
36660.0,0.555294190001924,0.4119743288489226,0.22812653446282458,49.99999999999605,49.99999999999764
36720.0,0.5541929750442965,0.41112106263264736,0.22740154135346582,49.999999999991246,49.99999999999512
36780.0,0.5530958376197321,0.4102712695405107,0.226679397844337,49.99999999998665,49.99999999999272
36840.0,0.5520027613569765,0.4094249359152348,0.22596009500799683,49.99999999998244,49.999999999990536
36900.0,0.5509137299462312,0.4085820481421165,0.22524362395739272,49.999999999978826,49.99999999998868
36960.0,0.5498287271389283,0.4077425926488112,0.2245299758456206,49.99999999997601,49.99999999998726
37020.0,0.5487477367475035,0.4069065559051152,0.2238191418656843,49.99999999997423,49.9999999999864
37080.0,0.5476707426451706,0.40607392442275153,0.22311111325025532,49.999999999973724,49.99999999998622
37140.0,0.5465977287697326,0.40524468476043585,0.22240588126515243,49.99999999997408,49.999999999986514
37200.0,0.5455286791312131,0.4044188235339399,0.2217034371968814,49.9999999999729,49.999999999985974
37260.0,0.5444635777734647,0.40359632736594386,0.22100377241175237,49.99999999997222,49.9999999999857
37320.0,0.5434024088124627,0.4027771829362155,0.22030687829573029,49.99999999997202,49.999999999985675
37380.0,0.5423451564240309,0.4019613769656302,0.2196127462729326,49.99999999997228,49.99999999998589
37440.0,0.5412918048436243,0.40114889621597194,0.21892136780537486,49.999999999972964,49.99999999998631
37500.0,0.5402423383661121,0.40033972748972146,0.2182327343927163,49.99999999997401,49.9999999999869
37560.0,0.5391967413455613,0.39953385762985877,0.21754683757200513,49.99999999997533,49.999999999987615
37620.0,0.5381549981950182,0.3987312735196549,0.2168636689174244,49.99999999997683,49.9999999999884
37680.0,0.5371170933862927,0.39793196208246856,0.21618322004003718,49.99999999997838,49.999999999989164
37740.0,0.5360830114535297,0.3971359102871416,0.21550548258076865,49.99999999998011,49.99999999999002
37800.0,0.5350527370003655,0.3963431051586859,0.21483044819699054,49.999999999982975,49.999999999991516
37860.0,0.5340262546638954,0.39555353372516755,0.2141581086261958,49.99999999998605,49.99999999999311
37920.0,0.5330035491506044,0.3947671830709068,0.2134884556212211,49.999999999989235,49.999999999994756
37980.0,0.5319846052248444,0.39398404031956974,0.21282148097017353,49.999999999992426,49.9999999999964
38040.0,0.530969407708625,0.3932040926339769,0.21215717649616103,49.99999999999551,49.999999999997975
38100.0,0.5299579414814055,0.3924273272159124,0.21149553405702257,49.99999999999833,49.99999999999941
38160.0,0.5289501914798862,0.391653731305931,0.21083654554505865,50.00000000000075,50.000000000000625
38220.0,0.5279461426977993,0.39088329218316714,0.21018020288676156,50.0000000000026,50.000000000001535
38280.0,0.526945780185701,0.3901159971651438,0.20952649804254572,50.00000000000368,50.00000000000204
38340.0,0.5259490890542924,0.3893518336135223,0.2088754229990305,50.00000000000429,50.0000000000023
38400.0,0.5249560544810781,0.38859078894547505,0.20822696975427885,50.0000000000062,50.00000000000323
38460.0,0.523966661676798,0.38783285057732486,0.20758113038792053,50.00000000000787,50.000000000004036
38520.0,0.5229808959188884,0.3870780059810429,0.20693789698983567,50.00000000000927,50.000000000004704
38580.0,0.5219987425407429,0.3863262426663276,0.20629726168210666,50.000000000010395,50.00000000000523
38640.0,0.521020186931511,0.38557754818042517,0.20565921661873196,50.00000000001122,50.00000000000561
38700.0,0.5200452145358978,0.38483191010795015,0.20502375398533956,50.00000000001174,50.00000000000584
38760.0,0.5190738108539636,0.3840893160707095,0.20439086599890063,50.00000000001194,50.00000000000592
38820.0,0.5181059614409229,0.38334975372752317,0.20376054490744316,50.00000000001183,50.000000000005855
38880.0,0.5171416519069438,0.3826132107740449,0.20313278298976561,50.000000000011426,50.00000000000566
38940.0,0.5161808679202377,0.38187967494888575,0.20250757254772817,50.00000000001075,50.00000000000534
39000.0,0.5152235952132601,0.38114913404569406,0.20188490589152416,50.00000000000983,50.00000000000486
39060.0,0.5142698195514133,0.38042157585342906,0.20126477540954701,50.0000000000087,50.00000000000428
39120.0,0.5133195267642309,0.379696988216283,0.20064717349729871,50.00000000000741,50.00000000000362
39180.0,0.5123727027353616,0.3789753590147065,0.2000320925792495,50.00000000000601,50.000000000002906
39240.0,0.5114293334023752,0.3782566761652435,0.19941952510853492,50.00000000000458,50.00000000000218
39300.0,0.5104894047565692,0.3775409276203664,0.19880946356665258,50.00000000000319,50.000000000001485
39360.0,0.5095529028427764,0.3768281013683127,0.1982019004631593,50.00000000000193,50.00000000000086
39420.0,0.5086198137591705,0.3761181854329205,0.19759682833536793,50.00000000000091,50.00000000000037
39480.0,0.5076901236570736,0.37541116787346557,0.19699423974804434,50.00000000000024,50.00000000000006
39540.0,0.506763818743849,0.37470703679114864,0.19639412728588937,49.99999999999976,49.999999999999844
39600.0,0.5058408852887131,0.37400578034187887,0.19579648353919663,49.99999999999841,49.99999999999919
39660.0,0.5049213095933718,0.37330738667322255,0.19520130117174428,49.99999999999713,49.99999999999857
39720.0,0.5040050780212685,0.37261184398770947,0.19460857285166355,49.99999999999594,49.999999999997996
39780.0,0.5030921769881826,0.3719191405228187,0.19401829127266362,49.99999999999489,49.99999999999749
39840.0,0.5021825929620429,0.37122926455082633,0.1934304491537122,49.999999999994,49.99999999999706
39900.0,0.5012763124627414,0.37054220437865776,0.1928450392387164,49.9999999999933,49.99999999999672
39960.0,0.5003733220619467,0.36985794834773983,0.1922620542962035,49.99999999999283,49.99999999999649
40020.0,0.49947360838291827,0.3691764848338486,0.19168148711900157,49.99999999999261,49.999999999996376
40080.0,0.49857715810031944,0.36849780224696316,0.19110333052392028,49.99999999999269,49.99999999999639
40140.0,0.4976839579429351,0.3678218890380962,0.19052757734502845,49.99999999999299,49.99999999999652
40200.0,0.4967939946991348,0.3671487337127308,0.18995422042087506,49.99999999999313,49.9999999999966
40260.0,0.49590725518924306,0.3664783247646801,0.18938325265469244,49.99999999999341,49.99999999999674
40320.0,0.49502372629305125,0.3658106507425441,0.18881466695299234,49.999999999993825,49.99999999999694
40380.0,0.49414339494096826,0.36514570022872467,0.18824845624435246,49.99999999999433,49.99999999999719
40440.0,0.4932662481138404,0.3644834618392951,0.18768461347908283,49.99999999999491,49.99999999999748
40500.0,0.4923922728427717,0.36382392422386484,0.1871231316288921,49.99999999999553,49.99999999999778
40560.0,0.49152145620894416,0.36316707606544707,0.18656400368655401,49.999999999996135,49.99999999999808
40620.0,0.49065378534343773,0.36251290608032455,0.18600722266557373,49.999999999996675,49.99999999999835
40680.0,0.4897892474270507,0.36186140301791647,0.18545278159985412,49.99999999999711,49.999999999998565
40740.0,0.48892782969284604,0.36121255566790267,0.18490067353830553,49.99999999999749,49.99999999999876
40800.0,0.4880695194312763,0.36056635287422023,0.18435089153467216,49.999999999998344,49.999999999999176
40860.0,0.48721430396423615,0.35992278346630835,0.18380342869499475,49.9999999999992,49.9999999999996
40920.0,0.4863621706708896,0.3592818363282334,0.18325827812903667,50.000000000000036,50.000000000000014
40980.0,0.4855131069793558,0.358643500376891,0.18271543296503878,50.00000000000083,50.000000000000405
41040.0,0.4846671003665355,0.3580077645618907,0.1821748863493742,50.000000000001556,50.00000000000076
41100.0,0.48382413835793714,0.35737461786543806,0.18163663144620357,50.000000000002174,50.000000000001066
41160.0,0.4829842085275034,0.3567440493022176,0.1811006614371299,50.000000000002665,50.00000000000131
41220.0,0.4821472984974373,0.3561160479192751,0.18056696952085366,50.00000000000298,50.000000000001464
41280.0,0.48131339593802863,0.3554906027959009,0.1800355489128277,50.00000000000309,50.00000000000152
41340.0,0.48048248857003595,0.35486770305096826,0.17950639284197198,50.000000000003055,50.00000000000151
41400.0,0.4796545641694859,0.3542473378573193,0.17897949454460677,50.00000000000326,50.00000000000161
41460.0,0.4788296105433432,0.3536294963711895,0.1784548472919004,50.00000000000338,50.00000000000168
41520.0,0.47800761555371785,0.3530141678032039,0.17793244436147343,50.000000000003425,50.0000000000017
41580.0,0.47718856711006535,0.35240134139601864,0.17741227904582724,50.000000000003396,50.000000000001684
41640.0,0.4763724531690193,0.3517910064242192,0.1768943446519925,50.000000000003304,50.00000000000164
41700.0,0.4755592617342231,0.35118315219421936,0.17637863450117744,50.00000000000316,50.00000000000157
41760.0,0.4747489808561618,0.3505777680441622,0.17586514192841649,50.00000000000298,50.00000000000148
41820.0,0.4739415986319947,0.34997484334381923,0.17535386028221842,50.00000000000278,50.00000000000138
41880.0,0.473137103205387,0.34937436749448875,0.174844782924215,50.00000000000258,50.000000000001286
41940.0,0.47233548276874276,0.34877632993643104,0.17433790322856507,50.00000000000235,50.00000000000117
42000.0,0.4715367255677088,0.3481807201634282,0.17383321458112808,50.00000000000193,50.000000000000966
42060.0,0.470740819878314,0.3475875276514697,0.17333071038141987,50.000000000001485,50.000000000000746
42120.0,0.4699477540297049,0.34699674193052704,0.17283038403993217,50.000000000001016,50.00000000000052
42180.0,0.46915751639681386,0.3464083525619726,0.17233222897850956,50.000000000000554,50.00000000000029
42240.0,0.4683700954001969,0.345822349138497,0.17183623862999708,50.00000000000011,50.00000000000007
42300.0,0.46758547950587076,0.3452387212840239,0.17134240643788845,49.99999999999971,49.99999999999987
42360.0,0.4668036572251506,0.3446574586536274,0.17085072585597352,49.99999999999937,49.9999999999997
42420.0,0.4660246171144873,0.3440785509334483,0.17036119034798652,49.99999999999912,49.99999999999958
42480.0,0.4652483477753049,0.3435019878406103,0.1698737933872536,49.99999999999899,49.99999999999951
42540.0,0.46447483785610166,0.34292775913060203,0.16938852845956268,49.99999999999894,49.99999999999948
42600.0,0.46370407605669217,0.3423558546117188,0.16890538906907984,49.999999999998685,49.99999999999936
42660.0,0.4629360511066496,0.3417862640744208,0.16842436870754665,49.99999999999847,49.99999999999925
42720.0,0.46217075178673694,0.3412189773624628,0.16794546088466158,49.999999999998295,49.99999999999916
42780.0,0.46140816692199066,0.3406539843505378,0.16746865911811523,49.99999999999817,49.99999999999909
42840.0,0.46064828538156294,0.34009127494420865,0.1669939569332453,49.999999999998074,49.99999999999905
42900.0,0.4598910960785642,0.33953083907984305,0.16652134786269182,49.99999999999803,49.99999999999902
42960.0,0.45913658796990603,0.3389726667245455,0.16605082544605204,49.999999999998025,49.99999999999902
43020.0,0.45838475005614315,0.3384167478760912,0.16558238322953586,49.99999999999807,49.999999999999034
43080.0,0.45763557138131633,0.3378630725628581,0.16511601476562054,49.99999999999814,49.99999999999907
43140.0,0.45688904103493333,0.3373116308509783,0.16465171361990108,49.99999999999825,49.999999999999126
43200.0,0.4561451481559726,0.3367624128583158,0.1641894733847453,49.999999999998415,49.999999999999204
43260.0,0.45540388191251285,0.3362154086861812,0.1637292876109435,49.99999999999861,49.9999999999993
43320.0,0.45466523152197624,0.3356706084881149,0.1632711498760009,49.99999999999882,49.9999999999994
43380.0,0.4539291862445903,0.3351280024482895,0.16281505376232458,49.99999999999905,49.99999999999951
43440.0,0.4531957353832348,0.3345875807814539,0.16236099285689484,49.999999999999275,49.99999999999962
43500.0,0.4524648682832898,0.3340493337328861,0.16190896075093636,49.999999999999496,49.99999999999974
43560.0,0.45173657433248215,0.3335132515783429,0.1614589510395895,49.999999999999694,49.99999999999983
43620.0,0.45101084296073346,0.3329793246240057,0.1610109573215815,49.99999999999986,49.999999999999915
43680.0,0.45028766364000705,0.3324475432064354,0.16056497319889793,49.99999999999996,49.999999999999964
43740.0,0.4495670258861776,0.33191789769928387,0.16012099228800847,50.000000000000036,50.0
43800.0,0.4488489192628136,0.331390378526419,0.15967900824202227,50.000000000000234,50.0000000000001
43860.0,0.44813333336191064,0.33086497609789706,0.15923901464114462,50.000000000000426,50.0000000000002
43920.0,0.4474202578230301,0.3303416808744825,0.15880100510257722,50.0000000000006,50.000000000000284
43980.0,0.44670968232711267,0.32982048334739894,0.1583649732457126,50.00000000000075,50.00000000000036
44040.0,0.4460015965963304,0.3293013740382972,0.15793091269183138,50.00000000000088,50.00000000000043
44100.0,0.4452959903939382,0.32878434349921754,0.15749881706379926,50.00000000000098,50.00000000000048
44160.0,0.44459285352412603,0.32826938231255504,0.15706867998576438,50.00000000000105,50.00000000000052
44220.0,0.4438921758318707,0.3277564810910245,0.15664049508285452,50.00000000000108,50.00000000000054
44280.0,0.44319394720278754,0.32724563047762417,0.15621425598087424,50.00000000000107,50.00000000000053
44340.0,0.44249815756489785,0.32673682115170394,0.15578995632218828,50.00000000000103,50.00000000000052
44400.0,0.44180479689220825,0.326230043840805,0.15536758979691434,50.000000000001,50.000000000000504
44460.0,0.4411138551864573,0.3257252892629415,0.1549471499896314,50.00000000000095,50.00000000000048
44520.0,0.44042532249524063,0.32522254818478274,0.15452863053348717,50.00000000000089,50.000000000000455
44580.0,0.4397391889061474,0.3247218114034111,0.1541120250615994,50.0000000000008,50.00000000000041
44640.0,0.4390554445466164,0.3242230697462962,0.15369732720678964,50.00000000000071,50.00000000000037
44700.0,0.43837407958379243,0.32372631407127794,0.15328453060131672,50.00000000000062,50.00000000000032
44760.0,0.43769508422438225,0.3232315352665407,0.1528736288766103,50.00000000000052,50.00000000000027
44820.0,0.4370184487145108,0.32273872425059497,0.1524646156630043,50.00000000000044,50.00000000000023
44880.0,0.4363441633395774,0.3222478719722528,0.15205748458947066,50.00000000000037,50.00000000000019
44940.0,0.43567221842593157,0.32175896941582915,0.15165222930384703,50.00000000000031,50.000000000000156
45000.0,0.4350026043442703,0.3212720076112802,0.151248843512449,50.000000000000185,50.000000000000085
45060.0,0.4343353114922942,0.32078697758482905,0.15084732078609467,50.00000000000006,50.00000000000002
45120.0,0.43367033031192337,0.3203038704087549,0.15044765475534685,49.999999999999936,49.99999999999996
45180.0,0.43300765128372387,0.31982267718579116,0.1500498390490961,49.999999999999815,49.9999999999999
45240.0,0.43234726492676795,0.31934338904911724,0.14965386729434055,49.99999999999971,49.999999999999844
45300.0,0.4316891617984944,0.3188659971623458,0.1492597331159653,49.99999999999962,49.9999999999998
45360.0,0.4310333324945688,0.31839049271951614,0.14886743013652215,49.99999999999955,49.999999999999766
45420.0,0.4303797676487436,0.31791686694508037,0.14847695197600905,49.99999999999951,49.999999999999744
45480.0,0.4297284579327184,0.3174451110938973,0.14808829225164963,49.999999999999496,49.999999999999744
45540.0,0.4290793940577347,0.3169752164553611,0.1477014446020131,49.9999999999995,49.99999999999976
45600.0,0.4284325667778096,0.3165071743614517,0.14731640273415567,49.999999999999474,49.99999999999975
45660.0,0.4277879668732068,0.3160409761475794,0.14693316019334096,49.99999999999946,49.999999999999744
45720.0,0.4271455851668384,0.31557661319208247,0.14655171059501598,49.99999999999946,49.999999999999744
45780.0,0.42650541251895185,0.3151140769038613,0.14617204755196544,49.999999999999474,49.99999999999975
45840.0,0.4258674398269935,0.3146533587223771,0.14579416467414594,49.999999999999496,49.999999999999766
45900.0,0.4252316580254731,0.3141944501176515,0.14541805556852025,49.999999999999524,49.99999999999977
45960.0,0.42459805808582785,0.31373734259026564,0.1450437138388915,49.99999999999955,49.999999999999794
46020.0,0.42396663101628657,0.31328202767135915,0.1446711330857374,49.99999999999959,49.99999999999981
46080.0,0.4233373678617337,0.31282849692263026,0.14430030690604445,49.99999999999962,49.99999999999982
46140.0,0.42271025970523035,0.31237674193923004,0.14393122892055718,49.99999999999966,49.99999999999984
46200.0,0.422085297671101,0.311926754355396,0.14356389282695717,49.99999999999973,49.999999999999865
46260.0,0.42146247290914146,0.3114785258170836,0.14319829214057617,49.9999999999998,49.9999999999999
46320.0,0.4208417766102851,0.31103204800958734,0.1428344204557587,49.99999999999987,49.999999999999936
46380.0,0.4202232000015243,0.3105873126489028,0.14247227136389673,49.99999999999994,49.99999999999997
46440.0,0.4196067343457784,0.31014431148172833,0.14211183845332534,50.00000000000001,50.00000000000001
46500.0,0.41899237094176167,0.30970303628547446,0.1417531153092187,50.00000000000007,50.000000000000036
46560.0,0.418380101123851,0.30926347886826794,0.14139609551348567,50.00000000000012,50.00000000000006
46620.0,0.4177699162619539,0.30882563106895805,0.1410407726446657,50.000000000000156,50.00000000000007
46680.0,0.41716180776137635,0.3083894847571228,0.14068714027782458,50.00000000000017,50.00000000000008
46740.0,0.41655576706427644,0.30795503183460793,0.1403351920135058,50.00000000000018,50.000000000000085
46800.0,0.41595178565261826,0.307522264238522,0.1399849215341634,50.00000000000021,50.0000000000001
46860.0,0.4153498550330501,0.30709117392673296,0.13963632232943018,50.00000000000024,50.000000000000114
46920.0,0.41474996675190134,0.30666175289251646,0.1392893879731925,50.00000000000027,50.00000000000013
46980.0,0.4141521123903181,0.30623399315998345,0.13894411203679125,50.000000000000284,50.000000000000135
47040.0,0.41355628356413476,0.30580788678408716,0.13860048808898293,50.0000000000003,50.00000000000014
47100.0,0.4129624719237457,0.3053834258506328,0.1382585096959007,50.0000000000003,50.00000000000014
47160.0,0.41237066915397613,0.3049606024762881,0.13791817042101542,50.0000000000003,50.00000000000014
47220.0,0.41178086697395416,0.3045394088085921,0.13757946382509667,50.00000000000029,50.00000000000014
47280.0,0.4111930571369818,0.304119837025964,0.1372423834661737,50.000000000000284,50.00000000000014
47340.0,0.4106072314319284,0.3037018793378369,0.13690692292888204,50.00000000000026,50.000000000000135
47400.0,0.41002338168606406,0.3032855279849112,0.13657307588160317,50.000000000000234,50.00000000000013
47460.0,0.4094414997505448,0.3028707752379827,0.13624083579868068,50.000000000000206,50.000000000000114
47520.0,0.4088615775148036,0.30245761339914395,0.1359101962407067,50.00000000000017,50.0000000000001
47580.0,0.4082836069018807,0.30204603480142084,0.13558115076680388,50.000000000000135,50.000000000000085
47640.0,0.40770757986829803,0.3016360318087809,0.13525369293465267,50.0000000000001,50.00000000000007
47700.0,0.40713348840393454,0.3012275968161428,0.13492781630051814,50.000000000000064,50.00000000000005
47760.0,0.40656132453190064,0.3008207222493899,0.13460351441927718,50.00000000000003,50.000000000000036
47820.0,0.4059910803084133,0.3004154005653736,0.13428078084444528,50.00000000000001,50.00000000000002
47880.0,0.4054227478226707,0.3000116242519269,0.13395960912820382,49.999999999999986,50.00000000000001
47940.0,0.40485631919819204,0.29960938582661073,0.13363999284961728,49.99999999999997,50.0
48000.0,0.40429178659554216,0.29920867783426414,0.1333219256695144,49.99999999999994,49.99999999999998
48060.0,0.4037291421983624,0.2988094928589536,0.1330054010640639,49.99999999999991,49.999999999999964
48120.0,0.4031683782272184,0.2984118235119323,0.13269041259372794,49.999999999999886,49.99999999999995
48180.0,0.4026094869351042,0.2980156624354189,0.1323769538191758,49.999999999999865,49.999999999999936
48240.0,0.4020524606073206,0.2976210023026055,0.13206501830137404,49.999999999999844,49.99999999999993
48300.0,0.4014972915613534,0.297227835817661,0.13175459960167688,49.99999999999983,49.99999999999992
48360.0,0.40094397214675126,0.2968361557157412,0.13144569128191647,49.99999999999982,49.999999999999915
48420.0,0.4003924947450041,0.29644595476299335,0.13113828690449328,49.99999999999982,49.999999999999915
48480.0,0.39984285176942114,0.2960572257565654,0.13083238003246644,49.99999999999983,49.99999999999992
48540.0,0.3992950356664219,0.2956699615220561,0.13052796425491123,49.99999999999985,49.99999999999993
48600.0,0.39874903891816404,0.295284154908561,0.13022503323617507,49.99999999999986,49.999999999999936
48660.0,0.39820485402906586,0.29489979881279826,0.1299235804771468,49.999999999999865,49.999999999999936
48720.0,0.39766247353916406,0.29451688615476845,0.12962359955638683,49.99999999999988,49.99999999999994
48780.0,0.3971218900197758,0.2941354098853792,0.129325084054826,49.99999999999989,49.99999999999995
48840.0,0.39658309607337994,0.29375536298644345,0.12902802755591294,49.999999999999915,49.99999999999996
48900.0,0.3960460843334984,0.2933767384706808,0.12873242364576087,49.99999999999993,49.999999999999964
48960.0,0.39551084746457754,0.29299952938172075,0.12843826591329477,49.99999999999994,49.99999999999997
49020.0,0.3949773781618693,0.29262372879410026,0.12814554795039848,49.99999999999995,49.99999999999997
49080.0,0.39444566915131263,0.2922493298132675,0.12785426335206165,49.99999999999996,49.99999999999997
49140.0,0.39391571319078095,0.29187632557190935,0.1275644057376929,49.99999999999996,49.99999999999997
49200.0,0.39338750307262177,0.29150470922280725,0.12727596879245207,49.99999999999998,49.99999999999998
49260.0,0.3928610316106252,0.29113447397354725,0.12698894606734068,49.99999999999999,49.999999999999986
49320.0,0.3923362916529381,0.290765613051489,0.12670333118126417,50.00000000000001,49.99999999999999
49380.0,0.391813276077869,0.29039811971472373,0.12641911775802503,50.00000000000003,50.0
49440.0,0.3912919777937724,0.29003198725206775,0.1261362994265172,50.00000000000004,50.000000000000014
49500.0,0.39077238973893325,0.2896672089830559,0.1258548698209207,50.00000000000005,50.00000000000002
49560.0,0.3902545048814513,0.28930377825793074,0.12557482258089642,50.000000000000064,50.00000000000003
49620.0,0.3897383162191255,0.28894168845764,0.1252961513517804,50.00000000000007,50.000000000000036
49680.0,0.3892238167793383,0.2885809329938258,0.1250188497847787,50.00000000000007,50.000000000000036
49740.0,0.38871099962026384,0.2882215053042527,0.12474291155314692,50.00000000000007,50.00000000000004
49800.0,0.38819985783332805,0.287863398843914,0.12446833038348949,50.00000000000007,50.00000000000004
49860.0,0.38769038453058136,0.28750660712818665,0.12419509990486503,50.00000000000007,50.00000000000005
49920.0,0.3871825728572109,0.28715112368926027,0.12392321380147375,50.00000000000007,50.00000000000005
49980.0,0.3866764159874754,0.2867969420897569,0.12365266576515599,50.00000000000007,50.00000000000005
50040.0,0.38617190712459215,0.2864440559227124,0.12338344949562281,50.00000000000007,50.00000000000005
50100.0,0.3856690395006249,0.28609245881155815,0.12311555870068644,50.000000000000064,50.00000000000005
50160.0,0.3851678063763707,0.28574214441010604,0.12284898709649071,50.000000000000064,50.00000000000004
50220.0,0.38466820104124755,0.2853931064025288,0.12258372840774166,50.000000000000064,50.000000000000036
50280.0,0.3841702168131815,0.28504533850334224,0.1223197763679379,50.00000000000006,50.00000000000003
50340.0,0.3836738470397799,0.2846988344521957,0.12205712472971933,50.00000000000006,50.000000000000014
50400.0,0.38317908510072,0.28435358800374577,0.12179576728478594,50.00000000000005,50.00000000000001
50460.0,0.38268592439548543,0.2840095929767332,0.121535697768493,50.00000000000004,50.0
50520.0,0.38219435835551724,0.28366684320441593,0.12127690995660523,50.00000000000003,49.99999999999999
50580.0,0.38170438044026567,0.28332533255004955,0.12101939763533713,50.00000000000002,49.999999999999986
50640.0,0.3812159841370802,0.28298505490685627,0.12076315460160615,50.00000000000001,49.999999999999986
50700.0,0.3807291629610998,0.2826460041979989,0.12050817466328591,50.0,49.99999999999998
50760.0,0.3802439104551434,0.2823081743765489,0.12025445163945939,49.99999999999999,49.99999999999998
50820.0,0.37976022018959976,0.28197155942545876,0.12000197936067214,49.999999999999986,49.99999999999998
50880.0,0.3792780857623179,0.2816361533575323,0.11975075166918549,49.99999999999998,49.99999999999998
50940.0,0.3787975007997489,0.28130195020985727,0.11950076242343707,49.99999999999997,49.999999999999986
51000.0,0.37831845895927085,0.28096894403300265,0.11925200550648066,49.999999999999964,49.999999999999986
51060.0,0.37784095391725114,0.28063712894332765,0.11900447478647284,49.99999999999996,49.999999999999986
51120.0,0.37736497938087465,0.28030649907012867,0.11875816415706222,49.99999999999995,49.999999999999986
51180.0,0.3768905290843002,0.2799770485721291,0.11851306752508908,49.99999999999995,49.999999999999986
51240.0,0.3764175967885534,0.27964877163744223,0.11826917881084803,49.99999999999995,49.999999999999986
51300.0,0.37594617628141985,0.27932166248352513,0.11802649194835066,49.99999999999995,49.999999999999986
51360.0,0.37547626137733814,0.27899571535714157,0.11778500088558819,49.99999999999995,49.999999999999986
51420.0,0.37500784591729275,0.278670924534316,0.11754469958479413,49.99999999999996,49.999999999999986
51480.0,0.3745409237687074,0.27834728432029543,0.11730558202270698,49.999999999999964,49.999999999999986
51540.0,0.37407548882655883,0.27802478904390676,0.11706764218931619,49.99999999999997,49.999999999999986
51600.0,0.3736115350156457,0.2777034330466191,0.11683087408517395,49.99999999999998,49.999999999999986
51660.0,0.37314905627894124,0.27738321073542815,0.11659527173599214,49.999999999999986,49.999999999999986
51720.0,0.372688046589134,0.27706411652939833,0.1163608291784375,49.99999999999999,49.999999999999986
51780.0,0.37222849994487767,0.27674614487632626,0.11612754046491927,50.0,49.99999999999999
51840.0,0.37177041037068687,0.2764292902526897,0.11589539966384858,50.00000000000001,49.99999999999999
51900.0,0.3713137719168331,0.2761135471635913,0.11566440085989758,50.000000000000014,49.99999999999999
51960.0,0.3708585786592404,0.2757989101427046,0.11543453815425876,50.000000000000014,50.0
52020.0,0.3704048246993811,0.27548537375221976,0.11520580566490414,50.000000000000014,50.0
52080.0,0.36995250416417164,0.275172932582791,0.11497819752684457,50.000000000000014,50.0
52140.0,0.36950161120706254,0.27486158124807797,0.11475170788585402,50.00000000000001,50.0
52200.0,0.3690521400102574,0.27455131437417846,0.114526330886013,50.000000000000014,50.0
52260.0,0.3686040847733228,0.2742421266506415,0.1143020607317347,50.000000000000014,50.0
52320.0,0.3681574397244751,0.27393401277887175,0.11407889162568352,50.000000000000014,50.00000000000001
52380.0,0.3677121991169133,0.2736269674881965,0.11385681778853296,50.000000000000014,50.00000000000001
52440.0,0.3672683572287172,0.2733209855357992,0.11363583345921016,50.00000000000002,50.00000000000001
52500.0,0.3668259083627464,0.2730160617066527,0.11341593289514049,50.00000000000002,50.00000000000001
52560.0,0.36638484684653866,0.27271219081345366,0.11319711037249214,50.00000000000002,50.00000000000001
52620.0,0.36594516703220786,0.27240936769655544,0.11297936018642069,50.00000000000002,50.00000000000001
52680.0,0.36550686329634324,0.2721075872239023,0.11276267665131365,50.00000000000003,50.00000000000001
52740.0,0.36506993004107774,0.2718068442859766,0.11254705409042537,50.00000000000003,50.00000000000001
52800.0,0.36463436169626456,0.2715071337860281,0.11233248681547683,50.00000000000003,50.00000000000001
52860.0,0.36420015270831174,0.2712084506871425,0.11211896922718145,50.00000000000003,50.00000000000001
52920.0,0.36376729755124715,0.270910789964603,0.11190649571427677,50.00000000000002,50.00000000000001
52980.0,0.3633357907231244,0.27061414662070254,0.11169506068542598,50.00000000000002,50.00000000000001
53040.0,0.3629056267459238,0.27031851568466814,0.11148465856943862,50.00000000000002,50.00000000000001
53100.0,0.3624768001654537,0.2700238922125812,0.11127528381549134,50.000000000000014,50.00000000000001
53160.0,0.36204930555125137,0.26973027128730154,0.11106693089334863,50.000000000000014,50.00000000000001
53220.0,0.36162313749648406,0.2694376480183886,0.11085959429358358,50.00000000000001,50.00000000000001
53280.0,0.3611982906178504,0.26914601754202594,0.11065326852779866,50.00000000000001,50.00000000000001
53340.0,0.3607747595566315,0.26885537501654216,0.1104479481151718,49.99999999999999,50.00000000000001
53400.0,0.36035253898083064,0.2685657156137733,0.11024362755606866,49.99999999999999,50.0
53460.0,0.35993162357420133,0.2682770345605695,0.11004030146151342,49.999999999999986,50.0
53520.0,0.35951200804712263,0.267989327096746,0.10983796442295875,49.999999999999986,50.0
53580.0,0.35909368713306744,0.26770258848813483,0.10963661105330832,49.99999999999998,50.0
53640.0,0.3586766555885064,0.2674168140264958,0.10943623598710683,49.99999999999998,50.0
53700.0,0.3582609081928118,0.26713199902942997,0.10923683388073009,49.99999999999998,50.0
53760.0,0.3578464397481607,0.26684813884029196,0.10903839941257502,49.99999999999998,50.0
53820.0,0.3574332450794391,0.26656522882810246,0.1088409272832497,49.99999999999998,49.99999999999999
53880.0,0.3570213190341454,0.26628326438746114,0.10864441221576347,49.99999999999998,49.99999999999999
53940.0,0.3566106564831673,0.26600224093557073,0.10844884894451254,49.999999999999986,49.99999999999999
54000.0,0.35620125232255884,0.26572215390595294,0.10825423219142759,49.999999999999986,49.99999999999999
54060.0,0.35579310146504967,0.265442998776128,0.10806055677389023,49.999999999999986,49.999999999999986
54120.0,0.35538619884818295,0.265164771040291,0.1078678174992519,49.99999999999999,49.999999999999986
54180.0,0.35498053943169966,0.2648874662175562,0.10767600919735731,49.99999999999999,49.999999999999986
54240.0,0.35457611819744556,0.2646110798518608,0.10748512672069079,49.99999999999999,49.999999999999986
54300.0,0.3541729301492782,0.2643356075118647,0.10729516494452246,49.99999999999999,49.999999999999986
54360.0,0.35377097031297433,0.26406104479085246,0.10710611876705452,49.99999999999999,49.999999999999986
54420.0,0.3533702337361367,0.26378738730663454,0.10691798310956753,49.99999999999999,49.999999999999986
54480.0,0.3529707154894861,0.26351463069823455,0.10673075288724317,49.99999999999999,49.999999999999986
54540.0,0.3525724106648938,0.26324277063014145,0.10654442304900537,49.99999999999999,49.999999999999986
54600.0,0.3521753143741913,0.26297180279475696,0.1063589886009023,50.0,49.999999999999986
54660.0,0.35177942175170585,0.2627017229061979,0.1061744445505948,50.0,49.999999999999986
54720.0,0.3513847279531672,0.262432526702518,0.10599078592868492,50.0,49.99999999999999
54780.0,0.3509912281556172,0.26216420994560447,0.10580800778881856,50.0,49.99999999999999
54840.0,0.35059891755731803,0.2618967684210753,0.10562610520778806,50.0,49.99999999999999
54900.0,0.35020779137766234,0.2616301979381748,0.10544507328563484,50.00000000000001,50.0
54960.0,0.34981784485708173,0.26136449432967157,0.10526490714575203,50.00000000000001,50.0
55020.0,0.34942907325895367,0.261099653448819,0.1050856019248594,50.00000000000001,50.00000000000001
55080.0,0.3490414718650018,0.2608356711758766,0.10490715279596641,50.00000000000001,50.00000000000001
55140.0,0.3486550359781759,0.26057254341364156,0.10472955495341292,50.00000000000001,50.00000000000001
55200.0,0.3482697609224614,0.26031026608749175,0.10455280361347528,50.00000000000001,50.00000000000001
55260.0,0.3478856420424642,0.26004883514575916,0.10437689401611622,50.00000000000001,50.00000000000001
55320.0,0.34750267470332086,0.2597882465596243,0.10420182142507864,50.00000000000001,50.00000000000001
55380.0,0.34712085429061007,0.2595284963230105,0.10402758112797943,50.00000000000001,50.00000000000001
55440.0,0.34674017621026343,0.25926958045247595,0.10385416843640326,50.0,50.00000000000001
55500.0,0.3463606358888162,0.2590114949866202,0.10368157868096964,50.0,50.0
55560.0,0.34598222877517343,0.258754235983298,0.10350980718401034,50.0,49.99999999999999
55620.0,0.34560495033441474,0.25849779952832636,0.10333884934990901,50.0,49.99999999999999
55680.0,0.345228796053334,0.2582421817272557,0.10316870058200221,50.0,49.99999999999999
55740.0,0.3448537614386736,0.2579873787076827,0.10299935630745437,49.99999999999999,49.99999999999999
55800.0,0.34447984201703735,0.2577333866191423,0.10283081197732039,49.99999999999999,49.99999999999999
55860.0,0.34410703333480375,0.25748020163299645,0.1026630630666083,49.99999999999999,49.99999999999999
55920.0,0.3437353309580386,0.25722781994232896,0.10249610507434183,49.99999999999999,49.99999999999999
55980.0,0.3433647304724083,0.25697623776183226,0.10232993352362298,50.0,50.0
56040.0,0.34299522748441685,0.25672545132622154,0.10216454393719292,50.0,50.0
56100.0,0.34262681762007885,0.2564754568915101,0.1019999318604418,50.0,50.0
56160.0,0.3422594965223903,0.25622625073762895,0.1018360929066605,50.0,50.0
56220.0,0.34189325985494445,0.25597782916418116,0.10167302268858368,50.0,50.00000000000001
56280.0,0.3415281033005469,0.2557301884917825,0.10151071684247512,50.0,50.00000000000001
56340.0,0.34116402256113043,0.2554833250619494,0.10134917102814692,50.0,50.00000000000001
56400.0,0.34080101335767093,0.2552372352369897,0.1011883809289785,50.0,50.00000000000001
56460.0,0.3404390714301023,0.2549919153998875,0.10102834225193588,50.0,50.0
56520.0,0.3400781925372322,0.25474736195419373,0.10086905072759066,49.99999999999999,50.0
56580.0,0.3397183724589402,0.2545035713231778,0.10071050208405966,49.99999999999999,50.0
56640.0,0.33935960699129514,0.25426053995126185,0.10055269210183097,49.999999999999986,50.0
56700.0,0.3390018919489689,0.2540182643031062,0.10039561658524618,49.999999999999986,50.0
56760.0,0.3386452231658049,0.25377674086328433,0.10023927135505588,49.999999999999986,50.0
56820.0,0.338289596494142,0.25353596613636337,0.10008365225519877,49.999999999999986,50.0
56880.0,0.3379350078047317,0.2532959366467905,0.09992875515279534,49.999999999999986,49.99999999999999
56940.0,0.33758145298665604,0.2530566489387819,0.09977457593814149,49.999999999999986,49.99999999999999
57000.0,0.337228927947245,0.25281809957621043,0.09962111052470217,49.99999999999999,49.99999999999999
57060.0,0.3368774286121632,0.2525802851425741,0.09946835484791285,49.99999999999999,49.99999999999999
57120.0,0.33652695092815954,0.2523432022422719,0.09931630484519133,49.99999999999999,49.99999999999999
57180.0,0.3361774908550017,0.2521068474965829,0.09916495651225442,50.0,49.99999999999999
57240.0,0.33582904437251127,0.25187121754703734,0.09901430585289618,50.0,49.99999999999999
57300.0,0.3354816074783818,0.2516363090542776,0.09886434889379259,50.0,49.99999999999999
57360.0,0.33513517618809846,0.25140211869794615,0.09871508168448297,50.0,49.99999999999999
57420.0,0.33478974653485705,0.2511686431765738,0.09856650029735149,50.0,49.99999999999999
57480.0,0.3344453145694834,0.25093587920746785,0.09841860082760866,50.00000000000001,49.99999999999999
57540.0,0.3341018763603529,0.25070382352660203,0.09827137939327274,50.00000000000001,49.99999999999999
57600.0,0.33375942799330927,0.2504724728885032,0.0981248321351513,50.00000000000001,50.0
57660.0,0.33341796557392145,0.25024182406791323,0.0979789551971306,50.00000000000001,50.0
57720.0,0.3330774852234158,0.25001187385665335,0.09783374475975087,50.000000000000014,50.0
57780.0,0.33273798307865565,0.2497826190635579,0.09768919703968108,50.000000000000014,50.0
57840.0,0.33239945529498155,0.2495540565165786,0.09754530826508656,50.000000000000014,50.00000000000001
57900.0,0.33206189804484576,0.24932618306169868,0.097402074686438,50.000000000000014,50.00000000000001
57960.0,0.3317253075177338,0.24909899556282258,0.09725949257647462,50.000000000000014,50.00000000000001
58020.0,0.3313896799200856,0.24887249090166583,0.09711755823016754,50.000000000000014,50.00000000000001
58080.0,0.33105501147521726,0.24864666597764504,0.0969762679646831,50.000000000000014,50.00000000000001
58140.0,0.3307212984232424,0.24842151770776927,0.09683561811934606,50.00000000000001,50.00000000000001
58200.0,0.3303885370214965,0.24819704302698423,0.09669560505065089,50.00000000000001,50.00000000000001
58260.0,0.33005672354747523,0.24797323889080156,0.0965562251025244,50.00000000000001,50.00000000000001
58320.0,0.32972585428884993,0.24775010226619956,0.096417474703819,50.00000000000001,50.00000000000001
58380.0,0.32939592555259434,0.2475276301398667,0.09627935027764292,50.00000000000001,50.00000000000001
58440.0,0.3290669336621379,0.24730581951557842,0.0961418482685799,50.0,50.00000000000001
58500.0,0.32873887495728943,0.24708466741409077,0.09600496514262889,50.0,50.0
58560.0,0.32841174579416116,0.24686417087303197,0.09586869738714358,50.0,50.0
58620.0,0.3280855425450925,0.2466443269467947,0.09573304151077203,50.0,50.0
58680.0,0.32776026159857397,0.24642513270642868,0.09559799404339615,50.0,50.0
58740.0,0.327435899359171,0.2462065852395326,0.09546355153607146,50.0,49.99999999999999
58800.0,0.32711245225033186,0.24598868165368046,0.09532971054349833,50.0,49.99999999999999
58860.0,0.3267899167087849,0.24577141906954153,0.09519646765743597,50.0,49.99999999999999
58920.0,0.32646828918609067,0.24555479462276786,0.09506381949678075,50.0,49.999999999999986
58980.0,0.3261475661508261,0.24533880546665604,0.09493176269381408,50.0,49.999999999999986
59040.0,0.32582774408731346,0.24512344877057565,0.09480029390137988,50.0,49.999999999999986
59100.0,0.3255088194955466,0.24490872171986425,0.09466940979280991,50.0,49.999999999999986
59160.0,0.32519078889111724,0.24469462151572272,0.09453910706184895,50.0,49.999999999999986
59220.0,0.32487364880514114,0.24448114537510954,0.09440938242258015,50.0,49.99999999999999
59280.0,0.3245573957841843,0.24426829053063706,0.09428023260935027,50.0,49.99999999999999
59340.0,0.32424202639091126,0.24405605423161741,0.0941516543744248,50.0,50.0
59400.0,0.3239275372059132,0.243844433746988,0.09402364448193337,50.0,50.0
59460.0,0.3236139248196305,0.24363342635245044,0.09389619973296065,50.0,50.00000000000001
59520.0,0.32330118584011874,0.24342302934286023,0.09376931694082162,50.0,50.00000000000001
59580.0,0.32298931689056204,0.24321324002827865,0.09364299293857273,50.0,50.00000000000001
59640.0,0.32267831460920177,0.24300405573386905,0.09351722457893018,50.0,50.00000000000001
59700.0,0.32236817564926507,0.24279547379979693,0.0933920087341881,50.0,50.00000000000001
59760.0,0.32205889667889315,0.24258749158112886,0.09326734229613684,49.99999999999999,50.00000000000001
59820.0,0.32175047438106985,0.24238010644772962,0.09314322217598124,49.99999999999999,50.00000000000001
59880.0,0.3214429054535501,0.24217331578416268,0.09301964530425884,49.99999999999999,50.0
59940.0,0.3211361866117947,0.2419671169950227,0.09289660862023731,49.99999999999999,50.0
60000.0,0.3208303145826204,0.24176150749348413,0.09277410909380464,49.99999999999999,50.0
60060.0,0.3205252861071511,0.2415564847066656,0.09265214371480887,49.99999999999999,50.0
60120.0,0.32022109794195563,0.24135204607771335,0.09253070948874421,49.99999999999999,49.99999999999999
60180.0,0.3199177468580641,0.2411481890640518,0.09240980343986153,49.99999999999999,49.99999999999999
60240.0,0.3196152296408986,0.2409449111372858,0.09228942261107895,49.99999999999999,50.0
60300.0,0.3193135430902038,0.24074220978310337,0.09216956406389228,49.99999999999999,50.0
60360.0,0.31901268401997773,0.24054008250117923,0.09205022487828562,49.99999999999999,50.0
60420.0,0.31871264925840226,0.24033852680507584,0.09193140215264188,50.0,50.00000000000001
60480.0,0.31841343564887453,0.24013754022421555,0.09181309300080162,50.0,50.00000000000001
60540.0,0.3181150400509588,0.23993712030569964,0.09169529454932787,50.0,50.00000000000001
60600.0,0.3178174593328088,0.23973726460010794,0.09157800395687048,50.00000000000001,50.00000000000001
60660.0,0.31752069037907604,0.2395379706763871,0.09146121839340694,50.00000000000001,50.00000000000001
60720.0,0.31722473008829405,0.23933923611697003,0.09134493504675008,50.00000000000001,50.00000000000001
60780.0,0.31692957537281147,0.23914105851768233,0.0912291511224532,50.00000000000001,50.00000000000001
60840.0,0.3166352231587244,0.2389434354876497,0.09111386384371545,50.00000000000001,50.00000000000001
60900.0,0.31634167038580924,0.23874636464920246,0.09099907045128716,50.00000000000001,50.00000000000001
60960.0,0.3160489140074555,0.2385498436377849,0.09088476820337511,50.0,50.00000000000001
61020.0,0.3157569509905983,0.2383538701018588,0.09077095437554786,50.0,50.0
61080.0,0.31546577831694067,0.23815844170530004,0.09065762625859568,50.0,50.0
61140.0,0.3151753929840828,0.23796355612961115,0.09054478115653822,50.0,50.0
61200.0,0.31488579199665734,0.23776921105685844,0.09043241640048306,50.0,50.0
61260.0,0.3145969723756091,0.23757540418760914,0.09032052933370577,50.0,50.0
61320.0,0.3143089311551446,0.23738213323508287,0.09020911731628685,50.0,50.0
61380.0,0.31402166538266724,0.23718939592506338,0.09009817772501336,49.99999999999999,50.0
61440.0,0.3137351721187122,0.23699718999580852,0.0899877079532804,49.99999999999999,50.0
61500.0,0.31344944843688144,0.2368055131979623,0.08987770541099276,49.99999999999999,50.0
61560.0,0.31316449142377883,0.2366143632944655,0.08976816752446642,49.99999999999999,50.0
61620.0,0.3128802981789454,0.23642373806046638,0.08965909173633015,49.99999999999999,50.00000000000001
61680.0,0.3125968658161344,0.23623363528591307,0.08955047550501055,49.99999999999999,50.00000000000001
61740.0,0.3123141914644902,0.23604405277795149,0.08944231630424729,49.99999999999999,50.00000000000001
61800.0,0.3120322722593392,0.23585498834254806,0.08933461162583574,49.99999999999999,50.00000000000001
61860.0,0.31175110535184064,0.23566643980383267,0.08922735897650991,49.99999999999999,50.00000000000001
61920.0,0.3114706879058204,0.23547840499780667,0.08912055587880736,49.99999999999999,50.00000000000001
61980.0,0.3111910170977088,0.2352908817722601,0.08901419987097012,49.99999999999999,50.00000000000001
62040.0,0.3109120901164781,0.23510386798668687,0.0889082885068454,49.99999999999999,50.00000000000001
62100.0,0.3106339041635798,0.23491736151220102,0.08880281935578646,49.99999999999999,50.00000000000001
62160.0,0.31035645645288246,0.23473136023145236,0.08869779000255333,49.99999999999999,50.0
62220.0,0.31007974421060897,0.23454586203854247,0.08859319804721369,50.0,50.0
62280.0,0.3098037646765541,0.23436086484156293,0.08848904110604289,50.0,49.99999999999999
62340.0,0.30952851510520996,0.23417636656494178,0.08838531681235186,50.0,49.99999999999999
62400.0,0.3092539927569705,0.23399236513147798,0.088282022809571,50.0,49.99999999999999
62460.0,0.30898019490734774,0.23380885848125668,0.08817915675839387,50.0,49.999999999999986
62520.0,0.3087071188439476,0.23362584456550156,0.08807671633436644,50.0,49.999999999999986
62580.0,0.3084347618664101,0.23344332134649556,0.08797469922778955,50.0,49.999999999999986
62640.0,0.30816312128634904,0.23326128679750197,0.0878731031436217,50.0,49.99999999999999
62700.0,0.30789219442729177,0.23307973890268419,0.08777192580138155,50.0,49.99999999999999
62760.0,0.30762197862461926,0.23289867565702715,0.0876711649350506,50.0,49.99999999999999
62820.0,0.30735247122550574,0.23271809506625785,0.08757081829297586,49.99999999999999,50.0
62880.0,0.3070836695900826,0.23253799514926618,0.08747088363869555,49.99999999999999,50.00000000000001
62940.0,0.3068155710925134,0.23235837394034542,0.08737135875169835,49.99999999999999,50.000000000000014
63000.0,0.30654817311258514,0.2321792294720573,0.08727224142102813,49.999999999999986,50.000000000000014
63060.0,0.3062814730445185,0.23200055979327425,0.08717352945187798,49.999999999999986,50.000000000000014
63120.0,0.3060154682940768,0.2318223629633165,0.08707522066335727,49.999999999999986,50.00000000000002
63180.0,0.3057501562785076,0.23164463705187724,0.08697731288839587,49.999999999999986,50.00000000000002
63240.0,0.3054855344264855,0.23146738013894771,0.08687980397364854,49.99999999999999,50.00000000000002
63300.0,0.30522160017805366,0.2312905903147431,0.08678269177939922,49.99999999999999,50.000000000000014
63360.0,0.304958350984566,0.23111426567962753,0.0866859741794653,50.0,50.000000000000014
63420.0,0.3046957843086295,0.23093840434403906,0.08658964906110206,50.0,50.00000000000001
63480.0,0.3044338976252617,0.23076300443085676,0.08649371432614467,50.00000000000001,50.0
63540.0,0.30417268842296113,0.23058806407758922,0.08639816789206098,50.000000000000014,50.0
63600.0,0.30391215419535544,0.2304135814196501,0.08630300768341162,50.000000000000014,49.99999999999999
63660.0,0.30365229244995556,0.23023955460797435,0.08620823164072626,50.000000000000014,49.99999999999999
63720.0,0.3033931007052853,0.23006598180329746,0.08611383771754441,50.000000000000014,49.999999999999986
63780.0,0.30313457649082587,0.22989286117608485,0.086019823880322,50.000000000000014,49.999999999999986
63840.0,0.30287671734695976,0.22972019090646134,0.08592618810833798,50.000000000000014,49.999999999999986
63900.0,0.30261952082491556,0.22954796918414277,0.08583292839360089,50.000000000000014,49.999999999999986
63960.0,0.30236298448671184,0.22937619420836283,0.08574004274075545,50.000000000000014,49.999999999999986
64020.0,0.30210710590510187,0.22920486418780533,0.0856475291669891,50.00000000000001,49.99999999999999
64080.0,0.30185188266473795,0.22903397734293773,0.08555538570396504,50.0,49.99999999999999
64140.0,0.30159731236324855,0.2288635319081726,0.0854636103996087,49.99999999999999,49.99999999999999
64200.0,0.3013433926028562,0.22869352611539123,0.0853722013041908,49.99999999999999,49.99999999999999
64260.0,0.3010901209991685,0.22852395821130397,0.08528115648492143,49.99999999999999,49.99999999999999
64320.0,0.3008374951782988,0.22835482645181826,0.08519047402116892,49.999999999999986,49.99999999999999
64380.0,0.3005855127768127,0.22818612910197136,0.08510015200437014,49.999999999999986,50.0
64440.0,0.300334171441675,0.2280178644358647,0.08501018853794078,49.999999999999986,50.0
64500.0,0.3000834688301956,0.2278500307365994,0.08492058173718564,49.999999999999986,50.0
64560.0,0.29983340260997654,0.22768262629620845,0.08483132972920895,49.999999999999986,50.0
64620.0,0.2995839704588585,0.22751564941559246,0.08474243065282464,49.99999999999999,50.0
64680.0,0.29933517006607013,0.2273490984067727,0.08465388266090833,49.99999999999999,50.0
64740.0,0.299086999133291,0.2271829715949772,0.08456568392257326,49.99999999999999,50.0
64800.0,0.29883945536639117,0.22701726730275174,0.08447783260642275,49.99999999999999,50.0
64860.0,0.29859253648409734,0.2268519838667064,0.0843903268981593,49.99999999999999,50.0
64920.0,0.2983462402151566,0.2266871196320836,0.08430316499484604,49.99999999999999,50.0
64980.0,0.2981005642982852,0.22652267295269668,0.08421634510482152,50.0,50.0
65040.0,0.2978555064821171,0.2263586421908685,0.08412986544761449,50.0,50.0
65100.0,0.29761106452515296,0.22619502571736924,0.08404372425385856,50.0,50.0
65160.0,0.29736723619570854,0.22603182191135635,0.08395791976520713,50.0,50.0
65220.0,0.297124019271864,0.22586902916031032,0.08387245023424801,50.0,50.0
65280.0,0.29688141154257947,0.225706645862164,0.08378731392678955,50.0,50.0
65340.0,0.29663941080872785,0.22554467042726647,0.08370250912397553,50.0,50.0
65400.0,0.29639801487507794,0.22538310126340352,0.08361803410602281,50.0,50.0
65460.0,0.29615722155870633,0.22522193679158736,0.08353388716932418,50.0,50.0
65520.0,0.295917028686245,0.22506117544093635,0.08345006662087734,50.0,50.0
65580.0,0.29567743409383207,0.22490081564861675,0.08336657077820395,50.0,50.0
65640.0,0.2954384356270631,0.22474085585978734,0.08328339796926877,50.0,50.0
65700.0,0.29520003114094157,0.224581294527538,0.08320054653239876,50.0,50.0
65760.0,0.29496221849982995,0.22442213011283554,0.0831180148162022,50.0,50.0
65820.0,0.29472499557740056,0.22426336108446476,0.0830358011794877,49.99999999999999,50.00000000000001
65880.0,0.2944883602577198,0.22410498592102623,0.08295390399349692,49.99999999999999,50.000000000000014
65940.0,0.2942523104362506,0.22394700311278629,0.08287232164397013,49.99999999999999,50.000000000000014
66000.0,0.2940168440120717,0.22378941114759637,0.08279105251528251,49.99999999999999,50.000000000000014
66060.0,0.293781958896043,0.22363220852573537,0.08271009500713246,49.99999999999999,50.000000000000014
66120.0,0.2935476530081353,0.22347539375509526,0.08262944752910849,49.99999999999999,50.000000000000014
66180.0,0.29331392427738245,0.22331896535112938,0.08254910850061264,49.99999999999999,50.000000000000014
66240.0,0.293080770641835,0.22316292183679648,0.0824690763507838,49.99999999999999,50.000000000000014
66300.0,0.29284819004851265,0.22300726174250818,0.082389349518421,49.99999999999999,50.000000000000014
66360.0,0.2926161804533576,0.22285198360607544,0.08230992645190684,49.99999999999999,50.000000000000014
66420.0,0.2923847398211871,0.22269708597265395,0.08223080560913075,50.0,50.00000000000001
66480.0,0.2921538661267538,0.2225425673966325,0.08215198545990389,50.0,50.00000000000001
66540.0,0.2919235573557248,0.22238842644338258,0.0820734644881942,50.0,50.00000000000001
66600.0,0.29169381149708484,0.2222346616759525,0.08199524117505236,50.0,50.00000000000001
66660.0,0.2914646265511114,0.22208127166909342,0.08191731401659469,50.0,50.00000000000001
66720.0,0.29123600052676696,0.22192825500471072,0.08183968151816261,50.00000000000001,50.0
66780.0,0.2910079314416544,0.22177561027181614,0.08176234219425046,50.00000000000001,50.0
66840.0,0.2907804173219716,0.2216233360664746,0.08168529456843347,50.00000000000001,50.0
66900.0,0.29055345620246675,0.22147143099175637,0.08160853717329555,50.0,50.0
66960.0,0.2903270461263931,0.22131989365768537,0.0815320685503573,50.0,50.0
67020.0,0.2901011851454641,0.22116872268118987,0.08145588725000384,50.0,50.0
67080.0,0.2898758713208891,0.22101791668788592,0.08137999183388707,49.99999999999999,50.0
67140.0,0.28965110272433103,0.2208674743137289,0.08130438087714925,49.99999999999999,50.0
67200.0,0.2894268774304885,0.22071739419245012,0.08122905295147101,49.99999999999999,50.0
67260.0,0.2892031935248846,0.2205676749688021,0.08115400664293407,49.99999999999999,50.0
67320.0,0.2889800491013214,0.22041831529426492,0.08107924054622496,49.99999999999999,50.0
67380.0,0.2887574422618372,0.22026931382699882,0.0810047532645675,49.99999999999999,50.0
67440.0,0.2885353711166633,0.22012066923179818,0.0809305434096552,49.99999999999999,50.0
67500.0,0.28831383378418096,0.21997238018004334,0.0808566096015837,49.99999999999999,50.0
67560.0,0.28809282839087863,0.21982444534965534,0.08078295046878312,50.0,50.0
67620.0,0.2878723530713085,0.2196768634250476,0.08070956464795061,50.0,50.0
67680.0,0.2876524059690936,0.21952963309879917,0.08063645078636426,50.00000000000001,50.0
67740.0,0.2874329852378582,0.21938275307320443,0.0805636075440252,50.000000000000014,50.0
67800.0,0.2872140890340244,0.21923622204849272,0.08049103357734294,50.000000000000014,50.0
67860.0,0.2869957155243769,0.2190900387352473,0.08041872755633024,50.000000000000014,50.0
67920.0,0.2867778628835923,0.2189442018503801,0.08034668815902599,50.000000000000014,50.0
67980.0,0.28656052929419745,0.21879871011708826,0.08027491407143199,50.000000000000014,50.0
68040.0,0.2863437129465286,0.21865356226480934,0.08020340398744975,50.000000000000014,50.0
68100.0,0.28612741203869024,0.21850875702917869,0.0801321566088173,50.000000000000014,50.0
68160.0,0.28591162477651405,0.21836429315198488,0.08006117064504588,50.00000000000001,50.0
68220.0,0.2856963493735176,0.2182201693811274,0.07999044481335685,50.00000000000001,49.99999999999999
68280.0,0.2854815840518786,0.21807638447217395,0.07991997784086595,50.0,49.99999999999999
68340.0,0.2852673270433352,0.21793293718980794,0.07984976846660548,50.0,49.99999999999999
68400.0,0.28505357658222036,0.21778982629684107,0.07977981542612804,49.99999999999999,49.99999999999999
68460.0,0.28484033091277833,0.2176470505657961,0.0797101174677346,49.99999999999999,49.99999999999999
68520.0,0.2846275882867752,0.21750460877515246,0.07964067334721169,49.99999999999999,49.99999999999999
68580.0,0.2844153469634595,0.2173624997093044,0.07957148182777227,49.99999999999999,49.99999999999999
68640.0,0.28420360520952304,0.21722072215852245,0.0795025416799967,49.99999999999999,49.99999999999999
68700.0,0.28399236129906186,0.2170792749189099,0.07943385168177354,49.99999999999999,49.99999999999999
68760.0,0.28378161351353665,0.21693815679236372,0.0793654106182406,49.99999999999999,49.99999999999999
68820.0,0.28357136014173373,0.2167973665865336,0.07929721728172563,50.0,50.0
68880.0,0.2833615994807061,0.2166569031162747,0.07922927047390604,50.0,50.0
68940.0,0.2831523298366439,0.21651676520499247,0.07916156900780814,50.0,50.0
69000.0,0.2829435495181467,0.21637695167441212,0.07909411169261263,50.0,50.0
69060.0,0.28273525684329054,0.21623746135536345,0.07902689734967683,50.0,50.00000000000001
69120.0,0.2825274501373209,0.216098293084287,0.07895992480734303,50.0,50.00000000000001
69180.0,0.28232012773261483,0.2159594457031933,0.07889319290088342,50.0,50.00000000000001
69240.0,0.2821132879686438,0.21582091805962708,0.07882670047244503,50.0,50.00000000000001
69300.0,0.2819069291919361,0.2156827090066276,0.07876044637099475,50.0,50.00000000000001
69360.0,0.2817010497560395,0.2155448174026908,0.07869442945226424,50.0,50.00000000000001
69420.0,0.28149564802148347,0.21540724211173234,0.07862864857869489,50.0,50.0
69480.0,0.28129072235668895,0.21526998200444108,0.07856310262143724,50.0,50.0
69540.0,0.28108627113880874,0.21513303595953384,0.07849779046220202,50.0,50.0
69600.0,0.280882292747232,0.21499640285421526,0.07843271097918984,50.0,50.0
69660.0,0.2806787855704085,0.21486008157423558,0.07836786306192736,50.0,49.99999999999999
69720.0,0.2804757480036214,0.21472407101063118,0.07830324560645942,50.0,49.99999999999999
69780.0,0.2802731784489513,0.21458837005968695,0.0782388575152979,50.0,49.99999999999999
69840.0,0.28007107531524045,0.21445297762290255,0.07817469769737033,50.0,49.99999999999999
69900.0,0.27986943701805733,0.21431789260695683,0.07811076506796866,50.0,49.99999999999999
69960.0,0.2796682619796605,0.21418311392367143,0.07804705854869799,49.99999999999999,50.0
70020.0,0.27946754862896334,0.2140486404899757,0.07798357706742526,49.99999999999999,50.0
70080.0,0.27926729540241074,0.21391447122916826,0.07792031956021786,49.99999999999999,50.0
70140.0,0.2790675007447907,0.2137806050720854,0.07785728497313868,49.99999999999999,50.0
70200.0,0.27886816310297086,0.21364704094821588,0.0777944722486196,49.999999999999986,50.0
70260.0,0.2786692809324794,0.21351377779506756,0.0777318803398338,49.999999999999986,50.0
70320.0,0.27847085269535793,0.2133808145551314,0.077669508206041,49.999999999999986,50.0
70380.0,0.27827287686012686,0.2132481501758481,0.07760735481253977,49.999999999999986,50.0
70440.0,0.27807535190175187,0.21311578360957534,0.07754541913061998,49.999999999999986,50.00000000000001
70500.0,0.2778782763016095,0.21298371381355352,0.0774837001375151,49.99999999999999,50.00000000000001
70560.0,0.27768164854745325,0.21285193974987418,0.07742219681635458,49.99999999999999,50.00000000000001
70620.0,0.27748546713337946,0.2127204603854456,0.07736090815611621,50.0,50.00000000000001
70680.0,0.2772897305606716,0.21258927469316713,0.07729983315335523,50.0,50.00000000000001
70740.0,0.2770944373385811,0.2124583816530152,0.0772389708138051,50.0,50.00000000000001
70800.0,0.2768995859783015,0.21232778024377844,0.07717832014020909,50.0,50.00000000000001
70860.0,0.27670517499930075,0.21219746945176973,0.07711788014515097,50.0,50.00000000000001
70920.0,0.276511202927255,0.21206744826800386,0.07705764984689704,50.00000000000001,50.00000000000001
70980.0,0.2763176682940165,0.21193771568816475,0.07699762826935175,50.00000000000001,50.00000000000001
71040.0,0.2761245696375808,0.2118082707125752,0.07693781444201334,50.00000000000001,50.00000000000001
71100.0,0.27593190550205476,0.21167911234616535,0.07687820739992944,50.00000000000001,50.00000000000001
71160.0,0.27573967443762354,0.21155023959844274,0.07681880618365268,50.00000000000001,50.00000000000001
71220.0,0.2755478750005186,0.21142165148346093,0.07675960983919632,50.0,50.0
71280.0,0.2753565057538287,0.2112933470209082,0.07670061741978379,50.0,50.0
71340.0,0.2751655652682501,0.21116532523711734,0.0766418279874688,50.0,50.0
71400.0,0.2749750521162991,0.21103758515739068,0.07658324060085253,50.0,50.0
71460.0,0.2747849648783943,0.21091012581409002,0.07652485432804251,50.0,50.0
71520.0,0.27459530214087274,0.2107829462440147,0.07646666824245806,50.0,50.0
71580.0,0.2744060624959586,0.21065604548837122,0.07640868142278914,50.0,50.0
71640.0,0.27421724454173274,0.21052942259274576,0.07635089295295533,50.0,50.0
71700.0,0.2740288468821014,0.21040307660707433,0.0762933019220647,50.0,50.0
71760.0,0.2738408681267656,0.21027700658561457,0.07623590742437267,50.0,50.0
71820.0,0.2736533068911901,0.21015121158691633,0.07617870855924094,50.00000000000001,50.00000000000001
71880.0,0.27346616179738165,0.21002569067483273,0.07612170443267358,50.00000000000001,50.00000000000001
71940.0,0.2732794314746091,0.20990044291945537,0.07606489415873917,50.00000000000001,50.00000000000001
72000.0,0.27309311455385177,0.2097754673899942,0.07600827684877036,50.00000000000001,50.000000000000014
72060.0,0.27290720967363424,0.2096507631622829,0.07595185162275449,50.00000000000001,50.000000000000014
72120.0,0.2727217154781232,0.20952632931634566,0.07589561760564398,50.00000000000001,50.000000000000014
72180.0,0.27253663061709815,0.2094021649363702,0.07583957392731804,50.00000000000001,50.000000000000014
72240.0,0.2723519537459221,0.20927826911067998,0.0757837197225445,50.00000000000001,50.000000000000014
72300.0,0.2721676835255118,0.20915464093170866,0.07572805413094155,50.00000000000001,50.00000000000001
72360.0,0.2719838186223087,0.2090312794959717,0.07567257629693956,50.00000000000001,50.00000000000001
72420.0,0.2718003577082491,0.20890818390404034,0.07561728536974285,50.0,50.0
72480.0,0.27161729946151075,0.20878535326147976,0.07556218050477083,50.0,50.0
72540.0,0.2714346425672021,0.20866278667971774,0.07550726086499229,49.99999999999999,50.0
72600.0,0.27125238571204374,0.20854048326943103,0.07545252561079517,49.99999999999999,49.99999999999999
72660.0,0.2710705275899589,0.20841844214751704,0.07539797391067111,49.99999999999999,49.99999999999999
72720.0,0.27088906690025055,0.20829666243483283,0.0753436049377549,49.99999999999999,49.99999999999999
72780.0,0.27070800234757314,0.20817514325616965,0.07528941786978893,49.99999999999999,49.99999999999999
72840.0,0.27052733264190465,0.2080538837402292,0.0752354118890878,49.99999999999999,49.99999999999999
72900.0,0.2703470564985188,0.20793288301959637,0.07518158618250269,49.99999999999999,49.99999999999999
72960.0,0.27016717263795675,0.20781214023071543,0.07512793994138592,49.99999999999999,49.99999999999999
73020.0,0.26998767978599925,0.20769165451386404,0.07507447236155541,49.99999999999999,49.99999999999999
73080.0,0.2698085766743807,0.2075714250140259,0.07502118264467153,49.99999999999999,49.99999999999999
73140.0,0.2696298620414497,0.20745145088169645,0.07496806999951178,50.0,49.99999999999999
73200.0,0.26945153462707844,0.20733173126673984,0.07491513363230082,50.0,49.99999999999999
73260.0,0.26927359317801364,0.2072122653248644,0.07486237275691161,50.0,49.99999999999999
73320.0,0.26909603644613195,0.20709305221552274,0.07480978659156277,50.0,49.99999999999999
73380.0,0.2689188631884129,0.2069740911018881,0.07475737435878557,50.0,49.99999999999999
73440.0,0.26874207216691276,0.20685538115083052,0.07470513528539109,50.00000000000001,50.0
73500.0,0.26856566214873745,0.2067369215328935,0.07465306860243724,50.00000000000001,50.0
73560.0,0.26838963190601633,0.20661871142227112,0.0746011735451959,50.00000000000001,50.0
73620.0,0.26821398021587517,0.2065007499967826,0.0745494493531199,50.000000000000014,50.00000000000001
73680.0,0.2680387058611191,0.20638303643868272,0.07449789527111293,50.000000000000014,50.00000000000001
73740.0,0.2678638076308646,0.20626556993540932,0.0744465105507052,50.00000000000002,50.00000000000001
73800.0,0.267689284315672,0.20614834967388365,0.07439529444113341,50.00000000000002,50.000000000000014
73860.0,0.26751513471266203,0.20603137484651723,0.07434424619875045,50.00000000000002,50.000000000000014
73920.0,0.26734135762384775,0.20591464464926454,0.0742933650839786,50.00000000000002,50.000000000000014
73980.0,0.2671679518561089,0.20579815828159959,0.07424265036127914,50.00000000000002,50.000000000000014
74040.0,0.26699491622116706,0.20568191494649524,0.07419210129912172,50.00000000000002,50.000000000000014
74100.0,0.26682224953555983,0.20556591385040013,0.07414171716995385,50.00000000000002,50.000000000000014
74160.0,0.26664995062061564,0.20545015420321722,0.0740914972501704,50.000000000000014,50.00000000000001
74220.0,0.26647801830242857,0.20533463521828144,0.07404144082008299,50.000000000000014,50.00000000000001
74280.0,0.26630645141251064,0.20521935611310993,0.0739915471650359,50.00000000000001,50.0
74340.0,0.26613524878839495,0.2051043161100985,0.07394181557643918,50.00000000000001,50.0
74400.0,0.26596440926898746,0.20498951443122632,0.07389224534391733,50.0,49.99999999999999
74460.0,0.2657939316994536,0.204874950303635,0.07384283576358831,50.0,49.99999999999999
74520.0,0.2656238149296251,0.2047606229578206,0.07379358613538088,50.0,49.99999999999999
74580.0,0.26545405781397624,0.2046465316276107,0.07374449576300614,49.99999999999999,49.99999999999999
74640.0,0.2652846592115992,0.2045326755501455,0.07369556395392916,49.99999999999999,49.99999999999999
74700.0,0.26511561798618055,0.2044190539658564,0.07364679001934049,49.99999999999999,49.99999999999999
74760.0,0.2649469330059765,0.20430566611844495,0.07359817327412772,49.99999999999999,49.99999999999999
74820.0,0.2647786031437894,0.20419251125486357,0.07354971303684707,50.0,49.99999999999999
74880.0,0.26461062727759,0.20407958862601128,0.0735014086308588,50.0,50.0
74940.0,0.26444300429109324,0.20396689748737817,0.07345325938537871,50.0,50.0
75000.0,0.26427573306932284,0.20385443709413215,0.07340526462750951,50.0,50.0
75060.0,0.26410881250327417,0.20374220670629745,0.07335742369064881,50.0,50.0
75120.0,0.2639422414883944,0.20363020558707431,0.073309735911768,50.0,50.0
75180.0,0.26377601892455943,0.20351843300281944,0.07326220063138601,50.0,50.00000000000001
75240.0,0.26361014371605107,0.20340688822302716,0.07321481719354303,50.0,50.00000000000001
75300.0,0.263444614771534,0.20329557052031022,0.07316758494577412,50.0,50.00000000000001
75360.0,0.26327943100403295,0.20318447917037924,0.07312050323908292,50.0,50.0
75420.0,0.2631145913309097,0.2030736134520254,0.07307357142791543,50.0,50.0
75480.0,0.2629500946744566,0.20296297264776555,0.07302678887112779,50.0,50.0
75540.0,0.2627859399624461,0.20285255604444097,0.07298015493288265,50.0,50.0
75600.0,0.26262212612390123,0.2027423629286554,0.07293366897583986,50.0,50.0
75660.0,0.262458652093542,0.20263239259158228,0.07288733036833701,50.0,50.0
75720.0,0.262295516810336,0.20252264432740485,0.0728411384820629,50.0,50.0
75780.0,0.2621327192174766,0.20241311743329862,0.07279509269203314,50.0,50.0
75840.0,0.26197025826236114,0.20230381120941246,0.07274919237656557,50.00000000000001,50.0
75900.0,0.2618081328965692,0.20219472495885113,0.07270343691725585,50.00000000000001,50.00000000000001
75960.0,0.26164634207584075,0.20208585798765713,0.07265782569895293,50.00000000000001,50.00000000000001
76020.0,0.2614848847600545,0.2019772096047917,0.07261235810973456,50.00000000000001,50.00000000000001
76080.0,0.2613237599137932,0.2018687791227365,0.07256703354182524,50.00000000000001,50.00000000000001
76140.0,0.26116296650686704,0.201760565858051,0.07252185139244614,50.00000000000001,50.00000000000001
76200.0,0.2610025035102848,0.20165256912712845,0.07247681105736134,50.00000000000001,50.00000000000001
76260.0,0.2608423699004895,0.20154478825066752,0.07243191193768435,50.00000000000001,50.00000000000001
76320.0,0.2606825646579775,0.2014372225522204,0.0723871534376735,50.00000000000001,50.00000000000001
76380.0,0.2605230867672784,0.20132987135817682,0.07234253496470908,50.00000000000001,50.00000000000001
76440.0,0.2603639352169338,0.20122273399774612,0.07229805592927062,50.00000000000001,50.00000000000001
76500.0,0.2602051089994766,0.20111580980294155,0.07225371574491411,50.00000000000001,50.0
76560.0,0.2600466071114105,0.2010090981085616,0.07220951382824928,50.00000000000001,50.0
76620.0,0.2598884285531893,0.20090259825217488,0.07216544959891674,50.0,49.99999999999999
76680.0,0.25973057232975527,0.2007963095746775,0.07212152248045979,50.0,49.99999999999999
76740.0,0.25957303745103744,0.2006902314208095,0.07207773190113144,50.0,49.999999999999986
76800.0,0.25941582292811555,0.2005843631352134,0.07203407728776973,50.0,49.999999999999986
76860.0,0.25925892777725285,0.2004787040665883,0.07199055807225825,50.0,49.999999999999986
76920.0,0.25910235101858203,0.20037325356634028,0.07194717368943418,50.0,49.999999999999986
76980.0,0.25894609167608523,0.20026801098856764,0.07190392357706708,50.0,49.999999999999986
77040.0,0.2587901487775743,0.20016297569004485,0.0718608071758379,50.0,49.999999999999986
77100.0,0.25863452135467124,0.20005814703020583,0.07181782392931771,50.0,49.999999999999986
77160.0,0.25847920844278854,0.19995352437112898,0.07177497328394662,50.0,49.99999999999999
77220.0,0.2583242090811093,0.19984910707752118,0.07173225468901274,50.00000000000001,49.99999999999999
77280.0,0.2581695223131,0.19974489451723523,0.07168966759742615,50.00000000000001,50.0
77340.0,0.25801514718698426,0.1996408860617532,0.0716472114664357,50.00000000000001,50.00000000000001
77400.0,0.25786108275209274,0.19953708108251866,0.07160488575218273,50.00000000000001,50.00000000000001
77460.0,0.2577073280627009,0.19943347895479904,0.0715626899154441,50.000000000000014,50.000000000000014
77520.0,0.25755388217677816,0.19933007905643246,0.07152062341977138,50.00000000000001,50.000000000000014
77580.0,0.2574007441559691,0.19922688076781214,0.07147868573147116,50.00000000000001,50.000000000000014
77640.0,0.2572479130655748,0.19912388347187154,0.07143687631958537,50.00000000000001,50.000000000000014
77700.0,0.2570953879745342,0.19902108655407072,0.07139519465587163,50.00000000000001,50.000000000000014
77760.0,0.25694316795540517,0.19891848940237913,0.07135364021478355,50.0,50.000000000000014
77820.0,0.25679125208434594,0.1988160914072626,0.07131221247345108,50.0,50.000000000000014
77880.0,0.2566396394416025,0.19871389196216518,0.07127091091242106,49.99999999999999,50.00000000000001
77940.0,0.25648832911195935,0.19861189046395458,0.07122973501634282,49.999999999999986,50.00000000000001
78000.0,0.2563373201812682,0.19851008630951597,0.07118868426876243,49.999999999999986,50.0
78060.0,0.25618661174009766,0.1984084788993412,0.07114775815761326,49.999999999999986,50.0
78120.0,0.2560362028825437,0.19830706763636327,0.07110695617343764,49.999999999999986,50.0
78180.0,0.2558860927062118,0.19820585192594234,0.07106627780936854,49.999999999999986,50.0
78240.0,0.2557362803121993,0.1981048311758515,0.07102572256111135,49.999999999999986,50.0
78300.0,0.25558676480507736,0.19800400479626334,0.07098528992692556,49.999999999999986,50.0
78360.0,0.2554375452928734,0.1979033721997355,0.07094497940760648,49.999999999999986,50.0
78420.0,0.2552886208870531,0.19780293280119624,0.070904790506467,49.99999999999999,50.0
78480.0,0.2551399907029841,0.19770268601839455,0.07086472272998366,50.0,50.0
78540.0,0.2549916538603636,0.1976026312723148,0.07082477558839487,50.00000000000001,50.0
78600.0,0.25484360947991996,0.19750276798400407,0.07078494859114998,50.00000000000001,50.0
78660.0,0.2546958566868811,0.1974030955779146,0.07074524125170692,50.000000000000014,50.0
78720.0,0.25454839460984385,0.19730361348081743,0.07070565308597683,50.000000000000014,50.0
78780.0,0.25440122238075713,0.19720432112179195,0.070666183612307,50.000000000000014,50.0
78840.0,0.25425433913490514,0.1971052179322094,0.07062683235146383,50.000000000000014,50.0
78900.0,0.2541077440108902,0.19700630334572194,0.07058759882661574,50.000000000000014,50.0
78960.0,0.2539614361506161,0.19690757679824855,0.07054848256331611,50.000000000000014,50.0
79020.0,0.253815414699271,0.19680903772796252,0.07050948308948624,50.000000000000014,50.0
79080.0,0.25366967880576763,0.1967106855757078,0.07047059993607728,50.00000000000001,50.0
79140.0,0.25352422762315047,0.19661251978538785,0.07043183263768321,50.00000000000001,50.0
79200.0,0.25337906030546076,0.19651453980101016,0.07039318072789143,50.00000000000001,50.0
79260.0,0.2532341760110325,0.19641674506979898,0.07035464374418747,50.00000000000001,50.0
79320.0,0.2530895739014182,0.1963191350411823,0.07031622122636719,50.0,50.0
79380.0,0.2529452531413727,0.1962217091667831,0.0702779127165208,50.0,50.0
79440.0,0.25280121289883734,0.19612446690040397,0.07023971775901718,50.0,50.0
79500.0,0.25265745234492354,0.19602740769801588,0.07020163590048796,50.0,50.0
79560.0,0.25251397065389697,0.1959305310177463,0.07016366668981175,50.0,50.0
79620.0,0.25237076700316147,0.19583383631986528,0.0701258096780983,50.0,50.0
79680.0,0.25222784057367686,0.19573732306717628,0.07008806441923214,50.0,50.0
79740.0,0.252085190550346,0.1956409907253747,0.07005043047037582,50.0,50.0
79800.0,0.25194281611903674,0.19554483876029832,0.07001290738813748,50.0,50.0
79860.0,0.25180071646971297,0.19544886664082292,0.06997549473261021,50.0,50.0
79920.0,0.2516588907954137,0.19535307383792308,0.06993819206606187,50.0,50.0
79980.0,0.25151733829223827,0.19525745982465903,0.06990099895292042,50.0,50.0
80040.0,0.25137605815933073,0.1951620240761657,0.069863914959759,50.0,50.0
80100.0,0.25123504959886483,0.19506676606964096,0.06982693965528121,50.0,50.0
80160.0,0.2510943118160284,0.19497168528433423,0.06979007261030633,50.0,50.0
80220.0,0.2509538440190085,0.19487678120153343,0.06975331339775445,50.0,50.0
80280.0,0.2508136454193878,0.19478205330493034,0.06971666159318586,50.0,50.0
80340.0,0.2506737152325122,0.19468750108095342,0.0696801167753003,50.0,50.0
80400.0,0.25053405267466333,0.1945931240162041,0.06964367852214201,50.0,50.0
80460.0,0.25039465696603114,0.19449892160015808,0.06960734641510143,50.0,50.0
80520.0,0.2502555273297449,0.19440489332428718,0.06957112003761835,50.0,50.0
80580.0,0.25011666299185864,0.19431103868204933,0.06953499897516831,50.0,50.0
80640.0,0.24997806318133686,0.19421735716887675,0.06949898281524865,50.0,50.0
80700.0,0.2498397271300397,0.19412384828216483,0.06946307114736484,50.0,50.0
80760.0,0.24970165407270864,0.19403051152126274,0.06942726356301666,50.0,49.99999999999999
80820.0,0.24956384324695186,0.19393734638746013,0.06939155965568439,49.99999999999999,49.99999999999999
80880.0,0.24942629389362095,0.193844352384327,0.06935595902132824,49.99999999999999,49.99999999999999
80940.0,0.24928900525715939,0.19375152901802578,0.06932046125885069,49.99999999999999,49.99999999999999
81000.0,0.2491519765829191,0.1936588757949194,0.06928506596658182,49.99999999999999,49.99999999999999
81060.0,0.24901520711998157,0.19356639222409014,0.06924977274598519,49.99999999999999,49.99999999999999
81120.0,0.24887869612023844,0.19347407781652143,0.06921458120045691,49.99999999999999,49.99999999999999
81180.0,0.24874244283837738,0.19338193208508728,0.06917949093531273,49.99999999999999,49.99999999999999
81240.0,0.24860644653186864,0.19328995454454137,0.06914450155777524,49.99999999999999,49.99999999999999
81300.0,0.24847070646095093,0.19319814471150898,0.06910961267696103,49.99999999999999,49.99999999999999
81360.0,0.24833522188861784,0.1931065021044737,0.06907482390386786,49.99999999999999,49.99999999999999
81420.0,0.24819999208060384,0.19301502624376854,0.06904013485136175,50.0,50.0
81480.0,0.24806501630574185,0.19292371665189148,0.06900554513462367,50.0,50.0
81540.0,0.2479302938362937,0.19283257285379732,0.06897105437156298,50.0,50.0
81600.0,0.247795823945404,0.19274159437466462,0.06893666217967008,50.0,50.0
81660.0,0.24766160590977693,0.1926507807422467,0.06890236817933394,50.0,50.0
81720.0,0.24752763900880376,0.19256013148610834,0.06886817199276637,50.0,50.0
81780.0,0.24739392252454961,0.19246964613761447,0.06883407324398998,50.0,50.0
81840.0,0.24726045574174038,0.19237932422992265,0.06880007155882614,50.0,50.0
81900.0,0.24712723794774963,0.1922891652979711,0.06876616656488307,49.99999999999999,50.0
81960.0,0.24699426843258537,0.1921991688784704,0.06873235789154378,49.99999999999999,50.0
82020.0,0.246861546488877,0.19210933450989356,0.06869864516995403,49.99999999999999,49.99999999999999
82080.0,0.24672907141221445,0.19201966173276938,0.06866502803344565,49.999999999999986,49.99999999999999
82140.0,0.24659684250146155,0.19193015008995679,0.06863150611792834,49.999999999999986,49.99999999999999
82200.0,0.2464648590563405,0.19184079912455831,0.06859807905890838,49.99999999999998,49.99999999999999
82260.0,0.2463331203799714,0.19175160838211625,0.06856474649463151,49.99999999999998,49.99999999999999
82320.0,0.24620162577804447,0.19166257740989848,0.06853150806506396,49.99999999999998,49.99999999999999
82380.0,0.24607037455880745,0.19157370575688973,0.06849836341188126,49.99999999999998,49.99999999999999
82440.0,0.24593936603305314,0.19148499297378196,0.06846531217845704,49.999999999999986,49.99999999999999
82500.0,0.245808599514107,0.191396438612966,0.06843235400985188,49.999999999999986,49.99999999999999
82560.0,0.24567807431781455,0.19130804222852132,0.06839948855280199,49.999999999999986,50.0
82620.0,0.2455477897625289,0.1912198033762075,0.0683667154557081,49.99999999999999,50.0
82680.0,0.24541774516943246,0.1911317216137394,0.0683340343690273,50.0,50.00000000000001
82740.0,0.2452879398628344,0.19104379650104045,0.06830144494563573,50.0,50.000000000000014
82800.0,0.24515837316787872,0.1909560275982967,0.06826894683806776,50.0,50.000000000000014
82860.0,0.24502904441295376,0.19086841446800576,0.06823653970142633,50.00000000000001,50.000000000000014
82920.0,0.24489995292890654,0.19078095667431114,0.0682042231924392,50.00000000000001,50.000000000000014
82980.0,0.24477109804903108,0.19069365378299355,0.06817199696944856,50.00000000000001,50.000000000000014
83040.0,0.24464247910905637,0.1906065053614615,0.06813986069240055,50.00000000000001,50.000000000000014
83100.0,0.24451409544713462,0.19051951097874326,0.0681078140228348,50.00000000000001,50.000000000000014
83160.0,0.2443859464038293,0.19043267020547835,0.06807585662387393,50.0,50.00000000000001
83220.0,0.24425803132210325,0.19034598261390814,0.06804398816021309,50.0,50.00000000000001
83280.0,0.24413034954762375,0.1902594477781336,0.06801220829847876,49.99999999999999,50.0
83340.0,0.24400290042904466,0.19017306527435254,0.06798051670756074,49.99999999999999,49.99999999999999
83400.0,0.24387568331583262,0.19008683467903933,0.067948913056083,49.99999999999999,49.99999999999999
83460.0,0.24374869756055234,0.19000075557086074,0.06791739701506934,49.99999999999999,49.99999999999999
83520.0,0.24362194251812128,0.1899148275300544,0.06788596825707882,49.999999999999986,49.99999999999999
83580.0,0.24349541754579865,0.1898290501384184,0.06785462645619594,49.999999999999986,49.99999999999999
83640.0,0.24336912200317398,0.1897434229793052,0.06782337128802086,49.999999999999986,49.99999999999999
83700.0,0.24324305525215587,0.18965794563761165,0.06779220242965961,49.999999999999986,49.99999999999999
83760.0,0.24311721665696057,0.18957261769977266,0.06776111955971428,49.99999999999999,49.99999999999999
83820.0,0.2429916055841009,0.18948743875375132,0.06773012235827326,49.99999999999999,49.99999999999999
83880.0,0.2428662214026753,0.1894024083892801,0.06769921050724746,50.0,50.0
83940.0,0.24274106348463542,0.18931752619808276,0.06766838369068164,50.0,50.0
84000.0,0.24261613120272466,0.18923279177217214,0.06763764159238378,50.0,50.0
84060.0,0.2424914239326452,0.18914820470564161,0.06760698389842366,50.0,50.0
84120.0,0.24236694105235138,0.18906376459408292,0.06757641029632247,50.00000000000001,50.0
84180.0,0.24224268194203905,0.18897947103457816,0.06754592047504365,50.00000000000001,50.00000000000001
84240.0,0.24211864598413477,0.1888953236256922,0.06751551412498376,50.00000000000001,50.00000000000001
84300.0,0.24199483256328508,0.18881132196746456,0.0674851909379633,50.00000000000001,50.00000000000001
84360.0,0.24187124106634572,0.18872746566140264,0.06745495060721754,50.00000000000001,50.00000000000001
84420.0,0.24174787088237096,0.18864375431047284,0.06742479282738738,50.0,50.00000000000001
84480.0,0.24162472140288774,0.18856018751932602,0.06739471729483035,50.0,50.00000000000001
84540.0,0.24150179202214941,0.18847676489450488,0.06736472370790839,50.0,50.00000000000001
84600.0,0.24137908213518086,0.18839348604285178,0.06733481176479483,50.0,50.00000000000001
84660.0,0.24125659113983322,0.1883103505731837,0.06730498116578564,50.0,50.000000000000014
84720.0,0.24113431843611416,0.18822735809574892,0.06727523161254961,50.0,50.000000000000014
84780.0,0.24101226342617732,0.18814450822221815,0.06724556280811991,50.0,50.000000000000014
84840.0,0.24089042551431242,0.18806180056567867,0.06721597445688539,50.0,50.000000000000014
84900.0,0.24076880410693474,0.1879792347406258,0.06718646626458204,50.0,50.00000000000001
84960.0,0.24064739861257506,0.187896810362956,0.06715703793828448,50.00000000000001,50.00000000000001
85020.0,0.24052620844186942,0.1878145270499595,0.0671276891863973,50.00000000000001,50.00000000000001
85080.0,0.24040523300781907,0.18773238442053117,0.0670984197189417,50.00000000000001,50.00000000000001
85140.0,0.2402844717260311,0.18765038209536422,0.06706922924782067,50.00000000000001,50.0
85200.0,0.24016392401286443,0.1875685196954595,0.06704011748479706,50.00000000000001,50.0
85260.0,0.24004358928737865,0.18748679684369415,0.06701108414362425,50.00000000000001,50.0
85320.0,0.23992346697069838,0.18740521316431186,0.06698212893935475,50.00000000000001,50.0
85380.0,0.23980355648600366,0.1873237682829159,0.06695325158833225,50.00000000000001,50.0
85440.0,0.23968385725852018,0.1872424618264615,0.0669244518081835,50.00000000000001,49.99999999999999
85500.0,0.23956436871550962,0.18716129342325,0.06689572931781038,50.00000000000001,49.99999999999999
85560.0,0.23944509028625982,0.1870802627029214,0.06686708383738174,50.00000000000001,49.99999999999999
85620.0,0.23932602140207507,0.18699936929644695,0.0668385150883255,50.0,49.99999999999999
85680.0,0.2392071614965227,0.18691861283632696,0.06681002279359745,50.0,49.99999999999999
85740.0,0.23908851000566106,0.1868379929567734,0.06678160667793018,50.0,49.99999999999999
85800.0,0.23897006636628157,0.1867575092923101,0.06675326646593586,50.0,49.99999999999999
85860.0,0.2388518300177566,0.1866771614792464,0.0667250018841055,50.0,49.99999999999999
85920.0,0.2387338004014366,0.18659694915519637,0.06669681266016017,50.0,49.99999999999999
85980.0,0.2386159769606412,0.1865168719590736,0.06666869852304358,49.99999999999999,49.99999999999999
86040.0,0.23849835914064965,0.18643692953108396,0.06664065920291454,49.99999999999999,49.99999999999999
86100.0,0.23838094638869176,0.18635712151271935,0.06661269443113933,49.99999999999999,50.0
86160.0,0.23826373815393848,0.18627744754675127,0.06658480394028436,50.0,50.0
86220.0,0.2381467338874928,0.18619790727722427,0.06655698746410844,50.0,50.00000000000001
86280.0,0.23802993304262332,0.1861185003496401,0.06652924473781209,50.0,50.00000000000001
86340.0,0.2379133350749805,0.18603922641112935,0.06650157549826811,50.0,50.00000000000001
86400.0,0.23779693944092983,0.1859600851091398,0.06647397948226294,50.0,50.00000000000001
86460.0,0.23768074559930374,0.18588107609281732,0.0664464564283497,50.0,50.000000000000014
86520.0,0.23756475301083013,0.18580219901255446,0.06641900607624684,50.0,50.000000000000014
86580.0,0.2374489611381237,0.18572345351998673,0.06639162816683107,50.0,50.000000000000014
86640.0,0.23733336944567707,0.1856448392679846,0.06636432244213032,50.0,50.000000000000014
86700.0,0.23721797739985193,0.18556635591064907,0.06633708864531668,50.0,50.000000000000014
86760.0,0.2371027844688703,0.185488003103304,0.06630992652069934,50.0,50.00000000000001
86820.0,0.23698779012280557,0.1854097805024902,0.06628283581371755,50.0,50.00000000000001
86880.0,0.2368729938338044,0.18533168776613923,0.06625581627116976,50.0,50.0
86940.0,0.23675839507629115,0.1852537245537334,0.0662288676414258,50.0,49.99999999999999
87000.0,0.23664399332538788,0.18517589052507555,0.06620198967280817,50.0,49.99999999999999
87060.0,0.23652978805857505,0.18509818534158368,0.06617518211529735,50.0,49.99999999999999
87120.0,0.23641577875515,0.18502060866586933,0.06614844471997823,50.0,49.99999999999999
87180.0,0.23630196489621838,0.18494316016173162,0.0661217772390334,50.0,49.99999999999999
87240.0,0.23618834596468588,0.18486583949415178,0.06609517942573666,50.00000000000001,49.99999999999999
87300.0,0.23607492144524977,0.18478864632928743,0.06606865103444631,50.00000000000001,49.99999999999999
87360.0,0.23596169082439053,0.1847115803344662,0.06604219182059855,50.00000000000001,49.99999999999999
87420.0,0.23584865359036342,0.18463464117817988,0.06601580154070084,50.00000000000001,49.99999999999999
87480.0,0.23573580923340856,0.18455782853024735,0.06598947995254772,50.00000000000001,50.0
87540.0,0.23562315724594537,0.18448114206196486,0.06596322681542041,50.00000000000001,50.0
87600.0,0.23551069712107353,0.184404581444952,0.0659370418885632,50.00000000000001,50.0
87660.0,0.2353984283541483,0.18432814635236427,0.06591092493278863,50.00000000000001,50.00000000000001
87720.0,0.2352863504422666,0.18425183645850107,0.0658848757099565,50.0,50.00000000000001
87780.0,0.23517446288425922,0.18417565143879697,0.06585889398296761,50.0,50.00000000000001
87840.0,0.23506276518068261,0.18409959096981807,0.06583297951575752,50.0,50.00000000000001
87900.0,0.234951256833811,0.18402365472925594,0.06580713207329036,50.0,50.000000000000014
87960.0,0.23483993734762834,0.18394784239592143,0.06578135142155264,50.0,50.000000000000014
88020.0,0.23472880622782033,0.18387215364974036,0.06575563732754697,49.99999999999999,50.000000000000014
88080.0,0.2346178629819737,0.183796588171905,0.06572998955949372,49.999999999999986,50.000000000000014
88140.0,0.23450710711976033,0.1837211456450153,0.06570440788701759,49.999999999999986,50.000000000000014
88200.0,0.23439653815151582,0.1836458257519966,0.06567889207972366,49.999999999999986,50.000000000000014
88260.0,0.2342861555897333,0.18357062817723677,0.06565344190869751,49.999999999999986,50.000000000000014
88320.0,0.23417595894857618,0.1834955526062182,0.06562805714601827,49.999999999999986,50.000000000000014
88380.0,0.23406594774387046,0.18342059872551048,0.0656027375647527,49.999999999999986,50.000000000000014
88440.0,0.2339561214930971,0.18334576622276566,0.06557748293894945,49.999999999999986,50.000000000000014
88500.0,0.23384647971538447,0.18327105478671332,0.06555229304363316,49.999999999999986,50.00000000000001
88560.0,0.2337370219315007,0.1831964641071551,0.06552716765479866,49.99999999999999,50.00000000000001
88620.0,0.23362774766384609,0.18312199387495942,0.06550210654940511,49.99999999999999,50.0
88680.0,0.23351865643664196,0.18304764378220426,0.06547710950555995,50.0,49.99999999999999
88740.0,0.2334097477761054,0.18297341352231122,0.06545217630268917,50.00000000000001,49.99999999999999
88800.0,0.23330102120910098,0.1828993027890252,0.06542730672023672,50.00000000000001,49.999999999999986
88860.0,0.2331924762645577,0.18282531127748705,0.06540250053903437,50.00000000000001,49.999999999999986
88920.0,0.2330841124730065,0.1827514386838842,0.06537775754085677,50.00000000000001,49.999999999999986
88980.0,0.23297592936657321,0.18267768470544538,0.06535307750841593,50.00000000000001,49.999999999999986
89040.0,0.23286792647897125,0.18260404904043626,0.06532846022535582,50.00000000000001,49.999999999999986
89100.0,0.2327601033454943,0.182530531388154,0.06530390547624682,50.00000000000001,49.999999999999986
89160.0,0.23265245950300908,0.18245713144892275,0.06527941304658022,50.00000000000001,49.99999999999999
89220.0,0.2325449944899482,0.18238384892408796,0.06525498272276281,50.00000000000001,50.0
89280.0,0.23243770784648912,0.18231068351615176,0.06523061429228952,50.0,50.00000000000001
89340.0,0.23233059911471995,0.1822376349288966,0.06520630754390339,50.0,50.00000000000001
89400.0,0.2322236678373606,0.18216470286642958,0.0651820622663741,50.0,50.000000000000014
89460.0,0.2321169135591065,0.18209188703418683,0.06515787824978443,50.0,50.000000000000014
89520.0,0.23201033582619027,0.18201918713860796,0.06513375528511241,50.0,50.000000000000014
89580.0,0.23190393418637467,0.18194660288713022,0.06510969316422618,50.0,50.00000000000002
89640.0,0.23179770818894577,0.18187413398818375,0.06508569167987883,50.0,50.00000000000002
89700.0,0.231691657384706,0.18180178015118661,0.06506175062570323,50.0,50.000000000000014
89760.0,0.23158578132596727,0.18172954108654138,0.06503786979620683,50.0,50.000000000000014
89820.0,0.231480079566544,0.1816574165056289,0.06501404898676658,50.00000000000001,50.00000000000001
89880.0,0.2313745516619231,0.1815854061209354,0.06499028799379414,50.00000000000001,50.0
89940.0,0.23126919716942096,0.18151350964616986,0.064966586614889,50.00000000000001,49.99999999999999
90000.0,0.2311640156469705,0.18144172679536363,0.06494294464767024,50.00000000000001,49.99999999999999
90060.0,0.23105900665439574,0.1813700572838165,0.06491936189100708,50.00000000000001,49.99999999999999
90120.0,0.23095416975299582,0.18129850082778962,0.06489583814461933,50.00000000000001,49.99999999999999
90180.0,0.23084950450553857,0.18122705714449963,0.0648723732090725,50.00000000000001,49.999999999999986
90240.0,0.23074501047625368,0.1811557259521154,0.06484896688577305,50.00000000000001,49.999999999999986
90300.0,0.23064068723082634,0.18108450696975223,0.0648256189769634,50.00000000000001,49.999999999999986
90360.0,0.23053653433639054,0.18101339991746906,0.0648023292857172,50.0,49.99999999999999
90420.0,0.2304325513615224,0.18094240451626192,0.06477909761593444,50.0,49.99999999999999
90480.0,0.2303287378764015,0.18087152048818483,0.06475592377249127,49.99999999999999,50.0
90540.0,0.23022509345295983,0.18080074755645878,0.06473280756137882,49.99999999999999,50.0
90600.0,0.2301216176637308,0.1807300854446253,0.0647097487886427,49.99999999999999,50.0
90660.0,0.2300183100830586,0.18065953387743666,0.0646867472614997,49.99999999999999,50.0
90720.0,0.2299151702867035,0.18058909258056616,0.06466380278797502,49.99999999999999,50.0
90780.0,0.2298121978518356,0.1805187612806038,0.06464091517689764,49.99999999999999,50.0
90840.0,0.2297093923570285,0.1804485397050512,0.06461808423789583,49.99999999999999,50.0
90900.0,0.22960675338225311,0.18037842758231887,0.06459530978139254,49.99999999999999,50.00000000000001
90960.0,0.2295042805088712,0.18030842464172026,0.06457259161860078,50.0,50.0
91020.0,0.22940197331962933,0.1802385306134691,0.06454992956151918,50.0,50.0
91080.0,0.22929983139881152,0.18016874522879042,0.06452732342306743,50.00000000000001,50.0
91140.0,0.2291978543323808,0.18009906822002394,0.06450477301721172,50.000000000000014,50.0
91200.0,0.229096041706887,0.18002949931982795,0.06448227815800442,50.000000000000014,50.0
91260.0,0.2289943931106142,0.17996003826201604,0.06445983866059495,50.000000000000014,50.0
91320.0,0.22889290813320629,0.17989068478128542,0.06443745434090119,50.000000000000014,50.0
91380.0,0.2287915863656608,0.17982143861321212,0.06441512501560512,50.000000000000014,50.0
91440.0,0.22869042740032305,0.1797522994942464,0.06439285050214855,50.000000000000014,50.0
91500.0,0.22858943083088018,0.17968326716171043,0.0643706306187287,50.000000000000014,50.0
91560.0,0.22848859625235504,0.1796143413537923,0.06434846518429407,50.000000000000014,50.0
91620.0,0.2283879232611003,0.17954552180954333,0.06432635401853995,50.00000000000001,50.0
91680.0,0.2282874114549434,0.17947680826898318,0.06430429694204377,49.99999999999999,50.0
91740.0,0.22818706043332085,0.17940820047319714,0.0642822937763903,49.99999999999999,50.0
91800.0,0.22808686979624165,0.179339698163585,0.06426034434321513,49.99999999999999,50.0
91860.0,0.22798683914537618,0.17927130108265057,0.06423844846521205,49.99999999999999,50.0
91920.0,0.22788696808370087,0.1792030089737458,0.06421660596580586,49.999999999999986,50.0
91980.0,0.2277872562154923,0.1791348215810644,0.06419481666914831,49.999999999999986,50.00000000000001
92040.0,0.2276877031463217,0.17906673864964065,0.06417308040011399,49.999999999999986,50.00000000000001
92100.0,0.22758830848304898,0.1789987599253433,0.06415139698429638,49.999999999999986,50.00000000000001
92160.0,0.2274890718338173,0.17893088515487324,0.06412976624800372,49.999999999999986,50.00000000000001
92220.0,0.22738999280804711,0.1788631140857592,0.06410818801825496,49.99999999999999,50.00000000000001
92280.0,0.22729107101657395,0.1787954464664564,0.06408666212290987,49.99999999999999,50.00000000000001
92340.0,0.22719230607177565,0.1787278820464398,0.06406518839078937,49.99999999999999,50.00000000000001
92400.0,0.22709369758658868,0.17866042057549544,0.0640437666507565,50.0,50.00000000000001
92460.0,0.2269952451755415,0.17859306180446424,0.0640223967326846,50.0,50.00000000000001
92520.0,0.2268969484544172,0.1785258054850004,0.06400107846714287,50.0,50.00000000000001
92580.0,0.22679880704024816,0.1784586513695671,0.06397981168539262,50.0,50.00000000000001
92640.0,0.22670082055131038,0.17839159921143252,0.06395859621938343,50.0,50.00000000000001
92700.0,0.22660298860711822,0.17832464876466705,0.06393743190174944,50.00000000000001,50.00000000000001
92760.0,0.22650531082841882,0.17825779978413972,0.06391631856580539,50.00000000000001,50.00000000000001
92820.0,0.22640778683718682,0.17819105202551283,0.06389525604554289,50.00000000000001,50.00000000000001
92880.0,0.2263104162567547,0.17812440524533765,0.06387424417573395,50.00000000000001,50.00000000000001
92940.0,0.22621319871193393,0.17805785920114017,0.06385328279202679,50.000000000000014,50.00000000000001
93000.0,0.22611613382808088,0.1779914136507532,0.06383237173020966,50.000000000000014,50.00000000000001
93060.0,0.22601922123207782,0.177925068353019,0.06381151082698513,50.000000000000014,50.00000000000001
93120.0,0.22592246055201276,0.1778588230675598,0.06379069991971802,50.000000000000014,50.00000000000001
93180.0,0.22582585141717412,0.1777926775547745,0.06376993884643163,50.000000000000014,50.00000000000001
93240.0,0.22572939345804555,0.17772663157583524,0.06374922744580432,50.000000000000014,50.00000000000001
93300.0,0.22563308630630075,0.17766068489268413,0.06372856555716569,50.00000000000001,50.0
93360.0,0.2255369295947983,0.177594837268029,0.06370795302049316,50.00000000000001,50.0
93420.0,0.22544092295757634,0.17752908846534093,0.06368738967640823,50.00000000000001,50.0
93480.0,0.22534506602997675,0.17746343824894226,0.06366687536628078,50.0,50.0
93540.0,0.22524935844875965,0.17739788638408852,0.06364640993232565,50.0,50.0
93600.0,0.2251537998512168,0.17733243263633683,0.06362599321686283,49.99999999999999,50.0
93660.0,0.22505838987610302,0.17726707677221087,0.06360562506309599,49.99999999999999,50.0
93720.0,0.22496312816333192,0.17720181855898215,0.06358530531485929,49.99999999999999,50.0
93780.0,0.22486801435397105,0.17713665776466928,0.06356503381661387,49.999999999999986,50.0
93840.0,0.22477304809023693,0.1770715941580322,0.06354481041344452,49.999999999999986,50.0
93900.0,0.22467822901549003,0.17700662750857105,0.06352463495105622,49.999999999999986,50.0
93960.0,0.22458355677422978,0.1769417575865215,0.06350450727577071,49.999999999999986,50.0
94020.0,0.2244890310120897,0.17687698416285194,0.06348442723452316,49.99999999999999,50.0
94080.0,0.22439465137595505,0.1768123070093463,0.06346439467498188,49.99999999999999,50.0
94140.0,0.22430041751407176,0.1767477258986823,0.06344440944565936,49.99999999999999,50.0
94200.0,0.22420632907520435,0.1766832406038357,0.06342447139506797,49.99999999999999,50.0
94260.0,0.22411238570952033,0.17661885089870563,0.06340458037260994,49.99999999999999,50.0
94320.0,0.22401858706830144,0.17655455655791114,0.06338473622828886,49.99999999999999,50.0
94380.0,0.22392493280393885,0.17649035735678756,0.06336493881270636,50.0,50.0
94440.0,0.22383142256992847,0.1764262530713834,0.06334518797705904,50.0,50.0
94500.0,0.2237380560208661,0.17636224347845755,0.06332548357313528,50.0,50.0
94560.0,0.22364483281244285,0.17629832835547574,0.06330582545331193,50.0,49.99999999999999
94620.0,0.22355175260144022,0.17623450748060746,0.06328621347055124,50.0,49.99999999999999
94680.0,0.22345881504584203,0.1761707806328052,0.063266647478473,50.0,49.99999999999999
94740.0,0.22336601980493778,0.17610714759187623,0.06324712733142118,50.0,49.99999999999999
94800.0,0.22327336653852276,0.17604360813792216,0.0632276528839468,50.0,49.99999999999999
94860.0,0.22318085490773817,0.17598016205192824,0.06320822399135087,50.0,49.99999999999999
94920.0,0.22308848457479677,0.1759168091155708,0.06318884050950686,50.0,49.99999999999999
94980.0,0.22299625520297814,0.17585354911121523,0.06316950229485767,50.0,49.99999999999999
95040.0,0.22290416645662448,0.17579038182191223,0.06315020920441258,50.0,49.99999999999999
95100.0,0.22281221800113576,0.17572730703139486,0.06313096109574419,50.0,49.99999999999999
95160.0,0.22272040950296543,0.17566432452407565,0.06311175782698535,50.0,50.0
95220.0,0.2226287406296158,0.1756014340850429,0.06309259925682612,49.99999999999999,50.0
95280.0,0.2225372110497441,0.17553863550013699,0.06307348524461856,49.99999999999999,50.00000000000001
95340.0,0.22244582043326094,0.17547592855601685,0.06305441565047357,49.999999999999986,50.000000000000014
95400.0,0.22235456845057028,0.17541331303963048,0.06303539033452261,49.999999999999986,50.000000000000014
95460.0,0.2222634547733674,0.17535078873877272,0.06301640915769592,49.999999999999986,50.000000000000014
95520.0,0.22217247907437837,0.17528835544190288,0.06299747198147003,49.999999999999986,50.000000000000014
95580.0,0.2220816410273556,0.1752260129381416,0.06297857866786499,49.999999999999986,50.000000000000014
95640.0,0.2219909403070735,0.17516376101726883,0.06295972907944149,49.999999999999986,50.000000000000014
95700.0,0.2219003765893244,0.17510159946972068,0.06294092307929798,49.99999999999999,50.000000000000014
95760.0,0.22180994955091388,0.1750395280865859,0.06292216053106785,49.99999999999999,50.00000000000001
95820.0,0.22171965886965658,0.17497754665960363,0.06290344129891656,49.99999999999999,50.00000000000001
95880.0,0.2216295042244772,0.1749156549812341,0.0628847652476128,50.0,49.99999999999999
95940.0,0.22153948529550357,0.17485385284472266,0.06286613224259437,50.0,49.99999999999999
96000.0,0.2214496017633448,0.17479214004359825,0.06284754214946021,50.00000000000001,49.99999999999999
96060.0,0.22135985330984942,0.17473051637220136,0.06282899483450423,50.00000000000001,49.999999999999986
96120.0,0.22127023961785766,0.17466898162551137,0.06281049016454111,50.00000000000001,49.999999999999986
96180.0,0.22118076037119735,0.17460753559914344,0.06279202800690366,50.00000000000001,49.999999999999986
96240.0,0.22109141525467976,0.1745461780893468,0.06277360822944003,50.000000000000014,49.999999999999986
96300.0,0.22100220395409553,0.1744849088930012,0.06275523070051103,50.000000000000014,49.999999999999986
96360.0,0.22091312615621042,0.1744237278076145,0.06273689528898743,50.00000000000001,49.999999999999986
96420.0,0.22082418154876127,0.17436263463132032,0.06271860186424717,50.00000000000001,49.999999999999986
96480.0,0.22073536982055184,0.17430162916294345,0.06270035029625814,50.0,49.99999999999999
96540.0,0.2206466906615413,0.17424071120206253,0.06268214045565468,50.0,49.99999999999999
96600.0,0.22055814376215832,0.17417988054853462,0.06266397221315208,50.0,49.99999999999999
96660.0,0.22046972881402133,0.17411913700299364,0.06264584544016309,50.0,49.99999999999999
96720.0,0.2203814455097032,0.17405848036668875,0.06262776000859753,50.0,50.0
96780.0,0.2202932935427274,0.17399791044148089,0.06260971579085978,50.0,50.0
96840.0,0.22020527260756376,0.17393742702983997,0.06259171265984616,50.0,50.0
96900.0,0.22011738239962492,0.17387702993484308,0.06257375048894244,50.0,50.0
96960.0,0.220029622615262,0.17381671896017148,0.06255582915202117,50.0,50.0
97020.0,0.21994199295176087,0.17375649391010758,0.06253794852343923,50.0,50.0
97080.0,0.21985449310743316,0.17369635458959878,0.06252010847811139,50.0,50.0
97140.0,0.21976712278170055,0.1736363008043147,0.06250230889157836,50.0,50.0
97200.0,0.2196798816744423,0.17357633236019818,0.0624845496394847,50.0,50.0
97260.0,0.2195927694866804,0.173516449063938,0.06246683059812829,50.0,50.0
97320.0,0.2195057859203556,0.17345665072281324,0.06244915164428158,50.0,50.0
97380.0,0.21941893067832366,0.17339693714469293,0.06243151265518916,50.0,50.00000000000001
97440.0,0.21933220346435156,0.17333730813803105,0.062413913508565344,50.0,50.00000000000001
97500.0,0.2192456039831138,0.17327776351186655,0.06239635408259174,50.0,50.0
97560.0,0.21915913194018855,0.17321830307581917,0.06237883425591482,50.00000000000001,50.0
97620.0,0.21907278704205388,0.17315892664008734,0.06236135390764352,50.00000000000001,50.0
97680.0,0.21898656899617433,0.17309963401550846,0.06234391291741385,50.00000000000001,50.0
97740.0,0.21890047751108102,0.1730404250136123,0.06232651116544874,50.000000000000014,50.0
97800.0,0.2188145122957514,0.17298129944619758,0.062309148532098034,50.000000000000014,50.0
97860.0,0.21872867306026048,0.17292225712577772,0.062291824898322204,50.000000000000014,50.0
97920.0,0.2186429595155679,0.17286329786543506,0.06227454014553481,50.000000000000014,50.0
97980.0,0.21855737137351436,0.17280442147881817,0.06225729415560015,50.000000000000014,50.0
98040.0,0.21847190834681818,0.17274562778014066,0.06224008681083099,50.00000000000001,50.0
98100.0,0.2183865701490714,0.17268691658417734,0.06222291799398627,50.00000000000001,50.0
98160.0,0.2183013564947364,0.17262828770626265,0.06220578758826875,50.00000000000001,50.0
98220.0,0.2182162670991421,0.1725697409622887,0.06218869547732278,50.0,50.00000000000001
98280.0,0.21813130167856648,0.1725112761687606,0.062171641545300346,50.0,50.00000000000001
98340.0,0.21804645995031252,0.17245289314284878,0.06215462567692222,49.99999999999999,50.00000000000001
98400.0,0.21796174163211848,0.1723945917019873,0.06213764775700912,49.99999999999999,50.00000000000001
98460.0,0.2178771464427771,0.1723363716642954,0.06212070767097511,49.99999999999999,50.00000000000001
98520.0,0.2177926741019331,0.17227823284844032,0.06210380530466712,49.99999999999999,50.00000000000001
98580.0,0.21770832433007997,0.17222017507363496,0.06208694054436271,49.999999999999986,50.00000000000001
98640.0,0.21762409684855624,0.17216219815963502,0.06207011327676793,49.999999999999986,50.00000000000001
98700.0,0.21753999137954225,0.17210430192673737,0.06205332338901515,49.999999999999986,50.00000000000001
98760.0,0.2174560076460565,0.17204648619577778,0.06203657076866086,49.999999999999986,50.0
98820.0,0.21737214537195235,0.1719887507881278,0.062019855303683535,49.99999999999999,50.0
98880.0,0.2172884042819962,0.17193109552574984,0.06200317688254422,49.99999999999999,49.99999999999999
98940.0,0.21720478410193994,0.17187352023124414,0.06198653539424268,50.0,49.99999999999999
99000.0,0.21712128455795984,0.17181602472746932,0.06196993072788668,50.0,49.99999999999999
99060.0,0.21703790537724557,0.17175860883794217,0.061953362773145094,50.0,49.999999999999986
99120.0,0.21695464628780764,0.17170127238670682,0.061936831420100466,50.0,49.999999999999986
99180.0,0.21687150701847413,0.17164401519833275,0.061920336559246884,50.0,49.999999999999986
99240.0,0.21678848729888733,0.17158683709791228,0.06190387808148798,50.0,49.999999999999986
99300.0,0.21670558685950053,0.1715297379110593,0.06188745587813483,50.0,49.999999999999986
99360.0,0.21662280543157453,0.17147271746390552,0.0618710698409039,50.0,49.99999999999999
99420.0,0.21654014274717454,0.17141577558310012,0.06185471986191501,50.0,49.99999999999999
99480.0,0.21645759853924454,0.17135891209585896,0.06183840583374669,50.0,50.0
99540.0,0.21637517254167607,0.17130212683001222,0.06182212764948747,50.0,50.0
99600.0,0.2162928644887746,0.17124541961364204,0.0618058852023418,50.0,50.00000000000001
99660.0,0.21621067411581965,0.17118879027546263,0.0617896783860445,50.0,50.00000000000001
99720.0,0.2161286011588818,0.17113223864469645,0.06177350709472575,50.0,50.00000000000001
99780.0,0.21604664535481932,0.17107576455107185,0.061757371222909155,50.0,50.00000000000001
99840.0,0.21596480644127522,0.1710193678248206,0.061741270665509766,50.0,50.00000000000001
99900.0,0.21588308415667393,0.1709630482966771,0.061725205317832155,50.0,50.0
99960.0,0.21580147824021814,0.17090680579787473,0.06170917507556843,50.0,50.0
100020.0,0.2157199884318858,0.17085064016014523,0.061693179834796295,49.99999999999999,49.99999999999999
100080.0,0.21563861447250077,0.17079455121576548,0.06167721949203275,49.999999999999986,49.999999999999986
100140.0,0.21555735610379834,0.17073853879760234,0.06166129394428377,49.999999999999986,49.99999999999998
100200.0,0.2154762130679174,0.17068260273876973,0.06164540308866265,49.999999999999986,49.99999999999998
100260.0,0.2153951851079334,0.1706267428729889,0.06162954682279149,49.999999999999986,49.99999999999998
100320.0,0.21531427196768427,0.17057095903447028,0.06161372504467048,49.999999999999986,49.99999999999998
100380.0,0.21523347339176713,0.1705152510579119,0.06159793765267601,49.999999999999986,49.99999999999998
100440.0,0.21515278912553548,0.17045961877849694,0.061582184545558874,49.999999999999986,49.99999999999998
100500.0,0.21507221891509604,0.1704040620318928,0.06156646562244236,49.99999999999999,49.99999999999998
100560.0,0.21499176250730573,0.17034858065424774,0.06155078078282045,49.99999999999999,49.999999999999986
100620.0,0.2149114196497687,0.1702931744821902,0.06153512992655591,49.99999999999999,49.99999999999999
100680.0,0.2148311900909037,0.17023784335287329,0.06151951295393066,50.0,50.0
100740.0,0.21475107358000647,0.17018258710401699,0.06150392976569235,50.0,50.0
100800.0,0.2146710698667661,0.17012740557358366,0.06148838026269644,50.0,50.00000000000001
100860.0,0.21459117870177252,0.17007229860011833,0.06147286434628267,50.00000000000001,50.00000000000001
100920.0,0.21451139983635067,0.17001726602263822,0.06145738191815242,50.00000000000001,50.00000000000001
100980.0,0.21443173302255752,0.1699623076806301,0.061441932880367006,50.00000000000001,50.000000000000014
101040.0,0.21435217801317913,0.16990742341404863,0.06142651713534589,50.00000000000001,50.000000000000014
101100.0,0.21427273456172782,0.16985261306331442,0.06141113458586491,50.00000000000001,50.00000000000001
101160.0,0.21419340242243928,0.16979787646931283,0.06139578513505457,50.00000000000001,50.00000000000001
101220.0,0.21411418135026958,0.16974321347339094,0.06138046868639824,50.0,50.0
101280.0,0.21403507110095937,0.16968862391740122,0.061365185143778894,50.0,49.99999999999999
101340.0,0.2139560714310933,0.16963410764374118,0.0613499344115224,50.0,49.999999999999986
101400.0,0.21387718209763948,0.169579664495046,0.061334716394064834,50.0,49.999999999999986
101460.0,0.21379840285843274,0.16952529431451016,0.061319530996302295,50.0,49.999999999999986
101520.0,0.21371973347201664,0.16947099694578335,0.06130437812347695,50.0,49.999999999999986
101580.0,0.21364117369764055,0.1694167722329686,0.061289257681175366,50.0,49.99999999999998
101640.0,0.21356272329525705,0.1693626200206194,0.061274169575326824,49.99999999999999,49.999999999999986
101700.0,0.21348438202551898,0.16930854015373867,0.06125911371220165,49.99999999999999,49.999999999999986
101760.0,0.21340614964977678,0.16925453247777722,0.06124408999840958,50.0,49.999999999999986
101820.0,0.21332802593007572,0.16920059683863128,0.06122909834089804,50.0,49.99999999999999
101880.0,0.21325001062921686,0.16914673308268366,0.06121413864699676,50.0,50.0
101940.0,0.21317210351081373,0.1690929410568417,0.06119921082445897,50.0,50.0
102000.0,0.21309430433885365,0.1690392206082441,0.06118431478114431,50.0,50.0
102060.0,0.213016612878158,0.16898557158456878,0.061169450425352316,50.0,50.0
102120.0,0.21293902889423177,0.16893199383393154,0.06115461766571376,50.0,50.00000000000001
102180.0,0.21286155215326066,0.1688784872048855,0.06113981641118911,50.0,50.00000000000001
102240.0,0.21278418242210861,0.1688250515464186,0.06112504657106688,50.0,50.00000000000001
102300.0,0.21270691946831516,0.16877168670795206,0.061110308054962086,50.0,50.00000000000001
102360.0,0.21262976306009262,0.16871839253933887,0.06109560077281469,49.99999999999999,50.0
102420.0,0.21255271296632358,0.16866516889086133,0.06108092463488794,49.99999999999999,50.0
102480.0,0.212475768956619,0.16861201561327088,0.06106627955181045,49.99999999999999,49.99999999999999
102540.0,0.21239893080137198,0.1685589325578234,0.06105166543461504,49.99999999999999,49.999999999999986
102600.0,0.2123221982713402,0.1685059195760011,0.061037082194439714,49.99999999999999,49.999999999999986
102660.0,0.212245571138084,0.16845297651980465,0.061022529742842085,49.99999999999999,49.999999999999986
102720.0,0.2121690491738233,0.16840010324165744,0.06100800799169698,49.99999999999999,49.999999999999986
102780.0,0.21209263215143465,0.16834729959440406,0.06099351685319486,49.99999999999999,49.999999999999986
102840.0,0.2120163198444491,0.16829456543130897,0.060979056239840394,49.99999999999999,49.999999999999986
102900.0,0.21194011202704932,0.16824190060605465,0.0609646260644509,49.99999999999999,49.999999999999986
102960.0,0.21186400847406722,0.16818930497273943,0.06095022624015483,49.99999999999999,49.99999999999999
103020.0,0.2117880089609814,0.1681367783858769,0.060935856680390324,50.0,49.99999999999999
103080.0,0.21171211326397246,0.16808432070043144,0.06092151729894435,50.0,50.0
103140.0,0.21163632115997427,0.16803193177185374,0.06090720800998901,50.0,50.0
103200.0,0.21156063242627615,0.16797961145581536,0.060892928727802303,50.00000000000001,50.00000000000001
103260.0,0.21148504684094024,0.16792735960848665,0.06087867936706172,50.00000000000001,50.00000000000001
103320.0,0.21140956418266504,0.16787517608644617,0.0608644598427485,50.00000000000001,50.00000000000001
103380.0,0.2113341842307828,0.1678230607466786,0.06085027007014627,50.00000000000001,50.00000000000001
103440.0,0.2112589067652572,0.16777101344657347,0.06083610996483956,50.00000000000001,50.00000000000001
103500.0,0.21118373156668083,0.1677190340439241,0.06082197944271241,50.00000000000001,50.00000000000001
103560.0,0.21110865841627283,0.16766712239692502,0.060807878419946906,50.00000000000001,50.00000000000001
103620.0,0.21103368709587642,0.16761527836417073,0.060793806813021795,50.0,50.0
103680.0,0.2109588173880116,0.16756350180469126,0.06077976453874964,50.0,50.0
103740.0,0.2108840490759241,0.16751179257798407,0.060765751514311336,50.0,50.0
103800.0,0.21080938194320603,0.16746015054376265,0.060751767656990904,49.99999999999999,50.0
103860.0,0.21073481577419384,0.16740857556222088,0.0607378128844543,49.99999999999999,49.99999999999999
103920.0,0.2106603503538381,0.16735706749394583,0.060723887114658516,49.99999999999999,49.99999999999999
103980.0,0.21058598546770108,0.16730562619991757,0.06070999026585026,49.99999999999999,49.99999999999999
104040.0,0.21051172090195452,0.16725425154150597,0.06069612225656455,49.99999999999999,49.99999999999999
104100.0,0.21043755644337728,0.16720294338047031,0.06068228300562341,49.99999999999999,49.99999999999999
104160.0,0.21036349187935288,0.16715170157895848,0.06066847243213445,49.99999999999999,49.99999999999999
104220.0,0.21028952699786727,0.1671005259995033,0.060654690455489546,49.99999999999999,49.99999999999999
104280.0,0.2102156615875591,0.16704941650505775,0.0606409369954002,49.99999999999999,49.99999999999999
104340.0,0.2101418954377663,0.16699837295902487,0.060627211971930196,49.99999999999999,49.99999999999999
104400.0,0.21006822833816433,0.16694739522501886,0.06061351530524384,50.0,49.99999999999999
104460.0,0.20999466007914586,0.16689648316711658,0.06059984691587067,50.0,49.99999999999999
104520.0,0.20992119045169624,0.16684563664977414,0.060586206724619174,50.0,49.99999999999999
104580.0,0.2098478192473915,0.16679485553782714,0.060572594652575515,50.0,49.99999999999999
104640.0,0.20977454625839592,0.16674413969648724,0.0605590106211022,50.0,49.99999999999999
104700.0,0.20970137127746,0.1666934889913429,0.06054545455183684,50.0,49.99999999999999
104760.0,0.209628294097918,0.16664290328835635,0.060531926366690796,50.0,50.0
104820.0,0.2095553145136859,0.16659238245386224,0.06051842598784795,50.00000000000001,50.0
104880.0,0.20948243231930913,0.16654192635460038,0.06050495333779761,50.00000000000001,50.00000000000001
104940.0,0.20940964731000714,0.1664915348577442,0.06049150833936504,50.000000000000014,50.00000000000001
105000.0,0.20933695928132848,0.16644120783067298,0.06047809091547647,50.000000000000014,50.00000000000001
105060.0,0.20926436802951257,0.16639094514121175,0.060464700989406074,50.000000000000014,50.00000000000001
105120.0,0.20919187335137124,0.16634074665755222,0.06045133848469545,50.000000000000014,50.00000000000001
105180.0,0.20911947504428666,0.1662906122482515,0.0604380033251524,50.000000000000014,50.00000000000001
105240.0,0.20904717290620906,0.16624054178223088,0.060424695434849685,50.000000000000014,50.00000000000001
105300.0,0.20897496673565472,0.16619053512877455,0.06041141473812378,50.000000000000014,50.0
105360.0,0.2089028563317037,0.1661405921575281,0.060398161159573686,50.00000000000001,50.0
105420.0,0.2088308414939977,0.1660907127384971,0.060384934624059666,50.00000000000001,49.99999999999999
105480.0,0.2087589220227859,0.16604089674207706,0.06037173505673437,50.0,49.99999999999999
105540.0,0.20868709771896707,0.16599114403908183,0.06035856238307159,50.0,49.99999999999999
105600.0,0.2086153683837609,0.16594145450052655,0.06034541652864444,50.0,49.99999999999999
105660.0,0.20854373381905295,0.16589182799785518,0.06033229741935851,49.99999999999999,49.99999999999999
105720.0,0.2084721938272815,0.165842264402866,0.06031920498137585,49.99999999999999,49.999999999999986
105780.0,0.20840074821143567,0.16579276358771086,0.06030613914111374,49.99999999999999,49.999999999999986
105840.0,0.20832939677505338,0.165743325424892,0.0602930998252436,49.99999999999999,49.999999999999986
105900.0,0.20825813932221912,0.16569394978726376,0.06028008696068975,49.99999999999999,49.99999999999999
105960.0,0.20818697565756203,0.16564463654802794,0.06026710047462827,49.99999999999999,49.99999999999999
106020.0,0.20811590558625379,0.16559538558073514,0.06025414029448585,50.0,49.99999999999999
106080.0,0.20804492891405216,0.16554619675931181,0.060241206347969624,50.0,50.0
106140.0,0.20797404544734138,0.16549706995808763,0.060228298563094855,50.0,50.0
106200.0,0.20790325499281856,0.1654480050515887,0.06021541686797189,50.0,50.0
106260.0,0.20783255735782252,0.16539900191475482,0.06020256119103007,50.0,50.00000000000001
106320.0,0.20776195235022624,0.1653500604228678,0.06018973146094475,50.0,50.00000000000001
106380.0,0.2076914397784347,0.16530118045155057,0.06017692760663617,50.0,50.00000000000001
106440.0,0.20762101945138306,0.16525236187676526,0.060164149557268336,50.0,50.00000000000001
106500.0,0.20755069117853456,0.1652036045748136,0.06015139724224791,50.0,50.00000000000001
106560.0,0.20748045476987856,0.1651549084223335,0.0601386705912231,50.0,50.00000000000001
106620.0,0.20741031003592866,0.16510627329629926,0.060125969534082536,49.99999999999999,50.0
106680.0,0.2073402567877641,0.16505769907404855,0.060113294000983274,49.99999999999999,50.0
106740.0,0.2072702948370684,0.1650091856333069,0.06010064392237666,49.99999999999999,50.0
106800.0,0.20720042399583005,0.16496073285199297,0.06008801922880872,49.99999999999999,50.0
106860.0,0.20713064407665632,0.16491234060842294,0.060075419851129935,49.99999999999999,50.0
106920.0,0.2070609548926705,0.16486400878124405,0.060062845720426854,49.99999999999999,50.0
106980.0,0.20699135625751008,0.16481573724943285,0.06005029676802099,49.99999999999999,50.0
107040.0,0.20692184798532465,0.16476752589229438,0.06003777292546779,49.99999999999999,50.0
107100.0,0.2068524298907742,0.1647193745894605,0.06002527412455557,49.99999999999999,50.0
107160.0,0.2067831017890272,0.16467128322088928,0.06001280029730444,49.99999999999999,50.0
107220.0,0.20671386349575852,0.16462325166686323,0.06000035137596526,50.0,50.00000000000001
107280.0,0.20664471482718927,0.16457527980801537,0.05998792729304554,50.0,50.00000000000001
107340.0,0.20657565560012345,0.16452736752535346,0.0599755279813335,50.0,50.00000000000001
107400.0,0.20650668563166233,0.16447951470007316,0.05996315337371276,50.00000000000001,50.00000000000001
107460.0,0.2064378047395041,0.16443172121375393,0.059950803403357004,50.00000000000001,50.00000000000001
107520.0,0.2063690127418455,0.1643839869482948,0.05993847800366645,50.00000000000001,50.00000000000001
107580.0,0.20630030945738023,0.16433631178591315,0.059926177108266844,50.00000000000001,50.00000000000001
107640.0,0.20623169470529704,0.16428869560914414,0.059913900651008455,50.00000000000001,50.00000000000001
107700.0,0.2061631683052779,0.16424113830083836,0.059901648565965054,50.0,50.00000000000001
107760.0,0.20609473007749615,0.1641936397441621,0.059889420787432895,50.0,50.00000000000001
107820.0,0.20602637984261477,0.16414619982259454,0.059877217249929726,49.99999999999999,50.0
107880.0,0.2059581174218241,0.16409881841995452,0.05986503788821995,49.99999999999999,50.0
107940.0,0.20588994263687696,0.16405149542042144,0.05985288263733788,49.99999999999999,50.0
108000.0,0.20582185530981603,0.16400423070835812,0.05984075143240816,49.999999999999986,49.99999999999999
108060.0,0.20575385526325968,0.16395702416849808,0.05982864420883452,49.999999999999986,49.99999999999999
108120.0,0.20568594232030837,0.16390987568588322,0.05981656090223815,49.999999999999986,49.99999999999999
108180.0,0.2056181163045428,0.16386278514586394,0.05980450144845679,49.999999999999986,49.99999999999999
108240.0,0.20555037704002233,0.16381575243409677,0.05979246578354374,49.999999999999986,49.99999999999999
108300.0,0.20548272435128304,0.16376877743654403,0.059780453843766915,49.999999999999986,49.99999999999999
108360.0,0.20541515806333607,0.16372186003947284,0.05976846556560785,49.99999999999999,49.99999999999999
108420.0,0.20534767800166592,0.1636750001294534,0.059756500885760774,49.99999999999999,50.0
108480.0,0.20528028399226644,0.16362819759338293,0.05974455974115689,50.0,50.0
108540.0,0.2052129758616744,0.1635814523185073,0.05973264206898682,50.0,50.00000000000001
108600.0,0.20514575343670904,0.1635347641922514,0.059720747806527384,50.0,50.00000000000001
108660.0,0.20507861654474527,0.16348813310239757,0.059708876891323655,50.00000000000001,50.00000000000001
108720.0,0.20501156501362391,0.16344155893702642,0.05969702926112963,50.00000000000001,50.00000000000001
108780.0,0.20494459867165027,0.16339504158451668,0.05968520485390724,50.00000000000001,50.00000000000001
108840.0,0.2048777173475923,0.16334858093354335,0.05967340360782551,50.00000000000001,50.00000000000001
108900.0,0.20481092087067906,0.16330217687307694,0.059661625461259575,50.00000000000001,50.00000000000001
108960.0,0.20474420907059887,0.16325582929238278,0.0596498703527898,50.00000000000001,50.00000000000001
109020.0,0.20467758177749773,0.1632095380810191,0.059638138221200857,50.00000000000001,50.00000000000001
109080.0,0.20461103882201379,0.16316330312886024,0.05962642900550344,50.00000000000001,50.00000000000001
109140.0,0.2045445800353093,0.16311712432611697,0.05961474264495436,50.00000000000001,50.00000000000001
109200.0,0.20447820524882196,0.16307100156317508,0.059603079078901174,50.00000000000001,50.00000000000001
109260.0,0.2044119142945256,0.1630249347307648,0.059591438246945384,50.00000000000001,50.00000000000001
109320.0,0.20434570700484475,0.16297892371990513,0.05957982008888912,50.00000000000001,50.00000000000001
109380.0,0.20427958321265305,0.16293296842190325,0.059568224544734275,50.00000000000001,50.00000000000001
109440.0,0.20421354275127163,0.16288706872835323,0.05955665155468165,50.00000000000001,50.00000000000001
109500.0,0.20414758545446746,0.16284122453113467,0.05954510105913004,50.00000000000001,50.00000000000001
109560.0,0.2040817111564517,0.16279543572241206,0.059533572998675385,50.0,50.0
109620.0,0.20401591969187827,0.16274970219463378,0.0595220673141099,50.0,50.0
109680.0,0.2039502108958765,0.16270402384055302,0.05951058394644245,50.0,50.0
109740.0,0.2038845846040819,0.16265840055324846,0.05949912283691744,50.0,50.0
109800.0,0.20381904065239848,0.16261283222596898,0.05948768392686877,50.0,50.0
109860.0,0.2037535788772478,0.1625673187522964,0.059476267157873186,50.0,50.0
109920.0,0.20368819911548733,0.16252186002609187,0.059464872471700195,50.0,50.0
109980.0,0.20362290120440904,0.16247645594149496,0.05945349981031122,50.0,50.0
110040.0,0.20355768498173762,0.1624311063929227,0.059442149115858746,49.99999999999999,50.0
110100.0,0.2034925502856291,0.16238581127506888,0.05943082033068552,49.99999999999999,50.0
110160.0,0.20342749695466925,0.16234057048290237,0.059419513397323695,50.0,50.0
110220.0,0.20336252482787195,0.16229538391166715,0.05940822825849397,50.0,50.00000000000001
110280.0,0.20329763374471083,0.16225025145690156,0.05939696485712727,50.0,50.00000000000001
110340.0,0.20323282354514807,0.1622051730144579,0.059385723136384724,50.0,50.000000000000014
110400.0,0.20316809406940795,0.16216014848035562,0.05937450303950354,50.00000000000001,50.000000000000014
110460.0,0.20310344515821432,0.16211517775093454,0.05936330450995907,50.00000000000001,50.000000000000014
110520.0,0.20303887665271278,0.16207026072280548,0.05935212749141192,50.0,50.000000000000014
110580.0,0.20297438839446924,0.16202539729284796,0.05934097192770726,50.0,50.000000000000014
110640.0,0.20290998022546833,0.16198058735821083,0.05932983776287391,50.0,50.000000000000014
110700.0,0.20284565198811194,0.16193583081630958,0.059318724941123654,50.0,50.000000000000014
110760.0,0.20278140352521776,0.16189112756482765,0.05930763340685037,50.0,50.00000000000001
110820.0,0.20271723468001776,0.16184647750171238,0.05929656310462926,49.99999999999999,50.00000000000001
110880.0,0.20265314529618825,0.16180188052519787,0.05928551397923664,49.99999999999999,50.0
110940.0,0.2025891352178776,0.1617573365338199,0.059274485975668235,49.99999999999999,50.0
111000.0,0.2025252042894897,0.16171284542627823,0.05926347903899797,49.99999999999999,49.99999999999999
111060.0,0.2024613523559108,0.16166840710158192,0.05925249311452637,49.999999999999986,49.99999999999999
111120.0,0.20239757926243543,0.1616240214590017,0.05924152814773214,49.999999999999986,49.99999999999999
111180.0,0.20233388485476472,0.1615796883980694,0.05923058408427142,49.999999999999986,49.99999999999999
111240.0,0.202270268979005,0.16153540781857628,0.05921966086997701,49.999999999999986,49.999999999999986
111300.0,0.2022067314816664,0.1614911796205729,0.05920875845085761,49.999999999999986,49.999999999999986
111360.0,0.20214327220966144,0.1614470037043681,0.05919787677309709,49.999999999999986,49.999999999999986
111420.0,0.20207989101030346,0.16140287997052696,0.05918701578305371,49.99999999999999,49.99999999999999
111480.0,0.2020165877313356,0.161358808319891,0.05917617542727404,49.99999999999999,49.99999999999999
111540.0,0.20195336222095706,0.16131478865359414,0.05916535565250581,49.99999999999999,50.0
111600.0,0.20189021432761609,0.16127082087292965,0.05915455640559707,49.99999999999999,50.0
111660.0,0.20182714390022707,0.16122690487948987,0.05914377763360175,50.0,50.0
111720.0,0.20176415078809934,0.16118304057512045,0.059133019283745016,50.0,50.0
111780.0,0.2017012348409359,0.16113922786191962,0.05912228130342249,50.0,50.0
111840.0,0.2016383959088319,0.16109546664223703,0.05911156364019953,50.0,50.0
111900.0,0.20157563384227326,0.16105175681867287,0.05910086624181051,50.0,50.0
111960.0,0.20151294849213544,0.16100809829407725,0.05909018905615809,50.00000000000001,50.0
112020.0,0.2014503397096819,0.16096449097154927,0.059079532031312464,50.00000000000001,50.0
112080.0,0.20138780734659165,0.16092093475445488,0.05906889511553171,50.00000000000001,50.0
112140.0,0.20132535125498455,0.16087742954644252,0.05905827825728058,50.00000000000001,50.0
112200.0,0.2012629712872233,0.16083397525131632,0.05904768140508613,50.000000000000014,50.0
112260.0,0.20120066729612096,0.16079057177316886,0.0590371045076896,50.000000000000014,50.0
112320.0,0.20113843913487295,0.16074721901633848,0.059026547513996996,50.000000000000014,50.0
112380.0,0.20107628665705574,0.1607039168854083,0.059016010373078374,50.000000000000014,50.0
112440.0,0.20101420971662534,0.16066066528520406,0.05900549303416716,50.000000000000014,50.0
112500.0,0.20095220816791629,0.16061746412079514,0.05899499544665944,50.00000000000001,50.0
112560.0,0.20089028186563995,0.16057431329749194,0.05898451756011331,50.00000000000001,50.0
112620.0,0.20082843066488357,0.1605312127208465,0.05897405932424812,50.0,50.0
112680.0,0.20076665442113623,0.1604881622966685,0.05896362068896342,50.0,50.0
112740.0,0.20070495299031327,0.16044516193104108,0.05895320160435644,49.99999999999999,50.0
112800.0,0.20064332622856668,0.16040221153019918,0.05894280202058773,49.99999999999999,50.0
112860.0,0.20058177399248378,0.16035931100065684,0.05893242188802248,49.99999999999999,50.0
112920.0,0.20052029613902211,0.16031646024916607,0.05892206115718451,49.999999999999986,50.0
112980.0,0.20045889252550808,0.16027365918271524,0.05891171977875561,49.999999999999986,50.0
113040.0,0.2003975630096357,0.16023090770852844,0.05890139770357486,49.999999999999986,50.0
113100.0,0.20033630744946535,0.160188205734065,0.05889109488263801,49.999999999999986,50.0
113160.0,0.20027512570342246,0.16014555316701862,0.058880811267096815,49.999999999999986,50.0
113220.0,0.20021401763029625,0.16010294991531615,0.058870546808258366,49.99999999999999,50.0
113280.0,0.20015298308926482,0.16006039588713405,0.05886030145759254,49.99999999999999,50.0
113340.0,0.20009202193991843,0.16001789099091357,0.05885007516673893,49.99999999999999,50.0
113400.0,0.2000311340420781,0.15997543513524337,0.05883986788745074,49.99999999999999,50.0
113460.0,0.1999703192559856,0.15993302822898273,0.058829679571653,49.99999999999999,50.0
113520.0,0.1999095774422413,0.15989067018122055,0.05881951017142313,49.99999999999999,50.0
113580.0,0.19984890846180273,0.15984836090127524,0.05880935963899031,49.99999999999999,50.0
113640.0,0.19978831217598345,0.15980610029869333,0.058799227926734816,49.99999999999999,50.0
113700.0,0.19972778844645178,0.1597638882832495,0.05878911498718739,49.99999999999999,50.0
113760.0,0.19966733713522966,0.15972172476494503,0.058779020773028594,49.99999999999999,50.0
113820.0,0.19960695810469128,0.1596796096540072,0.05876894523708817,49.99999999999999,50.0
113880.0,0.19954665121758727,0.1596375428609051,0.058758888332367545,49.99999999999999,50.0
113940.0,0.19948641633706676,0.15959552429636356,0.0587488500120606,49.99999999999999,50.0
114000.0,0.19942625332650396,0.1595535538712517,0.05873883022939531,49.99999999999999,50.0
114060.0,0.19936616204967986,0.1595116314966998,0.05872882893780067,49.99999999999999,50.0
114120.0,0.19930614237072275,0.15946975708406108,0.05871884609085262,49.99999999999999,50.0
114180.0,0.1992461941541069,0.1594279305449105,0.05870888164227342,49.99999999999999,50.0
114240.0,0.1991863172646515,0.15938615179104498,0.05869893554593101,49.99999999999999,50.0
114300.0,0.19912651156751926,0.1593444207344815,0.05868900775583847,49.99999999999999,50.0
114360.0,0.1990667769282155,0.15930273728745675,0.05867909822615341,49.99999999999999,50.0
114420.0,0.1990071132125868,0.15926110136242724,0.05866920691117732,49.99999999999999,50.0
114480.0,0.19894752028684395,0.1592195128720825,0.05865933376536567,49.99999999999999,50.0
114540.0,0.19888799801758336,0.15917797172936024,0.0586494787433371,49.99999999999999,50.0
114600.0,0.19882854627162086,0.1591364778473382,0.058639641799800385,49.99999999999999,50.0
114660.0,0.19876916491616572,0.15909503113934742,0.05862982288963083,49.99999999999999,50.0
114720.0,0.1987098538187636,0.15905363151893448,0.058620021967845104,49.99999999999999,50.0
114780.0,0.19865061284729543,0.15901227889986141,0.05861023898960061,49.99999999999999,50.0
114840.0,0.19859144186997613,0.15897097319610465,0.058600473910195,49.99999999999999,50.0
114900.0,0.19853234075535364,0.1589297143218543,0.05859072668506549,49.99999999999999,50.0
114960.0,0.1984733093723077,0.15888850219151326,0.058580997269788354,50.0,50.0
115020.0,0.19841434759004872,0.15884733671969742,0.058571285620078316,50.0,50.0
115080.0,0.19835545527813972,0.15880621782124824,0.058561591691801834,50.0,50.0
115140.0,0.1982966323065168,0.1587651454112472,0.05855191544098939,50.00000000000001,49.99999999999999
115200.0,0.1982378785453301,0.15872411940491313,0.05854225682374031,50.00000000000001,49.99999999999999
115260.0,0.19817919386511018,0.15868313971770912,0.058532615796322726,50.00000000000001,49.99999999999999
115320.0,0.19812057813671374,0.15864220626530776,0.05852299231514085,50.00000000000001,49.99999999999999
115380.0,0.19806203123132213,0.15860131896358953,0.058513386336734474,50.00000000000001,49.99999999999999
115440.0,0.19800355302044054,0.15856047772864396,0.05850379781777841,50.00000000000001,49.99999999999999
115500.0,0.1979451433758967,0.15851968247676643,0.0584942267150819,50.00000000000001,49.99999999999999
115560.0,0.19788680216983995,0.15847893312445954,0.058484672985588106,50.00000000000001,49.99999999999999
115620.0,0.19782852927474,0.1584382295884318,0.05847513658637353,50.0,49.99999999999999
115680.0,0.19777032456340815,0.1583975717856105,0.05846561747466176,50.0,49.99999999999999
115740.0,0.19771218790901654,0.15835695963315496,0.058456115607836166,50.0,49.99999999999999
115800.0,0.1976541191849461,0.1583163930483589,0.058446630943341855,50.0,49.99999999999999
115860.0,0.19759611826494597,0.15827587194875162,0.05843716343878871,50.0,50.0
115920.0,0.19753818502308113,0.15823539625206637,0.05842771305191775,50.0,50.0
115980.0,0.19748031933373134,0.1581949658762378,0.05841827974060064,50.0,50.0
116040.0,0.19742252107159017,0.1581545807394022,0.05840886346283914,50.0,50.0
116100.0,0.1973647901116638,0.15811424075989694,0.05839946417676458,50.0,50.0
116160.0,0.19730712632927014,0.1580739458562595,0.05839008184063732,50.0,50.0
116220.0,0.19724952960003758,0.1580336959472267,0.05838071641284624,50.00000000000001,50.00000000000001
116280.0,0.19719199979992533,0.15799349095174753,0.05837136785191981,50.00000000000001,50.00000000000001
116340.0,0.19713453680524187,0.15795333078899595,0.0583620361165363,50.000000000000014,50.00000000000001
116400.0,0.1970771404924994,0.15791321537827654,0.05835272116544415,50.000000000000014,50.00000000000001
116460.0,0.19701981073856625,0.15787314463912253,0.05834342295754549,50.000000000000014,50.000000000000014
116520.0,0.19696254742061708,0.1578331184912642,0.05833414145186883,50.000000000000014,50.000000000000014
116580.0,0.19690535041613158,0.1577931368546274,0.058324876607568486,50.000000000000014,50.000000000000014
116640.0,0.19684821960289361,0.1577531996493334,0.0583156283839241,50.000000000000014,50.00000000000001
116700.0,0.19679115485899015,0.1577133067956988,0.058306396740340154,50.000000000000014,50.00000000000001
116760.0,0.19673415606281028,0.15767345821423395,0.05829718163634543,50.000000000000014,50.00000000000001
116820.0,0.1966772230930441,0.15763365382564207,0.058287983031592515,50.00000000000001,50.0
116880.0,0.19662035582870221,0.15759389355083278,0.05827880088586936,50.00000000000001,50.0
116940.0,0.1965635541491333,0.15755417731093316,0.05826963515910996,50.0,49.99999999999999
117000.0,0.1965068179338847,0.1575145050271973,0.05826048581131157,50.0,49.99999999999999
117060.0,0.19645014706284858,0.1574748766211014,0.05825135280262161,50.0,49.99999999999999
117120.0,0.19639354141621393,0.1574352920143123,0.05824223609330927,50.0,49.99999999999999
117180.0,0.1963370008744656,0.15739575112868662,0.058233135643765026,50.0,49.99999999999999
117240.0,0.19628052531838325,0.15735625388627067,0.058224051414500114,50.0,49.99999999999999
117300.0,0.19622411462904046,0.15731680020929967,0.05821498336614611,50.0,49.99999999999999
117360.0,0.19616776868780375,0.15727739002019706,0.058205931459454394,50.0,50.0
117420.0,0.19611148737633147,0.15723802324157346,0.058196895655295684,50.0,50.0
117480.0,0.19605527057659242,0.15719869979623963,0.058187875914670874,50.0,50.00000000000001
117540.0,0.19599911817088295,0.15715941960721616,0.05817887219872099,50.0,50.00000000000001
117600.0,0.19594303004169303,0.15712018259764868,0.05816988446864964,50.0,50.00000000000001
117660.0,0.1958870060718465,0.15708098869089684,0.05816091268580441,50.0,50.00000000000001
117720.0,0.195831046144455,0.15704183781050593,0.05815195681165027,50.0,50.00000000000001
117780.0,0.19577515014291708,0.15700272988020508,0.05814301680776911,50.0,50.000000000000014
117840.0,0.19571931795091715,0.15696366482390745,0.05813409263585925,50.0,50.000000000000014
117900.0,0.1956635494524247,0.15692464256570895,0.058125184257734996,50.0,50.00000000000001
117960.0,0.19560784453169314,0.1568856630298887,0.05811629163532616,50.0,50.00000000000001
118020.0,0.19555220307325907,0.15684672614090814,0.058107414730677605,50.0,50.00000000000001
118080.0,0.19549662496195985,0.15680783182342026,0.05809855350595941,50.0,50.0
118140.0,0.1954411100829501,0.15676898000228356,0.05808970792347626,50.0,50.0
118200.0,0.1953856583215732,0.15673017060247763,0.058080877945594474,50.0,50.0
118260.0,0.195330269563496,0.15669140354918976,0.058072063534818606,50.0,50.0
118320.0,0.1952749436946643,0.15665267876778657,0.05806326465376635,50.00000000000001,50.0
118380.0,0.1952196806013022,0.15661399618381416,0.05805448126516813,50.00000000000001,49.99999999999999
118440.0,0.19516448016991117,0.15657535572299597,0.058045713331866616,50.00000000000001,50.0
118500.0,0.19510934228726895,0.15653675731123398,0.058036960816816335,50.00000000000001,50.0
118560.0,0.1950542668404289,0.15649820087460672,0.05802822368308318,50.00000000000001,50.0
118620.0,0.19499925371671886,0.1564596863393698,0.05801950189384396,50.00000000000001,50.00000000000001
118680.0,0.1949443028037583,0.1564212136319656,0.05801079541239626,50.00000000000001,50.00000000000001
118740.0,0.1948894139894739,0.15638278267903463,0.05800210420216745,50.00000000000001,50.000000000000014
118800.0,0.19483458716197669,0.15634439340733566,0.057993428226644335,50.00000000000001,50.000000000000014
118860.0,0.19477982220969073,0.15630604574382895,0.057984767449447014,50.00000000000001,50.000000000000014
118920.0,0.1947251190213108,0.1562677396156488,0.05797612183430471,50.00000000000001,50.000000000000014
118980.0,0.1946704774858016,0.156229474950103,0.05796749134505534,50.00000000000001,50.000000000000014
119040.0,0.19461589749239688,0.15619125167467232,0.05795887594564512,50.0,50.000000000000014
119100.0,0.19456137893059847,0.15615306971701043,0.05795027560012808,50.0,50.000000000000014
119160.0,0.19450692169017544,0.156114929004942,0.057941690272665713,50.0,50.000000000000014
119220.0,0.19445252566116325,0.15607682946646378,0.05793311992752648,49.99999999999999,50.00000000000001
119280.0,0.19439819073388007,0.1560387710297539,0.05792456452909511,49.99999999999999,50.00000000000001
119340.0,0.19434391679894164,0.15600075362318186,0.057916024041881196,49.99999999999999,50.00000000000001
119400.0,0.1942897037471436,0.15596277717523319,0.057907498430452564,49.99999999999999,50.00000000000001
119460.0,0.19423555146958477,0.1559248416145886,0.05789898765950518,49.99999999999999,50.00000000000001
119520.0,0.19418145985762666,0.1558869468700971,0.05789049169384025,49.99999999999999,50.00000000000001
119580.0,0.19412742880289272,0.15584909287077672,0.05788201049836386,49.999999999999986,50.00000000000001
119640.0,0.19407345819726723,0.155811279545813,0.05787354403808651,49.999999999999986,50.00000000000001
119700.0,0.19401954793289475,0.15577350682455923,0.05786509227812277,49.99999999999999,50.00000000000001
119760.0,0.19396569790217907,0.15573577463653546,0.05785665518369079,49.99999999999999,50.00000000000001
119820.0,0.19391190799778252,0.15569808291142742,0.057848232720112,49.99999999999999,50.00000000000001
119880.0,0.1938581781126414,0.15566043157909787,0.05783982485281982,50.0,50.00000000000001
119940.0,0.19380450813998046,0.1556228205695945,0.057831431547367945,50.0,50.00000000000001
120000.0,0.1937508979732,0.15558524981307856,0.0578230527693668,50.00000000000001,50.00000000000001
120060.0,0.19369734750599402,0.15554771923989982,0.05781468848455014,50.00000000000001,50.00000000000001
120120.0,0.19364385663231146,0.15551022878057238,0.05780633865875331,50.00000000000001,50.00000000000001
120180.0,0.19359042524635528,0.15547277836577367,0.05779800325791278,50.00000000000001,50.00000000000001
120240.0,0.1935370532425818,0.15543536792634427,0.05778968224806583,50.00000000000001,50.00000000000001
120300.0,0.1934837405156997,0.15539799739328686,0.057781375595350064,50.00000000000001,50.00000000000001
120360.0,0.19343048696066933,0.1553606666977663,0.057773083266003125,50.00000000000001,50.00000000000001
120420.0,0.19337729247270188,0.15532337577110897,0.05776480522636222,50.0,50.0
120480.0,0.19332415694727428,0.1552861245448117,0.057756541442872615,50.0,50.0
120540.0,0.1932710802801431,0.15524891295055182,0.057748291882095376,50.0,50.0
120600.0,0.19321806236723596,0.15521174092011675,0.057740056510646794,50.0,50.0
120660.0,0.19316510310476537,0.155174608385477,0.057731835295261984,50.0,50.0
120720.0,0.19311220238919105,0.15513751527876227,0.057723628202774054,50.0,50.0
120780.0,0.19305936011721941,0.1551004615322612,0.05771543520011371,49.99999999999999,50.0
120840.0,0.19300657618580258,0.15506344707842057,0.05770725625430895,49.99999999999999,50.0
120900.0,0.19295385049213784,0.15502647184984472,0.0576990913324846,49.99999999999999,50.0
120960.0,0.19290118293366657,0.15498953577929536,0.057690940401862005,50.0,50.0
121020.0,0.19284857340807365,0.15495263879969076,0.05768280342975863,50.0,50.0
121080.0,0.1927960218133018,0.1549157808441153,0.05767468038359606,50.0,50.0
121140.0,0.19274352804756478,0.1548789618458275,0.05766657123090747,50.0,50.0
121200.0,0.19269109200924328,0.15484218173819386,0.05765847593927991,50.0,50.0
121260.0,0.19263871359699397,0.15480544045475841,0.057650394476414825,50.0,50.0
121320.0,0.1925863927097137,0.1547687379292194,0.057642326810108245,50.0,50.0
121380.0,0.1925341292465386,0.15473207409542983,0.05763427290825042,50.0,50.0
121440.0,0.19248192310684345,0.1546954488873958,0.05762623273882547,50.0,50.0
121500.0,0.19242977419024088,0.15465886223927677,0.05761820626991103,50.0,50.0
121560.0,0.19237768239658065,0.15462231408538504,0.057610193469677856,49.99999999999999,50.0
121620.0,0.19232564762594878,0.15458580436018485,0.05760219430638951,49.99999999999999,49.99999999999999
121680.0,0.19227366977868143,0.1545493329983015,0.05759420874840999,49.99999999999999,49.99999999999999
121740.0,0.19222174875537756,0.1545128999345289,0.05758623676421077,49.99999999999999,49.99999999999999
121800.0,0.19216988445679908,0.15447650510376715,0.05757827832231587,49.99999999999999,49.99999999999999
121860.0,0.19211807678397547,0.15444014844108803,0.057570333391359495,49.99999999999999,49.99999999999999
121920.0,0.19206632563816922,0.15440382988171317,0.057562401940067155,49.99999999999999,49.99999999999999
121980.0,0.1920146309208753,0.1543675493610145,0.057554483937255325,49.99999999999999,49.99999999999999
122040.0,0.19196299253382035,0.1543313068145124,0.05754657935183111,49.99999999999999,49.99999999999999
122100.0,0.19191141037896187,0.15429510217787676,0.057538688152791895,49.99999999999999,49.99999999999999
122160.0,0.19185988435848758,0.15425893538692537,0.057530810309224974,49.99999999999999,50.0
122220.0,0.1918084143748147,0.15422280637762348,0.05752294579030725,50.0,50.0
122280.0,0.19175700033060308,0.154186715086093,0.057515094565312494,50.0,50.00000000000001
122340.0,0.19170564212876745,0.15415066144862,0.05750725660361813,50.0,50.00000000000001
122400.0,0.19165433967238163,0.154114645401593,0.05749943187465268,50.0,50.00000000000001
122460.0,0.19160309286477872,0.15407866688156768,0.057491620347950904,50.0,50.000000000000014
122520.0,0.19155190160951824,0.15404272582524542,0.0574838219931357,50.00000000000001,50.000000000000014
122580.0,0.19150076581038533,0.154006822169473,0.05747603677991783,50.00000000000001,50.000000000000014
122640.0,0.19144968537139012,0.15397095585124204,0.05746826467809555,50.00000000000001,50.000000000000014
122700.0,0.19139866019676696,0.15393512680768903,0.05746050565755429,50.00000000000001,50.000000000000014
122760.0,0.19134769019097375,0.15389933497609393,0.057452759688266325,50.00000000000001,50.00000000000001
122820.0,0.1912967752586912,0.15386358029388078,0.05744502674029045,50.0,50.00000000000001
122880.0,0.19124591530483562,0.15382786269862495,0.05743730678377891,50.0,49.99999999999999
122940.0,0.19119511023457042,0.1537921821280608,0.05742959978898387,50.0,49.99999999999999
123000.0,0.1911443599532143,0.15375653852002366,0.05742190572620733,50.0,49.99999999999999
123060.0,0.1910936643663374,0.1537209318125105,0.05741422456585366,49.99999999999999,49.99999999999999
123120.0,0.1910430233797298,0.1536853619436599,0.05740655627841235,49.99999999999999,49.99999999999999
123180.0,0.19099243689940065,0.15364982885175155,0.05739890083445775,49.99999999999999,49.999999999999986
123240.0,0.1909419048315776,0.153614332475206,0.05739125820464871,49.99999999999999,49.999999999999986
123300.0,0.19089142708270612,0.15357887275258467,0.057383628359728274,49.99999999999999,49.99999999999999
123360.0,0.19084100355944877,0.15354344962258804,0.0573760112705234,50.0,49.99999999999999
123420.0,0.19079063416868458,0.15350806302405678,0.05736840690794457,50.0,49.99999999999999
123480.0,0.19074031881752107,0.15347271289597858,0.05736081524299248,50.0,50.0
123540.0,0.1906900574133057,0.1534373991774955,0.05735323624676417,50.0,50.0
123600.0,0.19063984986353735,0.15340212180784762,0.057345669890405224,50.0,50.0
123660.0,0.1905896960759589,0.1533668807264324,0.05733811614515992,50.00000000000001,50.0
123720.0,0.19053959595852676,0.1533316758727846,0.05733057498235478,50.00000000000001,50.0
123780.0,0.1904895494194102,0.15329650718657634,0.057323046373398266,50.00000000000001,50.00000000000001
123840.0,0.19043955636699075,0.15326137460761663,0.057315530289780495,50.00000000000001,50.00000000000001
123900.0,0.19038961670986143,0.15322627807585074,0.057308026703072924,50.00000000000001,50.00000000000001
123960.0,0.19033973035682622,0.1531912175313602,0.05730053558492804,50.00000000000001,50.00000000000001
124020.0,0.19028989721689932,0.1531561929143617,0.057293056907079074,50.00000000000001,50.0
124080.0,0.19024011719931685,0.15312120416521496,0.057285590641346286,50.00000000000001,50.0
124140.0,0.19019039021354767,0.1530862512244299,0.05727813675964291,50.00000000000001,50.0
124200.0,0.1901407161692085,0.15305133403261215,0.05727069523392945,50.00000000000001,50.0
124260.0,0.1900910949761527,0.1530164525305195,0.05726326603626156,50.00000000000001,50.0
124320.0,0.1900415265444411,0.15298160665904356,0.057255849138774385,50.00000000000001,50.0
124380.0,0.1899920107843413,0.15294679635920966,0.05724844451368222,50.00000000000001,50.0
124440.0,0.18994254760632714,0.15291202157217557,0.05724105213327827,50.00000000000001,50.0
124500.0,0.18989313692107795,0.1528772822392322,0.057233671969934334,50.00000000000001,50.0
124560.0,0.189843778639478,0.15284257830180215,0.0572263039961005,50.00000000000001,50.0
124620.0,0.1897944726726158,0.15280790970143984,0.05721894818430487,50.00000000000001,50.0
124680.0,0.18974521893179533,0.15277327637983854,0.0572116045071596,50.00000000000001,50.0
124740.0,0.1896960173285465,0.15273867827883753,0.05720427293736647,50.00000000000001,50.0
124800.0,0.18964686777454343,0.15270411534036873,0.05719695344767339,50.00000000000001,50.0
124860.0,0.18959777018168997,0.15266958750651277,0.057189646010920026,50.00000000000001,50.0
124920.0,0.1895487244620915,0.15263509471948003,0.05718235060002283,50.00000000000001,50.0
124980.0,0.18949973052805436,0.15260063692161038,0.05717506718797477,50.00000000000001,50.0
125040.0,0.18945078829208523,0.15256621405537327,0.057167795747845064,50.00000000000001,50.0
125100.0,0.18940189766689047,0.15253182606336638,0.057160536252778886,50.0,50.0
125160.0,0.18935305856537563,0.1524974728883166,0.057153288675997074,50.0,50.0
125220.0,0.18930427090064467,0.15246315447307848,0.05714605299079586,50.0,50.0
125280.0,0.18925553458601085,0.15242887076064152,0.05713882917055264,50.0,50.0
125340.0,0.18920684953500666,0.15239462169413623,0.057131617188731304,50.0,50.00000000000001
125400.0,0.18915821566130547,0.15236040721678526,0.057124417018840676,50.0,50.00000000000001
125460.0,0.18910963287880356,0.152326227271954,0.057117228634478094,50.0,50.00000000000001
125520.0,0.18906110110159297,0.1522920818031347,0.05711005200931512,50.0,50.00000000000001
125580.0,0.18901262024396115,0.15225797075394568,0.05710288711709728,50.0,50.00000000000001
125640.0,0.18896419022039018,0.15222389406813058,0.05709573393164379,50.0,50.00000000000001
125700.0,0.1889158109455563,0.15218985168955845,0.05708859242684729,50.0,50.00000000000001
125760.0,0.18886748233432912,0.15215584356222336,0.05708146257667356,50.0,50.00000000000001
125820.0,0.1888192043017713,0.15212186963024354,0.05707434435516127,50.0,50.00000000000001
125880.0,0.18877097676314872,0.152087929837869,0.057067237736427474,50.0,50.00000000000001
125940.0,0.18872279963394012,0.15205402412948585,0.05706014269467272,50.0,50.00000000000001
126000.0,0.1886746728297617,0.15202015244957076,0.05705305920414132,50.0,50.00000000000001
126060.0,0.18862659626644604,0.15198631474273852,0.05704598723916298,50.0,50.00000000000001
126120.0,0.18857856986001612,0.15195251095372775,0.05703892677413918,50.0,50.00000000000001
126180.0,0.18853059352668466,0.15191874102739936,0.05703187778354291,50.0,50.00000000000001
126240.0,0.1884826671828537,0.15188500490873624,0.057024840241918395,50.0,50.00000000000001
126300.0,0.1884347907451139,0.15185130254284288,0.057017814123880836,50.0,50.00000000000001
126360.0,0.18838696413024403,0.1518176338749461,0.057010799404116165,49.99999999999999,50.0
126420.0,0.18833918725521034,0.15178399885039268,0.057003796057380776,49.99999999999999,50.0
126480.0,0.18829146003717662,0.15175039741465743,0.05699680405850679,49.99999999999999,50.0
126540.0,0.18824378239351325,0.1517168295133483,0.056989823382406914,49.99999999999999,50.0
126600.0,0.1881961542417249,0.15168329509216052,0.05698285400403651,49.99999999999999,50.0
126660.0,0.18814857549952632,0.15164979409692433,0.05697589589843336,49.99999999999999,50.0
126720.0,0.18810104608481723,0.15161632647359008,0.05696894904070465,49.99999999999999,50.0
126780.0,0.18805356591568193,0.15158289216822624,0.05696201340602668,49.99999999999999,50.0
126840.0,0.1880061349103887,0.15154949112702165,0.05695508896964467,50.0,50.0
126900.0,0.18795875298738918,0.15151612329628206,0.056948175706872446,50.0,50.0
126960.0,0.18791142006531789,0.15148278862243222,0.05694127359309224,50.0,50.0
127020.0,0.18786413606299168,0.15144948705201428,0.056934382603754434,50.00000000000001,50.00000000000001
127080.0,0.18781690089941924,0.1514162185316943,0.05692750271438256,50.00000000000001,50.00000000000001
127140.0,0.1877697144938099,0.15138298300826797,0.056920633900577965,50.00000000000001,50.00000000000001
127200.0,0.18772257676550425,0.15134978042861524,0.05691377613798357,50.000000000000014,50.00000000000001
127260.0,0.18767548763404665,0.1513166107397494,0.05690692940232185,50.000000000000014,50.00000000000001
127320.0,0.18762844701916148,0.15128347388879784,0.05690009366938239,50.000000000000014,50.00000000000001
127380.0,0.18758145484075248,0.1512503698230052,0.05689326891502163,50.000000000000014,50.00000000000001
127440.0,0.18753451101890228,0.15121729848973137,0.05688645511516266,50.000000000000014,50.0
127500.0,0.18748761547387185,0.1511842598364513,0.05687965224579492,50.000000000000014,50.0
127560.0,0.18744076812609994,0.15115125381075492,0.05687286028297404,50.00000000000001,49.99999999999999
127620.0,0.18739396889620255,0.15111828036034652,0.05686607920282151,50.00000000000001,49.99999999999999
127680.0,0.18734721770498217,0.1510853394330511,0.05685930898152956,50.0,49.999999999999986
127740.0,0.1873005144734362,0.1510524309768189,0.05685254959536559,49.99999999999999,49.999999999999986
127800.0,0.1872538591226901,0.151019554939684,0.05684580102063745,49.99999999999999,49.99999999999998
127860.0,0.18720725157406728,0.15098671126980753,0.05683906323372982,49.99999999999999,49.99999999999998
127920.0,0.18716069174906624,0.1509538999154644,0.056832336211092314,49.999999999999986,49.99999999999998
127980.0,0.18711417956935986,0.15092112082504172,0.0568256199292392,49.999999999999986,49.99999999999998
128040.0,0.18706771495679497,0.1508883739470392,0.05681891436474921,49.999999999999986,49.99999999999998
128100.0,0.1870212978333918,0.1508556592300687,0.05681221949426528,49.999999999999986,49.999999999999986
128160.0,0.18697492812134353,0.15082297662285352,0.05680553529449436,49.999999999999986,49.99999999999999
128220.0,0.1869286057430157,0.15079032607422863,0.05679886174220712,49.99999999999999,50.0
128280.0,0.18688233062095505,0.1507577075331461,0.05679219881424261,49.99999999999999,50.00000000000001
128340.0,0.18683610267789774,0.1507251209486799,0.05678554648751248,49.99999999999999,50.000000000000014
128400.0,0.18678992183670493,0.15069256626998578,0.05677890473896781,50.0,50.000000000000014
128460.0,0.18674378802043015,0.150660043446343,0.05677227354563386,50.0,50.00000000000002
128520.0,0.18669770115229706,0.15062755242714126,0.05676565288459872,50.0,50.00000000000002
128580.0,0.18665166115569906,0.15059509316187994,0.056759042733013035,50.0,50.00000000000002
128640.0,0.1866056679541986,0.15056266560016726,0.05675244306808981,50.0,50.00000000000002
128700.0,0.18655972147152697,0.15053026969172137,0.05674585386710419,50.00000000000001,50.00000000000002
128760.0,0.18651382163158345,0.15049790538636812,0.05673927510739322,50.00000000000001,50.000000000000014
128820.0,0.1864679683584351,0.15046557263404278,0.05673270676635564,50.00000000000001,50.00000000000001
128880.0,0.1864221615763251,0.1504332713847936,0.05672614882145626,50.00000000000001,50.0
128940.0,0.18637640120968063,0.15040100158878777,0.056719601250230046,50.00000000000001,49.99999999999999
129000.0,0.186330687183051,0.15036876319627257,0.05671306403025039,50.00000000000001,49.99999999999999
129060.0,0.18628501942117245,0.150336556157615,0.056706537139162363,50.00000000000001,49.999999999999986
129120.0,0.18623939784894658,0.15030438042328956,0.05670002055467177,50.00000000000001,49.999999999999986
129180.0,0.18619382239144014,0.15027223594387745,0.056693514254545004,50.00000000000001,49.999999999999986
129240.0,0.18614829297388444,0.15024012267006642,0.056687018216608785,50.00000000000001,49.999999999999986
129300.0,0.18610280952167482,0.15020804055264994,0.05668053241874994,50.00000000000001,49.999999999999986
129360.0,0.1860573719603702,0.15017598954252756,0.05667405683891524,50.0,49.999999999999986
129420.0,0.18601198021569265,0.150143969590704,0.05666759145511114,50.0,49.99999999999999
129480.0,0.1859666342135355,0.15011198064829534,0.05666113624540798,49.99999999999999,50.0
129540.0,0.18592133387997087,0.15008002266653236,0.05665469118794393,49.99999999999999,50.0
129600.0,0.18587607914119017,0.15004809559672402,0.05664825626089456,49.99999999999999,50.0
129660.0,0.18583086992356637,0.15001619939029598,0.05664183144250469,49.999999999999986,50.0
129720.0,0.18578570615363346,0.14998433399877864,0.05663541671107796,49.999999999999986,50.00000000000001
129780.0,0.185740587758086,0.1499524993738058,0.05662901204497661,49.999999999999986,50.00000000000001
129840.0,0.1856955146637786,0.1499206954671153,0.05662261742262128,49.999999999999986,50.00000000000001
129900.0,0.18565048679772553,0.14988892223054795,0.0566162328224908,49.999999999999986,50.00000000000001
129960.0,0.18560550408710022,0.1498571796160472,0.056609858223122,49.99999999999999,50.0
130020.0,0.18556056645923477,0.14982546757565957,0.056603493603109484,49.99999999999999,50.0
130080.0,0.18551567384162784,0.1497937860615393,0.056597138941109654,50.0,49.99999999999999
130140.0,0.18547082616195187,0.14976213502595298,0.05659079421584446,50.0,49.99999999999999
130200.0,0.18542602334799585,0.14973051442124244,0.056584459406072304,50.0,49.99999999999999
130260.0,0.18538126532772517,0.1496989241998642,0.05657813449061851,50.00000000000001,49.99999999999999
130320.0,0.18533655202926183,0.1496673643143757,0.05657181944836533,50.00000000000001,49.999999999999986
130380.0,0.1852918833808842,0.14963583471743583,0.056565514258251744,50.00000000000001,49.999999999999986
130440.0,0.18524725931102629,0.14960433536180384,0.05655921889927326,50.00000000000001,49.99999999999999
130500.0,0.1852026797482775,0.14957286620033958,0.056552933350481734,50.00000000000001,49.99999999999999
130560.0,0.1851581446213821,0.14954142718600386,0.05654665759098515,50.00000000000001,49.99999999999999
130620.0,0.18511365385923872,0.1495100182718566,0.05654039159994743,50.0,50.0
130680.0,0.18506920739090799,0.1494786394110625,0.05653413535659228,50.0,50.0
130740.0,0.1850248051456195,0.1494472905568959,0.05652788884020674,50.0,50.0
130800.0,0.18498044705271668,0.14941597166270498,0.05652165203011343,50.0,50.0
130860.0,0.1849361330417144,0.14938468268194868,0.05651542490569961,50.0,50.0
130920.0,0.18489186304228,0.1493534235681849,0.05650920744640766,50.0,50.0
130980.0,0.18484763698423284,0.1493221942750697,0.056502999631734906,50.0,50.0
131040.0,0.1848034547975439,0.1492909947563572,0.05649680144123338,50.0,50.0
131100.0,0.18475931641233528,0.14925982496589976,0.05649061285450969,50.0,50.0
131160.0,0.1847152217588798,0.14922868485764712,0.05648443385122475,50.0,50.0
131220.0,0.18467117076760062,0.149197574385646,0.05647826441109369,50.0,49.99999999999999
131280.0,0.18462716336907833,0.1491664935040456,0.05647210451388945,50.0,49.99999999999999
131340.0,0.1845831994940579,0.14913544216710106,0.05646595413944624,50.0,49.99999999999999
131400.0,0.18453927907339548,0.14910442032913981,0.0564598132676329,50.0,49.99999999999999
131460.0,0.18449540203811382,0.1490734279445973,0.05645368187838078,50.0,49.999999999999986
131520.0,0.18445156831938414,0.14904246496800463,0.056447559951674615,50.0,49.999999999999986
131580.0,0.18440777784852558,0.1490115313539894,0.056441447467552315,50.0,49.999999999999986
131640.0,0.18436403055700487,0.14898062705727425,0.056435344406104794,50.0,49.999999999999986
131700.0,0.1843203263764358,0.1489497520326773,0.0564292507474758,49.99999999999999,49.99999999999999
131760.0,0.18427666523857897,0.1489189062351113,0.056423166471861685,49.99999999999999,49.99999999999999
131820.0,0.1842330470753411,0.14888808961958436,0.056417091559511294,49.99999999999999,49.99999999999999
131880.0,0.18418947181878226,0.1488573021412036,0.05641102599072943,49.99999999999999,50.0
131940.0,0.1841459394011223,0.14882654375517912,0.05640496974588017,49.99999999999999,50.00000000000001
132000.0,0.18410244975468962,0.14879581441679185,0.056398922805361275,49.99999999999999,50.00000000000001
132060.0,0.18405900281197474,0.14876511408142803,0.056392885149631006,49.99999999999999,50.00000000000001
132120.0,0.18401559850561258,0.14873444270456693,0.056386856759199286,49.99999999999999,50.00000000000001
132180.0,0.18397223676838215,0.14870380024178126,0.056380837614627574,49.99999999999999,50.000000000000014
132240.0,0.183928917533206,0.1486731866487372,0.05637482769652865,49.99999999999999,50.000000000000014
132300.0,0.18388564073315,0.1486426018811931,0.05636882698556645,49.99999999999999,50.000000000000014
132360.0,0.18384240630142273,0.14861204589499996,0.0563628354624559,49.99999999999999,50.000000000000014
132420.0,0.18379921417137524,0.1485815186461014,0.056356853107962734,49.99999999999999,50.00000000000001
132480.0,0.18375606427650767,0.14855102009053717,0.05635087990290686,49.99999999999999,50.00000000000001
132540.0,0.1837129565504755,0.1485205501844479,0.05634491582816546,49.99999999999999,50.00000000000001
132600.0,0.18366989092704045,0.1484901088840432,0.05633896086464866,50.0,50.00000000000001
132660.0,0.18362686734012165,0.14845969614563478,0.05633301499332502,50.0,50.00000000000001
132720.0,0.18358388572377904,0.14842931192562484,0.05632707819521318,50.0,50.00000000000001
132780.0,0.18354094601221266,0.14839895618050744,0.05632115045138166,50.0,50.00000000000001
132840.0,0.18349804813976245,0.14836862886686675,0.05631523174294873,50.0,50.0
132900.0,0.18345519204090777,0.14833832994137738,0.0563093220510822,50.0,50.0
132960.0,0.183412377650267,0.14830805936080382,0.05630342135699928,50.0,50.0
133020.0,0.1833696049025971,0.14827781708200055,0.05629752964196639,50.0,50.0
133080.0,0.1833268737328003,0.14824760306191642,0.056291646887302406,50.0,50.0
133140.0,0.18328418407592983,0.1482174172575978,0.056285773074381644,50.0,49.99999999999999
133200.0,0.18324153586714267,0.14818725962615853,0.05627990818461047,50.0,49.99999999999999
133260.0,0.1831989290417491,0.14815713012481152,0.0562740521994518,50.0,49.99999999999999
133320.0,0.18315636353519624,0.14812702871085934,0.056268205100417065,50.0,49.99999999999999
133380.0,0.18311383928306782,0.14809695534169204,0.05626236686906603,50.0,49.99999999999999
133440.0,0.18307135622108373,0.1480669099747882,0.05625653748700663,50.0,49.99999999999999
133500.0,0.18302891428509957,0.1480368925677147,0.05625071693589485,50.0,49.99999999999999
133560.0,0.18298651341110636,0.14800690307812622,0.05624490519743449,49.99999999999999,49.99999999999999
133620.0,0.18294415353523014,0.14797694146376472,0.05623910225337706,49.99999999999999,50.0
133680.0,0.18290183459373816,0.14794700768246383,0.05623330808552486,49.99999999999999,50.0
133740.0,0.1828595565230447,0.1479171016921523,0.056227522675733874,49.99999999999999,50.0
133800.0,0.1828173192596654,0.14788722345082478,0.05622174600589125,49.99999999999999,50.0
133860.0,0.18277512274026497,0.1478573729165729,0.056215978057938876,49.99999999999999,50.0
133920.0,0.18273296690164148,0.14782755004757436,0.05621021881386565,49.99999999999999,50.00000000000001
133980.0,0.18269085168072596,0.14779775480209364,0.056204468255707296,49.99999999999999,50.00000000000001
134040.0,0.18264877701458204,0.14776798713848033,0.056198726365546264,49.99999999999999,50.00000000000001
134100.0,0.1826067428404055,0.1477382470151707,0.056192993125511494,49.99999999999999,50.00000000000001
134160.0,0.1825647490955241,0.1477085343906861,0.05618726851777832,49.99999999999999,50.00000000000001
134220.0,0.1825227957173969,0.14767884922363264,0.056181552524568294,50.0,50.00000000000001
134280.0,0.18248088264362067,0.14764919147270666,0.05617584512815212,50.0,50.00000000000001
134340.0,0.18243900981193506,0.14761956109669633,0.056170146310852445,50.0,50.00000000000001
134400.0,0.18239717716017884,0.14758995805445493,0.05616445605502237,50.0,50.00000000000001
134460.0,0.18235538462633583,0.14756038230492913,0.05615877434306793,50.0,50.00000000000001
134520.0,0.18231363214851962,0.1475308338071503,0.05615310115744072,50.00000000000001,50.00000000000001
134580.0,0.18227191966497344,0.14750131252023374,0.056147436480637705,50.00000000000001,50.00000000000001
134640.0,0.1822302471140696,0.14747181840337847,0.05614178029520115,50.00000000000001,50.00000000000001
134700.0,0.18218861443430914,0.14744235141586706,0.05613613258371837,50.00000000000001,50.00000000000001
134760.0,0.18214702156432164,0.14741291151706556,0.05613049332882165,50.00000000000001,50.00000000000001
134820.0,0.1821054684428646,0.1473834986664228,0.05612486251318805,50.0,50.00000000000001
134880.0,0.1820639550088295,0.14735411282347477,0.05611924011954229,50.0,50.0
134940.0,0.18202248120124698,0.14732475394784741,0.056113626130659296,50.0,50.0
135000.0,0.18198104695924447,0.14729542199922993,0.056108020529343744,50.0,50.0
135060.0,0.18193965222209058,0.14726611693740305,0.0561024232984515,50.0,50.0
135120.0,0.18189829692918036,0.14723683872222942,0.05609683442088261,50.0,50.0
135180.0,0.18185698102003506,0.14720758731365358,0.05609125387958111,50.0,50.0
135240.0,0.18181570443430167,0.14717836267170206,0.05608568165753491,50.0,49.99999999999999
135300.0,0.18177446711175269,0.14714916475648224,0.05608011773777562,50.0,49.99999999999999
135360.0,0.1817332689922857,0.14711999352818325,0.05607456210337842,50.00000000000001,49.99999999999999
135420.0,0.181692110015923,0.14709084894707491,0.056069014737461925,50.00000000000001,49.99999999999999
135480.0,0.1816509901228173,0.14706173097351166,0.05606347562319091,50.00000000000001,49.99999999999999
135540.0,0.18160990925325673,0.14703263956793564,0.05605794474377886,50.00000000000001,49.99999999999999
135600.0,0.18156886734762412,0.14700357469085099,0.056052422082468085,50.00000000000001,49.99999999999999
135660.0,0.18152786434643958,0.14697453630285062,0.056046907622550525,50.000000000000014,49.99999999999999
135720.0,0.18148690019034644,0.1469455243646078,0.056041401347360936,50.000000000000014,49.99999999999999
135780.0,0.181445974820111,0.146916538836875,0.056035903240276734,50.000000000000014,49.99999999999999
135840.0,0.18140508817662201,0.14688757968048505,0.056030413284717875,50.000000000000014,49.99999999999999
135900.0,0.18136424020089062,0.14685864685634967,0.056024931464146686,50.000000000000014,50.0
135960.0,0.18132343083404967,0.1468297403254595,0.05601945776206773,50.00000000000001,50.0
136020.0,0.18128266001735366,0.1468008600488846,0.05601399216202768,50.00000000000001,50.00000000000001
136080.0,0.18124192769218397,0.1467720059877773,0.05600853464761792,50.00000000000001,50.00000000000001
136140.0,0.18120123380005396,0.14674317810337506,0.056003085202477,50.00000000000001,50.00000000000001
136200.0,0.1811605782825694,0.1467143763569764,0.05599764381027159,50.00000000000001,50.00000000000001
136260.0,0.18111996108146972,0.14668560070996575,0.05599221045471643,50.00000000000001,50.000000000000014
136320.0,0.1810793821386145,0.14665685112380622,0.055986785119567756,50.00000000000001,50.000000000000014
136380.0,0.18103884139598297,0.14662812756003823,0.05598136778862317,50.00000000000001,50.000000000000014
136440.0,0.1809983387956739,0.1465994299802801,0.055975958445721515,50.00000000000001,50.000000000000014
136500.0,0.18095787427990506,0.1465707583462272,0.05597055707474272,50.0,50.000000000000014
136560.0,0.18091744779101304,0.1465421126196523,0.0559651636596077,50.0,50.00000000000001
136620.0,0.18087705927145278,0.14651349276240497,0.055959778184278164,50.0,50.00000000000001
136680.0,0.18083670866380297,0.146484898736415,0.05595440063275914,50.0,50.0
136740.0,0.1807963959107706,0.14645633050369566,0.055949030989101235,50.0,50.0
136800.0,0.18075612095515314,0.1464277880263189,0.055943669237382705,49.99999999999999,49.99999999999999
136860.0,0.1807158837398782,0.1463992712664418,0.05593831536172822,49.99999999999999,49.99999999999999
136920.0,0.18067568420799035,0.14637078018629693,0.05593296934630271,49.99999999999999,49.99999999999999
136980.0,0.18063552230265087,0.14634231474819234,0.055927631175311215,49.99999999999999,49.99999999999999
137040.0,0.18059539796713744,0.14631387491451264,0.055922300832998775,49.99999999999999,49.99999999999999
137100.0,0.18055531114484377,0.14628546064771708,0.05591697830365027,49.99999999999999,49.99999999999999
137160.0,0.1805152617792793,0.14625707191034024,0.055911663571590324,49.99999999999999,49.99999999999999
137220.0,0.1804752498140689,0.14622870866499224,0.055906356621183144,49.99999999999999,50.0
137280.0,0.18043527519295793,0.1462003708743609,0.05590105743683496,49.99999999999999,50.0
137340.0,0.18039533785981668,0.14617205850121492,0.05589576600299625,49.99999999999999,50.0
137400.0,0.18035543775860394,0.1461437715083816,0.0558904823041442,49.99999999999999,50.0
137460.0,0.18031557483340507,0.14611550985877,0.055885206324801054,49.99999999999999,50.0
137520.0,0.1802757490284196,0.14608727351536285,0.05587993804952813,49.99999999999999,50.0
137580.0,0.18023596028796074,0.14605906244121786,0.05587467746292562,49.99999999999999,50.0
137640.0,0.18019620855645505,0.14603087659946534,0.05586942454963254,50.0,50.00000000000001
137700.0,0.1801564937784423,0.14600271595330988,0.05586417929432655,50.0,50.0
137760.0,0.18011681589857503,0.14597458046602912,0.055858941681723846,50.0,50.0
137820.0,0.18007717486161828,0.14594647010097414,0.055853711696579024,50.0,50.0
137880.0,0.18003757061245446,0.14591838482157163,0.055848489323687446,50.0,50.0
137940.0,0.1799980030960877,0.14589032459132778,0.05584327454788742,50.0,50.0
138000.0,0.1799584722576086,0.14586228937380544,0.055838067354043126,50.0,50.0
138060.0,0.17991897804223103,0.14583427913264715,0.05583286772706249,50.00000000000001,50.00000000000001
138120.0,0.1798795203952801,0.1458062938315676,0.055827675651891305,50.00000000000001,50.00000000000001
138180.0,0.1798400992621918,0.1457783334343543,0.055822491113513124,50.00000000000001,50.00000000000001
138240.0,0.17980071458851257,0.145750397904866,0.05581731409694913,50.00000000000001,50.00000000000001
138300.0,0.1797613663198992,0.14572248720703315,0.055812144587258,50.00000000000001,50.00000000000001
138360.0,0.17972205440211847,0.14569460130485817,0.05580698256953582,50.0,50.00000000000001
138420.0,0.17968277878104671,0.14566674016241452,0.05580182802891591,50.0,50.00000000000001
138480.0,0.1796435394026747,0.14563890374384977,0.05579668095057103,50.0,50.00000000000001
138540.0,0.17960433621311167,0.14561109201338895,0.055791541319715324,50.0,50.00000000000001
138600.0,0.17956516915855156,0.14558330493531207,0.05578640912158871,50.0,50.00000000000001
138660.0,0.17952603818530827,0.145555542473977,0.055781284341473246,50.0,50.00000000000001
138720.0,0.17948694323980413,0.14552780459381262,0.05577616696468772,50.0,50.00000000000001
138780.0,0.17944788426856959,0.14550009125931776,0.055771056976587546,50.0,50.00000000000001
138840.0,0.1794088612182428,0.14547240243506102,0.05576595436256465,50.0,50.00000000000001
138900.0,0.17936987403556945,0.14544473808568165,0.05576085910804735,50.0,50.00000000000001
138960.0,0.17933092266740241,0.14541709817588838,0.05575577119850025,50.0,50.00000000000001
139020.0,0.1792920070607015,0.1453894826704591,0.05575069061942407,50.00000000000001,50.0
139080.0,0.17925312716253794,0.14536189153424464,0.05574561735635783,50.00000000000001,50.0
139140.0,0.17921428292009847,0.1453343247321709,0.05574055139488069,50.00000000000001,49.99999999999999
139200.0,0.17917547428065245,0.1453067822292174,0.0557354927205968,50.00000000000001,49.99999999999999
139260.0,0.1791367011915863,0.14527926399043992,0.05573044131915121,50.00000000000001,49.99999999999999
139320.0,0.17909796360039207,0.14525176998096323,0.05572539717622461,50.00000000000001,49.99999999999999
139380.0,0.17905926145466716,0.1452243001659801,0.05572036027753322,50.00000000000001,49.99999999999999
139440.0,0.1790205947021141,0.14519685451075223,0.055715330608828724,50.00000000000001,49.99999999999999
139500.0,0.1789819632905402,0.14516943298060928,0.055710308155898086,50.0,49.99999999999999
139560.0,0.17894336716785728,0.14514203554094907,0.05570529290456347,50.0,49.99999999999999
139620.0,0.1789048062820815,0.14511466215723695,0.05570028484068214,50.0,50.0
139680.0,0.1788662805813375,0.1450873127950093,0.055695283950148625,49.99999999999999,50.0
139740.0,0.17882779001386254,0.1450599874198755,0.05569029021889675,49.999999999999986,50.00000000000001
139800.0,0.1787893345279747,0.1450326859974977,0.05568530363288381,49.999999999999986,50.00000000000001
139860.0,0.17875091407210605,0.1450054084936124,0.05568032417810716,49.999999999999986,50.00000000000001
139920.0,0.1787125285947916,0.14497815487402266,0.05567535184059875,49.999999999999986,50.00000000000001
139980.0,0.17867417804466917,0.14495092510459906,0.05567038660642503,49.999999999999986,50.00000000000001
140040.0,0.17863586237047913,0.1449237191512786,0.055665428461686844,49.999999999999986,50.00000000000001
140100.0,0.17859758152106392,0.14489653698006455,0.05566047739251932,49.99999999999999,50.00000000000001
140160.0,0.17855933544536798,0.14486937855702686,0.05565553338509174,49.99999999999999,50.00000000000001
140220.0,0.17852112409243742,0.14484224384830183,0.05565059642560746,50.0,50.00000000000001
140280.0,0.17848294741142418,0.14481513282009428,0.05564566650030579,50.00000000000001,50.00000000000001
140340.0,0.17844480535158988,0.14478804543868046,0.0556407435954638,50.000000000000014,50.00000000000001
140400.0,0.17840669786227517,0.1447609816703885,0.05563582769738238,50.000000000000014,50.00000000000001
140460.0,0.1783686248929318,0.14473394148161836,0.05563091879240079,50.00000000000002,50.00000000000001
140520.0,0.17833058639311192,0.14470692483883582,0.05562601686689192,50.00000000000002,50.00000000000001
140580.0,0.17829258231246795,0.1446799317085718,0.0556211219072621,50.00000000000002,50.00000000000001
140640.0,0.17825461260075223,0.14465296205742229,0.05561623389995108,50.00000000000002,50.00000000000001
140700.0,0.17821667720781675,0.14462601585204812,0.05561135283143186,50.000000000000014,50.0
140760.0,0.17817877608361293,0.14459909305917504,0.05560647868821061,50.000000000000014,50.0
140820.0,0.17814090917819136,0.14457219364559307,0.05560161145682658,50.00000000000001,50.0
140880.0,0.1781030764417058,0.14454531757815972,0.05559675112385372,50.0,50.0
140940.0,0.1780652778244169,0.14451846482380185,0.05559189767590223,49.99999999999999,50.0
141000.0,0.17802751327666258,0.1444916353494972,0.05558705109960644,49.99999999999999,50.0
141060.0,0.17798978274888905,0.1444648291222934,0.05558221138163746,49.99999999999999,50.0
141120.0,0.1779520861916405,0.1444380461093021,0.055577378508699,49.999999999999986,50.0
141180.0,0.17791442355555875,0.14441128627769934,0.05557255246752728,49.999999999999986,50.0
141240.0,0.17787679479138324,0.14438454959472363,0.055567733244890914,49.999999999999986,50.0
141300.0,0.17783919984995056,0.14435783602767718,0.055562920827590796,49.999999999999986,50.0
141360.0,0.17780163868219429,0.14433114554392568,0.05555811520246005,49.99999999999999,50.0
141420.0,0.1777641112391447,0.1443044781108974,0.05555331635636384,49.99999999999999,50.00000000000001
141480.0,0.17772661747193272,0.14427783369608652,0.05554852427620152,50.0,50.00000000000001
141540.0,0.17768915733179344,0.14425121226705462,0.05554373894890849,50.0,50.000000000000014
141600.0,0.17765173077003757,0.1442246137914132,0.05553896036144132,50.0,50.000000000000014
141660.0,0.17761433773808125,0.14419803823684224,0.05553418850079338,50.0,50.000000000000014
141720.0,0.17757697818743623,0.14417148557108375,0.05552942335398968,50.0,50.000000000000014
141780.0,0.17753965206970956,0.1441449557619421,0.055524664908086815,50.00000000000001,50.000000000000014
141840.0,0.1775023593366035,0.1441184487772839,0.05551991315017284,50.00000000000001,50.000000000000014
141900.0,0.17746509993991502,0.14409196458503704,0.05551516806736716,50.00000000000001,50.00000000000001
141960.0,0.17742787383153577,0.14406550315319133,0.05551042964682046,50.00000000000001,50.00000000000001
142020.0,0.1773906809634517,0.14403906444979842,0.055505697875714605,50.0,50.00000000000001
142080.0,0.17735352128774687,0.14401264844297298,0.055500972741264636,50.0,50.0
142140.0,0.177316394756607,0.14398625510089685,0.05549625423072068,50.0,50.0
142200.0,0.17727930132229158,0.14395988439179935,0.05549154233135332,50.0,50.0
142260.0,0.17724224093716312,0.14393353628397773,0.05548683703046891,50.0,50.0
142320.0,0.17720521355367722,0.143907210745789,0.05548213831540459,50.0,49.99999999999999
142380.0,0.17716821912438255,0.1438809077456517,0.05547744617352815,50.0,49.99999999999999
142440.0,0.17713125760192053,0.14385462725204418,0.05547276059223794,50.00000000000001,49.99999999999999
142500.0,0.17709432893902521,0.14382836923350528,0.055468081558962816,50.00000000000001,49.99999999999999
142560.0,0.1770574330885228,0.14380213365863462,0.055463409061161976,50.00000000000001,49.99999999999999
142620.0,0.1770205700033316,0.14377592049609095,0.055458743086324945,50.00000000000001,50.0
142680.0,0.17698373963646563,0.14374972971459601,0.05545408362197236,50.00000000000001,50.0
142740.0,0.17694694194103788,0.14372356128293576,0.05544943065565678,50.00000000000001,50.0
142800.0,0.17691017687023372,0.14369741516994342,0.055444784174956144,50.00000000000001,50.0
142860.0,0.17687344437733873,0.14367129134451792,0.05544014416748052,50.00000000000001,50.0
142920.0,0.17683674441572952,0.14364518977561702,0.055435510620869814,50.00000000000001,50.0
142980.0,0.17680007693887334,0.1436191104322584,0.055430883522793704,50.00000000000001,50.0
143040.0,0.17676344190032808,0.14359305328351768,0.05542626286095152,50.0,50.0
143100.0,0.17672683925374189,0.1435670182985305,0.05542164862307218,50.0,50.0
143160.0,0.1766902689528529,0.14354100544649043,0.05541704079691405,50.0,50.0
143220.0,0.17665373095148912,0.14351501469665023,0.0554124393702649,49.99999999999999,50.0
143280.0,0.17661722520357193,0.14348904601832294,0.05540784433094382,49.99999999999999,50.0
143340.0,0.1765807516631193,0.14346309938088492,0.05540325566680299,49.999999999999986,50.0
143400.0,0.17654431028421977,0.14343717475375883,0.05539867336571379,49.999999999999986,50.0
143460.0,0.1765079010210598,0.14341127210643095,0.055394097415581364,49.999999999999986,50.0
143520.0,0.1764715238279145,0.14338539140844536,0.05538952780433986,49.999999999999986,50.0
143580.0,0.17643517865914762,0.14335953262940407,0.05538496451995234,49.999999999999986,50.0
143640.0,0.17639886546921124,0.14333369573896684,0.05538040755041069,49.999999999999986,50.0
143700.0,0.17636258421264553,0.1433078807068507,0.05537585688373551,49.999999999999986,50.0
143760.0,0.1763263348440785,0.14328208750283,0.05537131250797607,49.999999999999986,50.00000000000001
143820.0,0.1762901173182259,0.14325631609673675,0.05536677441121017,49.99999999999999,50.00000000000001
143880.0,0.17625393158989444,0.14323056645846163,0.05536224258154694,49.99999999999999,50.00000000000001
143940.0,0.1762177776139851,0.14320483855795701,0.05535771700712943,49.99999999999999,50.00000000000001
144000.0,0.176181655345468,0.14317913236522103,0.055353197676114914,50.0,50.000000000000014
144060.0,0.17614556473940862,0.14315344785031334,0.055348684576695624,50.0,50.000000000000014
144120.0,0.176109505750959,0.14312778498335044,0.05534417769709201,50.0,50.000000000000014
144180.0,0.1760734783353577,0.14310214373450517,0.05533967702555266,50.00000000000001,50.00000000000001
144240.0,0.17603748244792938,0.14307652407400687,0.05533518255035422,50.00000000000001,50.00000000000001
144300.0,0.17600151804408487,0.14305092597214072,0.05533069425980128,50.00000000000001,50.00000000000001
144360.0,0.1759655850793206,0.14302534939924802,0.05532621214222634,50.00000000000001,50.00000000000001
144420.0,0.17592968350921867,0.14299979432572568,0.05532173618598969,50.00000000000001,50.0
144480.0,0.1758938132894499,0.14297426072202896,0.05531726637947847,50.00000000000001,49.99999999999999
144540.0,0.17585797437577694,0.1429487485586729,0.05531280271110574,50.000000000000014,49.99999999999999
144600.0,0.17582216672403034,0.1429232578062168,0.055308345169316396,50.000000000000014,49.99999999999999
144660.0,0.17578639029013346,0.14289778843528061,0.05530389374258076,50.000000000000014,49.99999999999999
144720.0,0.17575064503009424,0.1428723404165395,0.05529944841939647,50.000000000000014,49.999999999999986
144780.0,0.17571493090000503,0.14284691372072378,0.055295009188288426,50.000000000000014,49.999999999999986
144840.0,0.1756792478560423,0.1428215083186186,0.055290576037808715,50.00000000000001,49.999999999999986
144900.0,0.17564359585446643,0.14279612418106422,0.05528614895653648,50.00000000000001,49.999999999999986
144960.0,0.17560797485162158,0.14277076127895524,0.055281727933077895,50.00000000000001,49.999999999999986
145020.0,0.17557238480393533,0.14274541958324072,0.05527731295606601,50.0,49.999999999999986
145080.0,0.17553682566792206,0.14272009906492686,0.05527290401416397,50.0,49.999999999999986
145140.0,0.1755012974001857,0.1426947996950778,0.055268501096067894,49.99999999999999,49.999999999999986
145200.0,0.1754657999573964,0.14266952144480105,0.05526410419048469,49.99999999999999,49.999999999999986
145260.0,0.175430333296315,0.14264426428526367,0.05525971328615549,49.99999999999999,49.999999999999986
145320.0,0.17539489737378486,0.14261902818768643,0.05525532837184802,49.999999999999986,49.999999999999986
145380.0,0.17535949214673172,0.1425938131233441,0.055250949436356535,49.999999999999986,49.99999999999999
145440.0,0.17532411757216348,0.1425686190635644,0.05524657646850177,49.999999999999986,49.99999999999999
145500.0,0.17528877360716996,0.14254344597972957,0.05524220945713082,49.999999999999986,49.99999999999999
145560.0,0.1752534602089227,0.14251829384327477,0.055237848391117075,49.999999999999986,49.99999999999999
145620.0,0.17521817733467485,0.14249316262568817,0.05523349325936014,49.99999999999999,50.0
145680.0,0.17518292494176396,0.14246805229851353,0.05522914405078801,49.99999999999999,50.0
145740.0,0.17514770298761517,0.1424429628333516,0.05522480075435908,49.99999999999999,50.00000000000001
145800.0,0.17511251142971837,0.14241789420184559,0.0552204633590467,49.99999999999999,50.00000000000001
145860.0,0.17507735022565193,0.14239284637569624,0.055216131853855405,49.99999999999999,50.00000000000001
145920.0,0.17504221933307482,0.14236781932665762,0.055211806227815644,49.99999999999999,50.00000000000001
145980.0,0.17500711870972635,0.14234281302653537,0.05520748646998369,50.0,50.000000000000014
146040.0,0.17497204831342608,0.14231782744718827,0.055203172569441586,50.0,50.000000000000014
146100.0,0.17493700810207355,0.1422928625605273,0.05519886451529705,50.0,50.000000000000014
146160.0,0.17490199803364812,0.14226791833851532,0.05519456229668339,50.0,50.000000000000014
146220.0,0.17486701806620872,0.14224299475316726,0.05519026590275946,50.0,50.00000000000001
146280.0,0.17483206815787072,0.14221809177653538,0.055185975322697464,50.0,50.00000000000001
146340.0,0.1747971482668038,0.1421932093807076,0.05518169054567935,50.00000000000001,50.00000000000001
146400.0,0.17476225835137296,0.14216834753789806,0.05517741156097327,50.00000000000001,50.00000000000001
146460.0,0.1747273983699635,0.14214350622033511,0.05517313835784229,50.00000000000001,50.00000000000001
146520.0,0.1746925682810418,0.14211868540029987,0.05516887092557548,50.00000000000001,50.00000000000001
146580.0,0.1746577680431553,0.14209388505012674,0.055164609253488,50.00000000000001,50.00000000000001
146640.0,0.17462299761493263,0.14206910514220253,0.05516035333092103,50.00000000000001,50.0
146700.0,0.1745882569550835,0.14204434564896765,0.05515610314724181,50.00000000000001,50.0
146760.0,0.1745535460223988,0.14201960654291546,0.05515185869184362,50.00000000000001,50.0
146820.0,0.17451886477575052,0.14199488779659214,0.055147619954145806,50.00000000000001,50.0
146880.0,0.17448421317395485,0.14197018938250863,0.05514338692354486,50.00000000000001,50.0
146940.0,0.17444959117566486,0.141945511273072,0.05513915958937616,50.00000000000001,49.99999999999999
147000.0,0.17441499874028915,0.14192085344117633,0.055134937941241864,50.00000000000001,49.99999999999999
147060.0,0.17438043582699042,0.14189621585955797,0.055130721968653415,50.00000000000001,49.99999999999999
147120.0,0.17434590239501044,0.1418715985010051,0.055126511661147605,50.00000000000001,49.99999999999999
147180.0,0.17431139840367008,0.1418470013383576,0.05512230700828654,50.00000000000001,49.99999999999999
147240.0,0.17427692381236934,0.14182242434450695,0.055118107999657655,50.00000000000001,49.99999999999999
147300.0,0.17424247858058733,0.14179786749239687,0.05511391462487372,50.00000000000001,49.99999999999999
147360.0,0.17420806266788225,0.14177333075502177,0.05510972687357283,50.00000000000001,50.0
147420.0,0.1741736760338914,0.14174881410542903,0.0551055447354184,50.00000000000001,50.0
147480.0,0.17413931863821827,0.1417243175166439,0.05510136820005355,50.0,50.0
147540.0,0.17410499044034403,0.1416998409616145,0.05509719725706528,50.0,50.0
147600.0,0.17407069140038514,0.14167538441369823,0.055093031896290764,50.00000000000001,50.0
147660.0,0.1740364214782675,0.14165094784613042,0.055088872107483464,50.00000000000001,50.0
147720.0,0.1740021806339944,0.14162653123219776,0.05508471788042148,50.00000000000001,50.0
147780.0,0.17396796882764656,0.14160213454523676,0.05508056920490759,50.00000000000001,50.0
147840.0,0.17393378601938217,0.14157775775863538,0.055076426070769215,50.00000000000001,50.00000000000001
147900.0,0.17389963216943685,0.14155340084583123,0.055072288467858437,50.00000000000001,50.00000000000001
147960.0,0.17386550723812366,0.14152906378031332,0.055068156386052,50.00000000000001,50.00000000000001
148020.0,0.17383141118583312,0.14150474653562095,0.055064029815251284,50.00000000000001,50.00000000000001
148080.0,0.17379734397290855,0.14148044908526428,0.0550599087453338,50.00000000000001,50.00000000000001
148140.0,0.17376330555954833,0.1414561714026605,0.0550557931661151,50.00000000000001,50.00000000000001
148200.0,0.17372929590664227,0.1414319134616727,0.05505168306767451,50.00000000000001,50.00000000000001
148260.0,0.1736953149748599,0.14140767523602313,0.05504757844000006,50.000000000000014,50.00000000000001
148320.0,0.17366136272494628,0.14138345669948293,0.055043479273103706,50.000000000000014,50.00000000000001
148380.0,0.17362743911772213,0.14135925782587394,0.05503938555702135,50.000000000000014,50.00000000000001
148440.0,0.1735935441140838,0.14133507858906605,0.05503529728181284,50.000000000000014,50.00000000000001
148500.0,0.17355967767500316,0.14131091896297948,0.05503121443756195,50.000000000000014,50.00000000000001
148560.0,0.17352583976152777,0.14128677892158364,0.0550271370143764,50.000000000000014,50.00000000000001
148620.0,0.17349203033478078,0.14126265843889732,0.05502306500238786,50.000000000000014,50.0
148680.0,0.1734582493558348,0.14123855748890787,0.05501899839170716,50.000000000000014,50.0
148740.0,0.1734244967856131,0.14121447604550696,0.05501493717238922,50.00000000000001,49.99999999999999
148800.0,0.1733907725857358,0.14119041408303545,0.055010881334733405,50.00000000000001,49.99999999999999
148860.0,0.17335707671759726,0.14116637157569037,0.05500683086895607,50.00000000000001,49.99999999999999
148920.0,0.17332340914266564,0.14114234849771642,0.05500278576529687,50.00000000000001,49.99999999999999
148980.0,0.17328976982248287,0.14111834482340702,0.05499874601401872,50.00000000000001,49.99999999999999
149040.0,0.17325615871866462,0.14109436052710295,0.05499471160540782,50.00000000000001,49.99999999999999
149100.0,0.17322257579290026,0.1410703955831945,0.05499068252977367,50.0,49.99999999999999
149160.0,0.17318902100695296,0.1410464499661193,0.05498665877744902,50.0,49.99999999999999
149220.0,0.17315549432265964,0.1410225236503636,0.054982640338789926,49.99999999999999,49.99999999999999
149280.0,0.17312199570181316,0.1409986166103861,0.054978627204132775,49.99999999999999,49.99999999999999
149340.0,0.17308852510607006,0.14097472882055814,0.05497461936376065,49.99999999999999,49.99999999999999
149400.0,0.1730550824977407,0.14095086025567322,0.054970616808191396,49.99999999999999,49.99999999999999
149460.0,0.17302166783892792,0.14092701089039186,0.05496661952786357,49.99999999999999,49.99999999999999
149520.0,0.17298828109180653,0.1409031806994218,0.054962627513238375,49.999999999999986,50.0
149580.0,0.17295492221862335,0.1408793696575175,0.05495864075479968,49.999999999999986,50.0
149640.0,0.17292159118169725,0.14085557773948112,0.05495465924305398,49.999999999999986,50.0
149700.0,0.17288828794341907,0.1408318049201616,0.05495068296853044,49.99999999999999,50.0
149760.0,0.17285501246625165,0.14080805117445508,0.05494671192178084,49.99999999999999,50.0
149820.0,0.1728217647127299,0.140784316477305,0.05494274609337964,50.0,50.00000000000001
149880.0,0.17278854464534998,0.1407606008036304,0.05493878547388214,50.00000000000001,50.00000000000001
149940.0,0.17275535222648247,0.14073690412827009,0.05493483005379175,50.00000000000001,50.00000000000001
150000.0,0.1727221874191155,0.1407132264264617,0.05493087982384038,50.00000000000001,50.00000000000001
150060.0,0.1726890501860446,0.14068956767331975,0.05492693477468272,50.00000000000001,50.00000000000001
150120.0,0.1726559404901358,0.14066592784400436,0.05492299489699553,50.00000000000001,50.00000000000001
150180.0,0.17262285829432542,0.14064230691372182,0.054919060181477575,50.00000000000001,50.00000000000001
150240.0,0.17258980356162013,0.14061870485772493,0.054915130618849686,50.00000000000001,50.00000000000001
150300.0,0.17255677625509705,0.14059512165131216,0.05491120619985469,50.00000000000001,50.00000000000001
150360.0,0.17252377633790367,0.14057155726982817,0.05490728691525747,50.00000000000001,50.00000000000001
150420.0,0.17249080377325787,0.1405480116886637,0.05490337275584493,50.00000000000001,50.0
150480.0,0.17245785852433979,0.1405244848831863,0.05489946371238461,50.00000000000001,50.0
150540.0,0.17242494055420718,0.14050097682868476,0.05489555977559226,50.00000000000001,49.99999999999999
150600.0,0.17239204982652054,0.14047748750083708,0.054891660936409535,50.00000000000001,49.99999999999999
150660.0,0.17235918630475253,0.14045401687520156,0.05488776718570123,50.00000000000001,49.99999999999999
150720.0,0.17232634995244464,0.14043056492738124,0.05488387851435359,50.00000000000001,49.99999999999999
150780.0,0.17229354073320716,0.14040713163302365,0.05487999491327426,50.00000000000001,49.99999999999999
150840.0,0.1722607586107191,0.1403837169678226,0.05487611637339232,50.00000000000001,49.99999999999999
150900.0,0.1722280035487283,0.14036032090751568,0.054872242885658264,50.00000000000001,49.99999999999999
150960.0,0.1721952755110514,0.14033694342788652,0.05486837444104401,50.0,49.99999999999999
151020.0,0.17216257446157385,0.1403135845047631,0.0548645110305429,50.0,50.0
151080.0,0.17212990036414302,0.1402902441139504,0.05486065264513003,50.0,50.00000000000001
151140.0,0.1720972531824847,0.14026692223117476,0.05485679927573115,50.0,50.00000000000001
151200.0,0.1720646328809193,0.14024361883254738,0.05485295091348883,49.99999999999999,50.00000000000001
151260.0,0.17203203942358108,0.14022033389405966,0.054849107549472295,49.99999999999999,50.00000000000001
151320.0,0.1719994727746714,0.14019706739174762,0.054845269174771616,49.99999999999999,50.00000000000001
151380.0,0.1719669328984589,0.14017381930169026,0.054841435780497695,49.99999999999999,50.00000000000001
151440.0,0.17193441975927942,0.14015058960001153,0.05483760735778227,49.99999999999999,50.00000000000001
151500.0,0.171901933321536,0.14012737826287927,0.054833783897777925,49.99999999999999,50.00000000000001
151560.0,0.17186947354969892,0.14010418526650514,0.054829965391658075,49.99999999999999,50.00000000000001
151620.0,0.17183704040830566,0.14008101058714528,0.05482615183061697,49.99999999999999,50.00000000000001
151680.0,0.17180463386185643,0.1400578542010318,0.05482234320583306,49.99999999999999,50.00000000000001
151740.0,0.1717722538747323,0.14003471608432114,0.0548185395084403,49.99999999999999,50.00000000000001
151800.0,0.17173990041189616,0.14001159621354586,0.05481474072977391,49.99999999999999,50.00000000000001
151860.0,0.1717075734381285,0.13998849456512094,0.05481094686110243,49.99999999999999,50.00000000000001
151920.0,0.1716752729182756,0.1399654111155052,0.054807157893714736,49.99999999999999,50.00000000000001
151980.0,0.17164299881724931,0.13994234584120008,0.05480337381891996,49.99999999999999,50.00000000000001
152040.0,0.1716107511000272,0.1399192987187499,0.054799594628047545,50.0,50.00000000000001
152100.0,0.17157852973165244,0.1398962697247424,0.054795820312447244,50.0,50.00000000000001
152160.0,0.171546334677234,0.13987325883580828,0.05479205086348909,50.0,50.0
152220.0,0.17151416590194646,0.13985026602862125,0.054788286272563415,50.0,50.0
152280.0,0.17148202337092874,0.13982729127983254,0.05478452653104414,50.0,50.0
152340.0,0.1714499070492049,0.1398043345660201,0.05478077163025993,50.0,49.99999999999999
152400.0,0.17141781690236338,0.13978139586412688,0.054777021561740705,50.0,49.99999999999999
152460.0,0.1713857528958165,0.13975847515098255,0.05477327631694889,50.00000000000001,49.99999999999999
152520.0,0.1713537149950407,0.13973557240345913,0.054769535887366716,50.00000000000001,49.99999999999999
152580.0,0.1713217031655766,0.13971268759847041,0.054765800264496144,50.00000000000001,49.99999999999999
152640.0,0.171289717373029,0.13968982071297265,0.054762069439858896,50.00000000000001,49.99999999999999
152700.0,0.1712577575830669,0.1396669717239639,0.05475834340499645,50.0,49.99999999999999
152760.0,0.17122582376142348,0.13964414060848437,0.05475462215147004,50.0,50.0
152820.0,0.1711939158738961,0.13962132734361637,0.05475090567086066,50.0,50.0
152880.0,0.17116203388624815,0.13959853190642113,0.054747193954728594,50.0,50.0
152940.0,0.171130177764132,0.13957575427388869,0.05474348699458166,50.0,50.0
153000.0,0.17109834747374789,0.13955299442336358,0.054739784782146805,50.0,50.0
153060.0,0.17106654298112559,0.1395302523320808,0.054736087309074054,50.0,50.0
153120.0,0.17103476425235772,0.1395075279773164,0.05473239456703258,50.0,50.0
153180.0,0.17100301125359957,0.13948482133638768,0.05472870654771072,50.0,50.0
153240.0,0.1709712839510692,0.13946213238665342,0.05472502324281598,50.0,50.0
153300.0,0.1709395823110474,0.13943946110551336,0.054721344644075014,50.0,50.0
153360.0,0.17090790629987762,0.13941680747040802,0.05471767074323363,50.0,50.0
153420.0,0.17087625588396618,0.1393941714588197,0.05471400153205682,50.0,50.0
153480.0,0.17084463102968658,0.13937155304820983,0.05471033700230168,50.0,50.0
153540.0,0.1708130317033046,0.13934895221597093,0.05470667714569622,50.0,50.0
153600.0,0.17078145787161936,0.13932636893984074,0.05470302195412082,50.0,50.0
153660.0,0.17074990950126434,0.13930380319745073,0.05469937141941041,50.0,50.0
153720.0,0.17071838655893457,0.1392812549664724,0.0546957255334187,50.0,50.0
153780.0,0.17068688901138626,0.1392587242246177,0.05469208428801814,50.0,50.0
153840.0,0.17065541682543703,0.13923621094963864,0.05468844767509994,50.0,50.0
153900.0,0.17062396996796578,0.13921371511932817,0.05468481568657411,50.0,50.00000000000001
153960.0,0.1705925484059128,0.1391912367115183,0.05468118831436936,50.0,50.00000000000001
154020.0,0.1705611521062796,0.13916877570408226,0.054677565550433224,50.0,50.00000000000001
154080.0,0.17052978103603605,0.13914633207487292,0.05467394738669152,50.0,50.00000000000001
154140.0,0.17049843516204735,0.1391239058016768,0.05467033381501675,50.0,50.00000000000001
154200.0,0.17046711445169835,0.13910149686261594,0.05466672482749927,50.0,50.00000000000001
154260.0,0.17043581887221296,0.1390791052357095,0.05466312041615166,50.0,50.00000000000001
154320.0,0.17040454839087504,0.13905673089901593,0.05465952057300464,50.0,50.00000000000001
154380.0,0.1703733029750284,0.139034373830633,0.054655925290107106,50.0,50.00000000000001
154440.0,0.17034208259207684,0.1390120340086978,0.05465233455952612,50.0,50.00000000000001
154500.0,0.17031088720948406,0.13898971141138694,0.054648748373346906,50.0,50.00000000000001
154560.0,0.17027971679477377,0.1389674060169163,0.05464516672367286,50.0,50.0
154620.0,0.1702485713155296,0.13894511780354116,0.05464158960262554,50.0,50.0
154680.0,0.17021745073930453,0.13892284674949754,0.054638017002315846,50.0,50.0
154740.0,0.17018635503354984,0.1389005928329563,0.054634448914821485,50.0,50.0
154800.0,0.17015528416622316,0.13887835603241663,0.0546308853323802,50.0,50.0
154860.0,0.17012423810512553,0.13885613632627627,0.0546273262471791,50.0,50.0
154920.0,0.17009321681811673,0.13883393369297226,0.05462377165142302,50.0,50.0
154980.0,0.17006222027311502,0.13881174811097982,0.05462022153733456,50.0,50.0
155040.0,0.17003124843809742,0.13878957955881258,0.054616675897154035,50.0,50.0
155100.0,0.17000030128109944,0.1387674280150228,0.05461313472313951,50.0,50.0
155160.0,0.1699693787702153,0.1387452934582015,0.0546095980075668,50.0,50.0
155220.0,0.16993848087359786,0.13872317586697747,0.05460606574272945,50.0,50.00000000000001
155280.0,0.1699076075593875,0.13870107521997302,0.05460253792091237,50.0,50.00000000000001
155340.0,0.16987675879564637,0.13867899149575985,0.05459901453436734,50.0,50.00000000000001
155400.0,0.16984593455084285,0.13865692467317317,0.05459549557549303,50.0,50.000000000000014
155460.0,0.16981513479333663,0.13863487473097805,0.0545919810366437,50.0,50.000000000000014
155520.0,0.16978435949154322,0.1386128416479769,0.054588470910190305,50.0,50.000000000000014
155580.0,0.16975360861393377,0.13859082540300838,0.054584965188520414,50.0,50.000000000000014
155640.0,0.16972288212903477,0.13856882597494743,0.05458146386403816,50.0,50.00000000000001
155700.0,0.16969218000542818,0.13854684334270548,0.054577966929164196,50.00000000000001,50.00000000000001
155760.0,0.16966150221175105,0.13852487748523054,0.054574474376335655,50.00000000000001,50.0
155820.0,0.16963084871669562,0.1385029283815067,0.05457098619800609,50.00000000000001,50.0
155880.0,0.1696002194890143,0.1384809960105571,0.05456750238664757,50.00000000000001,49.99999999999999
155940.0,0.16956961449752472,0.1384590803514484,0.05456402293475261,50.00000000000001,49.99999999999999
156000.0,0.169539033711073,0.13843718138326574,0.05456054783481955,50.00000000000001,49.999999999999986
156060.0,0.16950847709857242,0.13841529908513855,0.05455707707936797,50.00000000000001,49.999999999999986
156120.0,0.16947794462899088,0.13839343343623195,0.05455361066093376,50.00000000000001,49.999999999999986
156180.0,0.1694474362713508,0.13837158441574732,0.054550148572069,50.00000000000001,49.999999999999986
156240.0,0.1694169519947291,0.13834975200292127,0.054546690805341976,50.00000000000001,49.999999999999986
156300.0,0.16938649176825685,0.1383279361770266,0.05454323735333709,50.0,49.999999999999986
156360.0,0.16935605556111932,0.13830613691737143,0.054539788208654856,50.0,49.99999999999999
156420.0,0.16932564334255593,0.13828435420329965,0.054536343363911825,49.99999999999999,49.99999999999999
156480.0,0.16929525508185195,0.1382625880141854,0.054532902811740225,49.99999999999999,50.0
156540.0,0.16926489074833134,0.13824083832942793,0.05452946654478764,49.999999999999986,50.0
156600.0,0.1692345503114104,0.13821910512848773,0.05452603455571913,49.999999999999986,50.00000000000001
156660.0,0.16920423374054042,0.13819738839084753,0.054522606837214875,49.999999999999986,50.00000000000001
156720.0,0.1691739410052257,0.13817568809602576,0.05451918338197087,49.999999999999986,50.00000000000001
156780.0,0.16914367207502362,0.1381540042235752,0.05451576418269887,49.999999999999986,50.000000000000014
156840.0,0.16911342691954442,0.13813233675308384,0.05451234923212636,49.999999999999986,50.000000000000014
156900.0,0.169083205508451,0.1381106856641739,0.05450893852299651,49.999999999999986,50.000000000000014
156960.0,0.16905300781145888,0.1380890509365025,0.054505532048068094,49.99999999999999,50.000000000000014
157020.0,0.169022833798336,0.1380674325497612,0.05450212980011552,49.99999999999999,50.00000000000001
157080.0,0.1689926834389103,0.13804583048368088,0.0544987317719303,50.0,50.00000000000001
157140.0,0.1689625567030766,0.13802424471803618,0.05449533795632254,50.0,50.00000000000001
157200.0,0.16893245356074438,0.138002675232612,0.05449194834610997,50.00000000000001,50.00000000000001
157260.0,0.16890237398189295,0.1379811220072389,0.05448856293412952,50.00000000000001,50.00000000000001
157320.0,0.16887231793655383,0.1379595850217821,0.0544851817132335,50.00000000000001,50.00000000000001
157380.0,0.1688422853948104,0.1379380642561402,0.05448180467628965,50.000000000000014,50.00000000000001
157440.0,0.16881227632679793,0.1379165596902468,0.05447843181618103,50.000000000000014,50.00000000000001
157500.0,0.16878229070270342,0.137895071304069,0.05447506312580602,50.000000000000014,50.00000000000001
157560.0,0.16875232849276547,0.13787359907760813,0.054471698598078246,50.000000000000014,50.00000000000001
157620.0,0.16872238966727413,0.13785214299089912,0.054468338225926546,50.00000000000001,50.00000000000001
157680.0,0.16869247419657682,0.1378307030240149,0.05446498200229572,50.00000000000001,50.00000000000001
157740.0,0.16866258205108378,0.1378092791570692,0.054461629920147143,50.00000000000001,50.00000000000001
157800.0,0.168632713201227,0.13778787137019108,0.05445828197245357,50.00000000000001,50.0
157860.0,0.16860286761750362,0.1377664796435515,0.05445493815220461,50.00000000000001,50.0
157920.0,0.16857304527046188,0.13774510395735576,0.054451598452404895,50.00000000000001,50.0
157980.0,0.16854324613070104,0.1377237442918423,0.05444826286607406,50.0,50.0
158040.0,0.16851347016887122,0.1377024006272832,0.05444493138624669,50.0,50.0
158100.0,0.16848371735567344,0.1376810729439843,0.054441604005972304,50.0,50.0
158160.0,0.1684539876618593,0.1376597612222841,0.05443828071831529,50.0,50.0
158220.0,0.16842428105823098,0.13763846544255495,0.05443496151635486,50.0,50.0
158280.0,0.16839459751564081,0.1376171855852022,0.054431646393185526,50.0,50.0
158340.0,0.16836493700499067,0.13759592163066361,0.05442833534191744,50.0,50.0
158400.0,0.1683352994972346,0.1375746735594112,0.05442502835567316,50.0,50.0
158460.0,0.1683056849633759,0.13755344135194952,0.05442172542759103,50.0,50.0
158520.0,0.16827609337446775,0.13753222498881643,0.054418426550824045,50.0,50.0
158580.0,0.16824652470161341,0.137511024450582,0.054415131718539816,50.0,50.0
158640.0,0.16821697891596582,0.13748983971784945,0.05441184092392052,50.0,50.0
158700.0,0.16818745598872759,0.1374686707712548,0.05440855416016288,50.0,50.0
158760.0,0.16815795589115093,0.1374475175914663,0.054405271420478095,50.0,50.0
158820.0,0.16812847859453753,0.1374263801591854,0.05440199269809184,50.00000000000001,50.0
158880.0,0.16809902407023683,0.1374052584551444,0.054398717986244655,50.00000000000001,50.0
158940.0,0.16806959228964458,0.13738415246010657,0.05439544727819243,50.00000000000001,50.0
159000.0,0.16804018322421319,0.1373630621548723,0.05439218056720298,50.00000000000001,50.0
159060.0,0.16801079684544043,0.13734198752027163,0.05438891784655957,50.00000000000001,50.0
159120.0,0.16798143312487296,0.13732092853716724,0.05438565910955973,50.00000000000001,50.0
159180.0,0.16795209203410613,0.13729988518645375,0.05438240434951526,50.00000000000001,50.0
159240.0,0.16792277354478394,0.13727885744905757,0.05437915355975211,50.00000000000001,50.0
159300.0,0.16789347762859885,0.13725784530593751,0.05437590673361041,50.00000000000001,49.99999999999999
159360.0,0.16786420425729173,0.13723684873808364,0.05437266386444441,50.00000000000001,49.99999999999999
159420.0,0.16783495340265173,0.1372158677265185,0.05436942494562243,50.0,49.99999999999999
159480.0,0.1678057250365175,0.1371949022522968,0.05436618997052748,50.0,49.99999999999999
159540.0,0.16777651913077832,0.13717395229650678,0.054362958932557784,50.0,49.99999999999999
159600.0,0.16774733565736483,0.1371530178402637,0.05435973182512243,50.0,49.99999999999999
159660.0,0.16771817458825872,0.13713209886471694,0.054356508641645915,49.99999999999999,49.99999999999999
159720.0,0.16768903589548934,0.13711119535104702,0.05435328937556665,49.99999999999999,49.99999999999999
159780.0,0.16765991955113374,0.13709030728046567,0.05435007402033693,49.99999999999999,49.99999999999999
159840.0,0.16763082552731656,0.1370694346342164,0.05434686256942287,49.99999999999999,49.99999999999999
159900.0,0.1676017537962098,0.13704857739357376,0.0543436550163044,49.99999999999999,50.0
159960.0,0.16757270433003282,0.1370277355398434,0.05434045135447519,49.99999999999999,50.0
160020.0,0.1675436771010522,0.1370069090543621,0.054337251577442645,50.0,50.00000000000001
160080.0,0.16751467208158463,0.1369860979185,0.05433405567872855,50.0,50.00000000000001
160140.0,0.16748568924399967,0.13696530211366142,0.05433086365186968,50.0,50.000000000000014
160200.0,0.16745672856069893,0.1369445216212723,0.05432767549041302,50.0,50.000000000000014
160260.0,0.1674277900041378,0.13692375642279422,0.054324491187920744,50.00000000000001,50.000000000000014
160320.0,0.16739887354681857,0.13690300649971932,0.0543213107379686,50.00000000000001,50.000000000000014
160380.0,0.16736997916129015,0.13688227183357052,0.05431813413414587,50.00000000000001,50.000000000000014
160440.0,0.1673411068201481,0.13686155240590156,0.054314961370055315,50.00000000000001,50.000000000000014
160500.0,0.16731225649603432,0.13684084819829662,0.054311792439313146,50.00000000000001,50.000000000000014
160560.0,0.1672834281616372,0.13682015919237084,0.054308627335549,50.0,50.000000000000014
160620.0,0.16725462178969125,0.13679948536976935,0.054305466052405896,50.0,50.00000000000001
160680.0,0.1672258373529795,0.1367788267121695,0.05430230858354082,50.0,50.00000000000001
160740.0,0.16719707482433546,0.13675818320128175,0.05429915492262531,50.0,50.00000000000001
160800.0,0.1671683341766273,0.13673755481883987,0.05429600506334104,50.0,50.00000000000001
160860.0,0.16713961538277444,0.1367169415466108,0.054292858999384436,50.0,50.0
160920.0,0.1671109184157422,0.13669634336639233,0.054289716724465135,50.0,50.0
160980.0,0.16708224324854148,0.1366757602600117,0.054286578232305954,50.0,50.0
161040.0,0.1670535898542289,0.13665519220932704,0.054283443516642896,49.99999999999999,50.0
161100.0,0.16702495820590657,0.1366346391962258,0.054280312571225044,49.99999999999999,50.0
161160.0,0.166996348276722,0.13661410120262568,0.05427718538981458,49.99999999999999,50.0
161220.0,0.16696776003986802,0.13659357821047435,0.05427406196618675,49.99999999999999,50.0
161280.0,0.16693919346858374,0.13657307020175002,0.05427094229413033,49.99999999999999,50.0
161340.0,0.16691064853615523,0.1365525771584614,0.054267826367448146,49.99999999999999,50.0
161400.0,0.1668821252159087,0.13653209906264416,0.05426471417995328,49.99999999999999,50.0
161460.0,0.16685362348121766,0.1365116358963652,0.05426160572547302,49.99999999999999,50.0
161520.0,0.1668251433055004,0.1364911876417206,0.054258500997847535,49.99999999999999,50.0
161580.0,0.16679668466222006,0.13647075428083633,0.05425539999092985,49.99999999999999,50.0
161640.0,0.1667682475248843,0.13645033579586768,0.05425230269858582,49.99999999999999,50.0
161700.0,0.16673983186704552,0.13642993216899932,0.05424920911469411,49.99999999999999,50.00000000000001
161760.0,0.16671143766230037,0.13640954338244524,0.0542461192331461,49.99999999999999,50.00000000000001
161820.0,0.16668306488429002,0.13638916941844895,0.05424303304784594,50.0,50.00000000000001
161880.0,0.1666547135067006,0.1363688102592831,0.05423995055271092,50.0,50.00000000000001
161940.0,0.16662638350326403,0.13634846588725094,0.05423687174167202,50.0,50.00000000000001
162000.0,0.16659807484775224,0.1363281362846823,0.05423379660867032,50.0,50.00000000000001
162060.0,0.16656978751398313,0.13630782143393708,0.05423072514766068,50.0,50.00000000000001
162120.0,0.16654152147581844,0.13628752131740404,0.05422765735261055,50.0,50.00000000000001
162180.0,0.16651327670716365,0.1362672359175008,0.054224593217499895,50.0,50.00000000000001
162240.0,0.16648505318196805,0.13624696521667432,0.0542215327363212,50.0,50.00000000000001
162300.0,0.16645685087422443,0.1362267091973998,0.05421847590307942,50.0,50.00000000000001
162360.0,0.16642866975796913,0.13620646784218124,0.054215422711791944,50.0,50.00000000000001
162420.0,0.1664005098072819,0.13618624113355166,0.05421237315648856,49.99999999999999,50.0
162480.0,0.1663723709962871,0.13616602905407305,0.05420932723121197,49.99999999999999,50.0
162540.0,0.1663442532991548,0.13614583158633792,0.054206284930018216,49.99999999999999,50.0
162600.0,0.1663161566900918,0.13612564871296268,0.054203246246973064,49.99999999999999,50.0
162660.0,0.166288081143351,0.13610548041659445,0.0542002111761558,49.99999999999999,50.0
162720.0,0.1662600266332282,0.13608532667990875,0.05419717971165798,49.999999999999986,50.0
162780.0,0.16623199313406214,0.13606518748560903,0.05419415184758336,49.999999999999986,50.0
162840.0,0.16620398062023437,0.1360450628164275,0.05419112757804791,49.999999999999986,50.0
162900.0,0.166175989066169,0.13602495265512424,0.05418810689717974,49.99999999999999,50.0
162960.0,0.1661480184463329,0.13600485698448742,0.05418508979911913,49.99999999999999,50.0
163020.0,0.16612006873523524,0.13598477578733342,0.054182076278018416,50.0,50.00000000000001
163080.0,0.16609213990742933,0.13596470904650748,0.05417906632804255,50.0,50.000000000000014
163140.0,0.1660642319375137,0.13594465674488487,0.05417605994336955,50.0,50.000000000000014
163200.0,0.1660363448001215,0.1359246188653637,0.054173057118186804,50.00000000000001,50.000000000000014
163260.0,0.16600847846993155,0.13590459539087205,0.05417005784669495,50.00000000000001,50.000000000000014
163320.0,0.16598063292166487,0.1358845863043664,0.05416706212310656,50.00000000000001,50.000000000000014
163380.0,0.1659528081300844,0.1358645915888305,0.05416406994164615,50.00000000000001,50.000000000000014
163440.0,0.165925004069995,0.13584461122727542,0.05416108129655011,50.00000000000001,50.000000000000014
163500.0,0.16589722071624333,0.13582464520274093,0.05415809618206672,50.00000000000001,50.000000000000014
163560.0,0.16586945804371778,0.1358046934982931,0.05415511459245606,50.00000000000001,50.00000000000001
163620.0,0.1658417160273483,0.1357847560970264,0.05415213652199003,50.0,50.00000000000001
163680.0,0.16581399464210783,0.13576483298206315,0.054149161964952806,50.0,50.0
163740.0,0.1657862938630134,0.13574492413655495,0.054146190915641275,50.0,50.0
163800.0,0.16575861366511657,0.13572502954367632,0.05414322336836153,50.0,50.0
163860.0,0.16573095402351343,0.13570514918663112,0.05414025931743257,50.0,50.0
163920.0,0.1657033149133412,0.13568528304865035,0.05413729875718502,50.0,49.99999999999999
163980.0,0.16567569630977838,0.13566543111299217,0.054134341681961164,50.0,49.99999999999999
164040.0,0.16564809818804435,0.13564559336294224,0.054131388086114875,50.0,49.99999999999999
164100.0,0.16562052052339957,0.13562576978181273,0.0541284379640116,50.0,49.99999999999999
164160.0,0.1655929632911452,0.135605960352943,0.05412549131002834,50.0,49.99999999999999
164220.0,0.16556542646662334,0.13558616505969956,0.05412254811855359,50.00000000000001,50.0
164280.0,0.16553791002521775,0.13556638388547596,0.0541196083839878,50.00000000000001,50.0
164340.0,0.16551041394235505,0.13554661681369473,0.0541166721007438,50.00000000000001,50.0
164400.0,0.16548293819349677,0.13552686382780121,0.05411373926324351,50.00000000000001,50.0
164460.0,0.1654554827541475,0.13550712491126873,0.05411080986592135,50.00000000000001,50.0
164520.0,0.16542804759985222,0.13548740004759838,0.05410788390322314,50.00000000000001,50.0
164580.0,0.16540063270619618,0.13546768922031655,0.054104961369606006,50.00000000000001,50.0
164640.0,0.16537323804880477,0.13544799241297742,0.054102042259538435,50.00000000000001,50.00000000000001
164700.0,0.16534586360334355,0.13542830960916064,0.05409912656750018,50.00000000000001,50.0
164760.0,0.165318509345518,0.13540864079247314,0.054096214287982274,50.0,50.0
164820.0,0.16529117525107367,0.13538898594654736,0.05409330541548696,50.0,50.0
164880.0,0.16526386129579684,0.13536934505504378,0.054090399944528134,49.99999999999999,50.0
164940.0,0.16523656745551582,0.13534971810164972,0.054087497869631775,49.99999999999999,50.0
165000.0,0.16520929370609314,0.1353301050700758,0.05408459918533273,49.999999999999986,50.0
165060.0,0.16518204002343345,0.1353105059440599,0.05408170388617806,49.999999999999986,50.0
165120.0,0.16515480638348098,0.13529092070736642,0.05407881196672591,49.999999999999986,50.0
165180.0,0.16512759276221942,0.13527134934378593,0.05407592342154551,49.999999999999986,50.0
165240.0,0.16510039913567176,0.13525179183713448,0.05407303824521712,49.999999999999986,50.0
165300.0,0.1650732254799003,0.13523224817125493,0.054070156432332026,49.99999999999999,50.0
165360.0,0.1650460717710065,0.1352127183300151,0.054067277977492494,49.99999999999999,50.00000000000001
165420.0,0.16501893798513093,0.13519320229730944,0.05406440287531174,50.0,50.00000000000001
165480.0,0.16499182409845434,0.13517370005705856,0.05406153112041436,50.00000000000001,50.00000000000001
165540.0,0.1649647300871986,0.13515421159321026,0.05405866270743672,50.00000000000001,50.00000000000001
165600.0,0.16493765592761886,0.13513473688973435,0.05405579763102386,50.000000000000014,50.00000000000001
165660.0,0.16491060159601162,0.13511527593062833,0.05405293588583271,50.000000000000014,50.00000000000001
165720.0,0.16488356706871216,0.13509582869991468,0.05405007746653103,50.000000000000014,50.00000000000001
165780.0,0.1648565523220944,0.13507639518164224,0.0540472223677974,50.00000000000002,50.00000000000001
165840.0,0.16482955733257076,0.13505697535988492,0.05404437058432117,50.00000000000002,50.00000000000001
165900.0,0.16480258207659224,0.1350375692187418,0.05404152211080241,50.000000000000014,50.00000000000001
165960.0,0.1647756265306481,0.1350181767423377,0.05403867694195195,50.000000000000014,50.00000000000001
166020.0,0.16474869067126593,0.1349987979148229,0.05403583507249127,50.00000000000001,50.0
166080.0,0.16472177447501277,0.13497943272037327,0.05403299649715299,50.0,50.0
166140.0,0.16469487791849596,0.1349600811431919,0.054030161210681195,50.0,50.0
166200.0,0.16466800097835524,0.13494074316750287,0.05402732920782841,50.0,50.0
166260.0,0.16464114363127103,0.13492141877755714,0.05402450048335882,49.99999999999999,50.0
166320.0,0.16461430585396164,0.13490210795763133,0.05402167503204713,49.99999999999999,50.0
166380.0,0.16458748762318332,0.13488281069202634,0.05401885284867861,49.99999999999999,50.0
166440.0,0.16456068891572997,0.1348635269650688,0.054016033928049045,49.999999999999986,50.0
166500.0,0.16453390970843332,0.13484425676110984,0.05401321826496471,49.999999999999986,50.0
166560.0,0.16450714997816254,0.13482500006452533,0.054010405854242334,49.999999999999986,50.0
166620.0,0.16448040970182448,0.1348057568597165,0.05400759669070908,49.99999999999999,50.00000000000001
166680.0,0.1644536888563644,0.13478652713110942,0.054004790769202934,49.99999999999999,50.00000000000001
166740.0,0.1644269874187672,0.13476731086315683,0.05400198808457309,49.99999999999999,50.00000000000001
166800.0,0.16440030536604955,0.13474810804033208,0.05399918863167702,49.99999999999999,50.00000000000001
166860.0,0.16437364267526786,0.13472891864713546,0.05399639240538351,49.99999999999999,50.00000000000001
166920.0,0.1643469993235158,0.1347097426680914,0.053993599400571655,49.99999999999999,50.00000000000001
166980.0,0.1643203752879241,0.13469058008774906,0.053990809612130874,49.99999999999999,50.00000000000001
167040.0,0.16429377054566047,0.134671430890682,0.0539880230349608,50.0,50.00000000000001
167100.0,0.1642671850739295,0.1346522950614879,0.053985239663971334,50.0,50.00000000000001
167160.0,0.16424061884997276,0.13463317258478968,0.05398245949408258,50.0,50.0
167220.0,0.16421407185106845,0.1346140634452338,0.05397968252022481,50.0,50.0
167280.0,0.16418754405453254,0.13459496762749187,0.053976908737338875,50.0,49.99999999999999
167340.0,0.16416103543771962,0.13457588511626117,0.05397413814037654,50.0,49.99999999999999
167400.0,0.16413454597801566,0.13455681589625995,0.053971370724297675,50.0,49.999999999999986
167460.0,0.1641080756528456,0.1345377599522317,0.053968606484073194,50.00000000000001,49.999999999999986
167520.0,0.16408162443967075,0.13451871726894454,0.05396584541468406,50.00000000000001,49.999999999999986
167580.0,0.16405519231598875,0.13449968783119043,0.05396308751112131,50.00000000000001,49.999999999999986
167640.0,0.16402877925933346,0.13448067162378513,0.053960332768385966,50.00000000000001,49.999999999999986
167700.0,0.164002385247275,0.13446166863156866,0.05395758118148906,50.00000000000001,49.999999999999986
167760.0,0.1639760102574195,0.13444267883940503,0.05395483274545157,50.00000000000001,49.99999999999999
167820.0,0.16394965426740915,0.13442370223218147,0.05395208745530444,50.00000000000001,49.99999999999999
167880.0,0.16392331725492312,0.1344047387948104,0.05394934530608889,50.00000000000001,50.0
167940.0,0.16389699919767836,0.13438578851222877,0.053946606292856816,50.00000000000001,50.0
168000.0,0.16387070007342266,0.13436685136939425,0.053943870410668025,50.00000000000001,50.0
168060.0,0.1638444198599419,0.13434792735128961,0.05394113765459311,50.00000000000001,50.00000000000001
168120.0,0.1638181585350576,0.1343290164429213,0.053938408019712475,50.00000000000001,50.00000000000001
168180.0,0.163791916076627,0.13431011862931921,0.053935681501116335,50.0,50.00000000000001
168240.0,0.16376569246254272,0.13429123389553685,0.05393295809390467,50.0,50.00000000000001
168300.0,0.16373948767073288,0.13427236222665148,0.05393023779318723,50.0,50.00000000000001
168360.0,0.163713301679161,0.13425350360776325,0.05392752059408348,50.0,50.00000000000001
168420.0,0.1636871344658259,0.13423465802399606,0.05392480649172259,50.0,50.0
168480.0,0.16366098600876253,0.1342158254604974,0.05392209548124379,50.0,50.0
168540.0,0.16363485628604305,0.13419700590244013,0.053919387557796704,49.99999999999999,50.0
168600.0,0.16360874527576968,0.134178199335016,0.053916682716538704,49.99999999999999,50.0
168660.0,0.16358265295608204,0.13415940574344257,0.05391398095263766,49.99999999999999,50.0
168720.0,0.1635565793051547,0.13414062511295968,0.05391128226127107,49.99999999999999,50.0
168780.0,0.16353052430119705,0.13412185742883073,0.05390858663762595,49.99999999999999,50.0
168840.0,0.16350448792245342,0.1341031026763423,0.05390589407689891,50.0,50.0
168900.0,0.1634784701472028,0.13408436084080366,0.05390320457429604,50.0,50.00000000000001
168960.0,0.1634524709537588,0.13406563190754714,0.053900518125032944,50.0,50.00000000000001
169020.0,0.16342649032046974,0.13404691586192816,0.05389783472433471,50.00000000000001,50.00000000000001
169080.0,0.1634005282257193,0.13402821268932533,0.053895154367436214,50.00000000000001,50.00000000000002
169140.0,0.16337458464792762,0.1340095223751414,0.0538924770495825,50.00000000000001,50.00000000000002
169200.0,0.16334865956554429,0.13399084490479912,0.05388980276602619,50.00000000000001,50.00000000000002
169260.0,0.16332275295705556,0.1339721802637452,0.05388713151203013,50.000000000000014,50.00000000000002
169320.0,0.163296864800982,0.13395352843744868,0.05388446328286658,50.000000000000014,50.00000000000002
169380.0,0.16327099507587822,0.13393488941140225,0.053881798073817086,50.000000000000014,50.00000000000002
169440.0,0.16324514376033308,0.1339162631711199,0.05387913588017256,50.000000000000014,50.00000000000002
169500.0,0.16321931083296942,0.13389764970213947,0.05387647669723319,50.000000000000014,50.00000000000002
169560.0,0.1631934962724441,0.1338790489900202,0.053873820520308424,50.000000000000014,50.000000000000014
169620.0,0.16316770005744777,0.13386046102034452,0.05387116734471699,50.00000000000001,50.000000000000014
169680.0,0.16314192216670598,0.13384188577871792,0.053868517165787166,50.00000000000001,50.00000000000001
169740.0,0.16311616257897982,0.13382332325076896,0.05386586997885714,50.00000000000001,50.00000000000001
169800.0,0.16309042127305942,0.13380477342214583,0.05386322577927252,50.00000000000001,50.0
169860.0,0.16306469822777073,0.13378623627852043,0.053860584562388916,50.00000000000001,50.0
169920.0,0.16303899342197328,0.13376771180558666,0.053857946323571076,50.00000000000001,49.99999999999999
169980.0,0.1630133068345602,0.13374919998906099,0.05385531105819287,50.00000000000001,49.99999999999999
170040.0,0.1629876384444579,0.13373070081468225,0.05385267876163728,50.0,49.99999999999999
170100.0,0.16296198823062633,0.13371221426821045,0.05385004942929635,50.0,49.999999999999986
170160.0,0.16293635617205857,0.13369374033542877,0.053847423056571184,50.0,49.999999999999986
170220.0,0.16291074224778104,0.13367527900214163,0.05384479963887191,50.0,49.999999999999986
170280.0,0.1628851464368542,0.1336568302541765,0.05384217917161802,50.0,49.999999999999986
170340.0,0.1628595687183734,0.13363839407738365,0.053839561650238656,50.0,49.999999999999986
170400.0,0.16283400907146245,0.13361997045763252,0.05383694707017021,50.0,49.999999999999986
170460.0,0.16280846747528033,0.13360155938081572,0.053834335426858865,50.0,49.999999999999986
170520.0,0.16278294390901885,0.13358316083284766,0.053831726715759705,50.0,49.999999999999986
170580.0,0.16275743835190273,0.13356477479966444,0.05382912093233672,50.0,49.999999999999986
170640.0,0.16273195078318947,0.1335464012672244,0.053826518072062804,50.0,49.99999999999999
170700.0,0.16270648118216927,0.13352804022150672,0.05382391813041971,50.0,49.99999999999999
170760.0,0.1626810295281649,0.13350969164851278,0.053821321102898015,50.0,50.0
170820.0,0.16265559580053182,0.13349135553426567,0.053818726984997144,50.0,50.0
170880.0,0.16263017997865878,0.13347303186481024,0.053816135772225625,50.0,50.00000000000001
170940.0,0.16260478204196874,0.13345472062621425,0.05381354746010143,50.0,50.000000000000014
171000.0,0.1625794019699126,0.13343642180456372,0.053810962044149625,50.0,50.000000000000014
171060.0,0.16255403974197574,0.13341813538596803,0.0538083795199048,50.0,50.000000000000014
171120.0,0.16252869533767572,0.13339986135655746,0.05380579988291029,50.0,50.00000000000002
171180.0,0.16250336873656238,0.13338159970248403,0.053803223128718075,50.0,50.00000000000002
171240.0,0.16247805991821762,0.13336335040992048,0.05380064925288887,50.0,50.00000000000002
171300.0,0.1624527688622554,0.1333451134650615,0.05379807825099201,50.0,50.000000000000014
171360.0,0.16242749554832173,0.1333268888541227,0.05379551011860549,50.0,50.000000000000014
171420.0,0.1624022399560945,0.13330867656334097,0.053792944851315895,50.0,50.00000000000001
171480.0,0.1623770020652844,0.13329047657897447,0.05379038244471874,50.0,50.0
171540.0,0.16235178185563548,0.13327228888730427,0.05378782289441873,50.0,50.0
171600.0,0.16232657930691935,0.13325411347462934,0.05378526619602753,50.0,49.99999999999999
171660.0,0.16230139439894128,0.13323595032727084,0.0537827123451661,50.0,49.99999999999999
171720.0,0.1622762271115382,0.13321779943157103,0.05378016133746391,50.0,49.999999999999986
171780.0,0.1622510774245786,0.1331996607738932,0.05377761316855893,50.00000000000001,49.999999999999986
171840.0,0.16222594531796242,0.1331815343406216,0.05377506783409762,50.00000000000001,49.999999999999986
171900.0,0.16220083077162112,0.1331634201181613,0.05377252532973487,50.00000000000001,49.999999999999986
171960.0,0.16217573376551744,0.1331453180929378,0.05376998565113402,50.00000000000001,49.99999999999999
172020.0,0.1621506542796455,0.13312722825139817,0.05376744879396682,50.00000000000001,49.99999999999999
172080.0,0.16212559229403145,0.13310915058001008,0.05376491475391372,50.00000000000001,50.0
172140.0,0.16210054778873426,0.1330910850652629,0.053762383526664154,50.00000000000001,50.0
172200.0,0.16207552074383988,0.13307303169366455,0.053759855107914374,50.00000000000001,50.0
172260.0,0.16205051113946725,0.13305499045174443,0.05375732949336967,50.00000000000001,50.0
172320.0,0.16202551895576633,0.13303696132605256,0.05375480667874369,50.00000000000001,50.0
172380.0,0.1620005441729181,0.13301894430315953,0.05375228665975836,50.00000000000001,50.00000000000001
172440.0,0.1619755867711343,0.13300093936965643,0.05374976943214389,50.00000000000001,50.0
172500.0,0.16195064673065757,0.13298294651215498,0.053747254991638745,50.00000000000001,50.0
172560.0,0.1619257240317613,0.13296496571728703,0.05374474333398964,50.00000000000001,50.0
172620.0,0.16190081865474953,0.13294699697170498,0.05374223445495149,50.0,50.0
172680.0,0.16187593057995783,0.13292904026208197,0.05373972835028773,50.0,49.99999999999999
172740.0,0.1618510597877538,0.13291109557511266,0.053737225015770544,50.0,49.99999999999999
172800.0,0.16182620625853159,0.13289316289750908,0.05373472444717879,50.0,49.99999999999999
172860.0,0.1618013699727177,0.13287524221600494,0.05373222664030019,49.99999999999999,49.99999999999999
172920.0,0.1617765509107691,0.13285733351735418,0.05372973159093056,49.99999999999999,49.99999999999999
172980.0,0.16175174905317297,0.1328394367883307,0.05372723929487386,49.99999999999999,49.99999999999999
173040.0,0.1617269643804469,0.1328215520157285,0.05372474974794211,49.99999999999999,49.99999999999999
173100.0,0.1617021968731386,0.13280367918636207,0.053722262945955425,49.99999999999999,49.99999999999999
173160.0,0.16167744651182603,0.13278581828706496,0.05371977888474195,49.99999999999999,49.99999999999999
173220.0,0.16165271327711717,0.1327679693046918,0.05371729756013786,49.99999999999999,50.0
173280.0,0.16162799714965084,0.13275013222611723,0.05371481896798763,49.99999999999999,50.0
173340.0,0.16160329811009738,0.13273230703823657,0.05371234310414431,49.99999999999999,50.0
173400.0,0.16157861613915317,0.13271449372796262,0.053709869964467444,49.99999999999999,50.0
173460.0,0.16155395121754623,0.1326966922822295,0.05370739954482525,49.99999999999999,50.0
173520.0,0.16152930332603446,0.1326789026879908,0.05370493184109388,49.99999999999999,50.00000000000001
173580.0,0.16150467244540545,0.1326611249322199,0.05370246684915738,49.99999999999999,50.00000000000001
173640.0,0.1614800585564766,0.1326433590019102,0.053700004564907734,50.0,50.00000000000001
173700.0,0.16145546164009478,0.13262560488407454,0.05369754498424479,50.0,50.00000000000001
173760.0,0.16143088167713657,0.13260786256574514,0.053695088103076265,50.0,50.0
173820.0,0.161406318648508,0.1325901320339742,0.053692633917317704,50.0,50.0
173880.0,0.1613817725351453,0.13257241327583397,0.05369018242289278,50.0,50.0
173940.0,0.16135724331801568,0.13255470627841723,0.05368773361573353,50.0,50.0
174000.0,0.16133273097811177,0.13253701102883372,0.05368528749177835,50.0,50.0
174060.0,0.16130823549645737,0.13251932751421341,0.0536828440469741,50.0,50.0
174120.0,0.16128375685410545,0.13250165572170636,0.05368040327727537,50.0,49.99999999999999
174180.0,0.16125929503213823,0.13248399563848165,0.05367796517864453,50.0,49.99999999999999
174240.0,0.161234850011667,0.1324663472517277,0.05367552974705163,50.0,49.99999999999999
174300.0,0.16121042177383213,0.1324487105486522,0.053673096978474444,50.0,49.99999999999999
174360.0,0.161186010299803,0.1324310855164825,0.05367066686889843,50.0,49.99999999999999
174420.0,0.16116161557077788,0.13241347214246477,0.0536682394143167,49.99999999999999,49.99999999999999
174480.0,0.16113723756798473,0.1323958704138649,0.05366581461073029,49.99999999999999,49.99999999999999
174540.0,0.16111287627268175,0.13237828031796908,0.053663392454148404,49.99999999999999,49.99999999999999
174600.0,0.16108853166615225,0.13236070184207993,0.053660972940586485,49.99999999999999,49.99999999999999
174660.0,0.16106420372970998,0.13234313497352063,0.05365855606606824,49.99999999999999,49.99999999999999
174720.0,0.16103989244469738,0.13232557969963335,0.05365614182662492,49.99999999999999,49.99999999999999
174780.0,0.1610155977924855,0.13230803600777877,0.05365373021829537,49.99999999999999,49.99999999999999
174840.0,0.16099131975447398,0.13229050388533764,0.05365132123712597,49.99999999999999,49.99999999999999
174900.0,0.16096705831209088,0.1322729833197084,0.053648914879170624,49.99999999999999,49.99999999999999
174960.0,0.16094281344679282,0.13225547429830922,0.05364651114049075,50.0,49.99999999999999
175020.0,0.16091858514006466,0.132237976808577,0.053644110017155244,50.0,49.99999999999999
175080.0,0.1608943733734205,0.1322204908379677,0.053641711505240754,50.00000000000001,49.99999999999999
175140.0,0.16087017812840396,0.13220301637395707,0.053639315600831884,50.000000000000014,49.99999999999999
175200.0,0.16084599938658334,0.13218555340403765,0.05363692230001937,50.000000000000014,49.99999999999999
175260.0,0.16082183712955683,0.13216810191572112,0.05363453159890199,50.000000000000014,49.99999999999999
175320.0,0.16079769133895075,0.1321506618965383,0.053632143493585936,50.000000000000014,50.0
175380.0,0.16077356199641946,0.13213323333403906,0.05362975798018478,50.000000000000014,50.0
175440.0,0.1607494490836453,0.1321158162157911,0.05362737505481948,50.000000000000014,50.0
175500.0,0.16072535258233867,0.13209841052938115,0.05362499471361835,50.000000000000014,50.0
175560.0,0.16070127247423777,0.13208101626241434,0.05362261695271701,50.00000000000001,50.0
175620.0,0.1606772087411087,0.1320636334025145,0.053620241768258435,50.00000000000001,50.0
175680.0,0.16065316136474597,0.13204626193732427,0.05361786915639316,50.0,50.0
175740.0,0.16062913032697332,0.13202890185450555,0.05361549911327948,49.99999999999999,50.0
175800.0,0.16060511560963855,0.1320115531417364,0.0536131316350817,49.99999999999999,50.0
175860.0,0.16058111719461887,0.13199421578671447,0.053610766717971985,49.99999999999999,50.0
175920.0,0.16055713506381894,0.13197688977715583,0.053608404358129726,49.999999999999986,50.0
175980.0,0.16053316919917104,0.13195957510079448,0.05360604455174156,49.999999999999986,50.0
176040.0,0.16050921958263492,0.13194227174538292,0.05360368729500131,49.999999999999986,50.0
176100.0,0.16048528619619776,0.13192497969869205,0.053601332584110005,49.999999999999986,50.0
176160.0,0.16046136902187402,0.1319076989485105,0.05359898041527582,49.999999999999986,50.0
176220.0,0.16043746804170558,0.13189042948264582,0.053596630784714105,49.99999999999999,49.99999999999999
176280.0,0.1604135832377622,0.13187317128892342,0.0535942836886476,49.99999999999999,49.99999999999999
176340.0,0.1603897145921422,0.13185592435518786,0.05359193912330662,49.99999999999999,49.99999999999999
176400.0,0.16036586208696765,0.13183868866929999,0.05358959708492738,49.99999999999999,49.99999999999999
176460.0,0.16034202570438932,0.13182146421913893,0.053587257569753764,49.99999999999999,49.99999999999999
176520.0,0.16031820542658506,0.13180425099260262,0.05358492057403672,49.99999999999999,49.99999999999999
176580.0,0.16029440123575972,0.13178704897760643,0.053582586094034275,49.99999999999999,49.99999999999999
176640.0,0.1602706131141451,0.13176985816208392,0.05358025412601149,49.99999999999999,49.99999999999999
176700.0,0.1602468410439999,0.13175267853398642,0.053577924666240444,49.99999999999999,49.99999999999999
176760.0,0.16022308500760968,0.13173551008128304,0.053575597711000233,49.99999999999999,49.99999999999999
176820.0,0.16019934498728675,0.1317183527919611,0.05357327325657695,49.99999999999999,50.0
176880.0,0.16017562096537086,0.13170120665402577,0.053570951299263904,49.99999999999999,50.0
176940.0,0.16015191292422976,0.131684071655501,0.053568631835361834,49.99999999999999,50.0
177000.0,0.16012822084625453,0.13166694778442606,0.05356631486117721,49.99999999999999,50.0
177060.0,0.16010454471386434,0.13164983502885944,0.05356400037302403,49.99999999999999,50.0
177120.0,0.160080884509505,0.13163273337687667,0.05356168836722318,49.99999999999999,50.0
177180.0,0.1600572402156487,0.1316156428165712,0.05355937884010247,49.99999999999999,50.0
177240.0,0.16003361181479422,0.13159856333605466,0.05355707178799658,49.99999999999999,50.0
177300.0,0.16000999928946663,0.13158149492345514,0.05355476720724708,49.99999999999999,50.0
177360.0,0.1599864026222173,0.1315644375669192,0.05355246509420235,49.99999999999999,50.0
177420.0,0.15996282179562402,0.13154739125461004,0.053550165445217644,49.99999999999999,49.99999999999999
177480.0,0.15993925679229132,0.13153035597470955,0.053547868256655265,49.99999999999999,49.99999999999999
177540.0,0.15991570759485133,0.13151333171541738,0.05354557352488476,49.99999999999999,49.999999999999986
177600.0,0.1598921741859589,0.13149631846494877,0.053543281246281306,49.99999999999999,49.999999999999986
177660.0,0.15986865654829668,0.13147931621153708,0.05354099141722743,49.99999999999999,49.999999999999986
177720.0,0.15984515466457327,0.13146232494343318,0.05353870403411238,49.99999999999999,49.999999999999986
177780.0,0.15982166851752325,0.13144534464890514,0.05353641909333219,49.99999999999999,49.999999999999986
177840.0,0.15979819808990717,0.13142837531623822,0.053534136591289604,50.0,49.999999999999986
177900.0,0.1597747433645115,0.13141141693373515,0.05353185652439408,50.0,49.999999999999986
177960.0,0.1597513043241485,0.13139446948971586,0.05352957888906178,50.0,49.999999999999986
178020.0,0.15972788095165624,0.131377532972517,0.05352730368171555,50.00000000000001,49.99999999999999
178080.0,0.1597044732298992,0.1313606073704934,0.053525030898785124,50.00000000000001,49.99999999999999
178140.0,0.1596810811417687,0.13134369267201743,0.05352276053670735,50.00000000000001,49.99999999999999
178200.0,0.15965770467017865,0.13132678886547647,0.05352049259192455,50.00000000000001,49.99999999999999
178260.0,0.15963434379806996,0.1313098959392761,0.053518227060886235,50.00000000000001,50.0
178320.0,0.15961099850840915,0.13129301388183884,0.05351596394004852,50.000000000000014,50.0
178380.0,0.15958766878418823,0.13127614268160406,0.0535137032258741,50.000000000000014,50.0
178440.0,0.15956435460842466,0.13125928232702844,0.05351144491483228,50.000000000000014,50.0
178500.0,0.15954105596416135,0.13124243280658493,0.0535091890033989,50.00000000000001,50.0
178560.0,0.15951777283446647,0.1312255941087642,0.053506935488056365,50.00000000000001,50.00000000000001
178620.0,0.15949450520243358,0.131208766222073,0.05350468436529361,50.00000000000001,50.00000000000001
178680.0,0.15947125305118207,0.13119194913503598,0.053502435631606324,50.0,50.00000000000001
178740.0,0.15944801636385775,0.13117514283619477,0.0535001892834971,50.0,50.00000000000001
178800.0,0.1594247951236285,0.1311583473141062,0.05349794531747394,49.99999999999999,50.00000000000001
178860.0,0.15940158931368886,0.13114156255734433,0.05349570373005186,49.99999999999999,50.00000000000001
178920.0,0.15937839891725836,0.1311247885545005,0.053493464517752304,49.99999999999999,50.00000000000001
178980.0,0.15935522391758156,0.1311080252941823,0.053491227677103195,49.99999999999999,50.00000000000001
179040.0,0.15933206429792798,0.131091272765014,0.05348899320463888,49.99999999999999,50.00000000000001
179100.0,0.1593089200415922,0.13107453095563681,0.05348676109690012,49.99999999999999,50.00000000000001
179160.0,0.1592857911318935,0.13105779985470803,0.053484531350434086,49.99999999999999,50.00000000000001
179220.0,0.15926267755217613,0.13104107945090163,0.05348230396179434,50.0,50.0
179280.0,0.15923957928580962,0.13102436973290885,0.05348007892754102,50.0,50.0
179340.0,0.15921649631618953,0.13100767068943775,0.05347785624424105,50.0,50.0
179400.0,0.159193428626733,0.13099098230921108,0.05347563590846663,50.0,50.0
179460.0,0.1591703762008833,0.1309743045809689,0.053473417916796814,50.0,49.99999999999999
179520.0,0.1591473390221083,0.1309576374934678,0.053471202265816954,50.0,49.99999999999999
179580.0,0.1591243170739004,0.13094098103548035,0.05346898895211873,50.0,49.99999999999999
179640.0,0.15910131033977656,0.13092433519579594,0.053466777972300095,50.00000000000001,49.99999999999999
179700.0,0.15907831880327816,0.13090769996321988,0.05346456932296529,50.00000000000001,50.0
179760.0,0.15905534244797104,0.13089107532657426,0.053462363000724815,50.0,50.0
179820.0,0.15903238125744534,0.13087446127469665,0.05346015900219541,50.0,50.0
179880.0,0.1590094352153162,0.13085785779644166,0.05345795732400027,50.0,50.00000000000001
179940.0,0.15898650430522407,0.1308412648806809,0.053455757962769204,50.0,50.00000000000001
180000.0,0.1589635885108308,0.13082468251630008,0.0534535609151372,50.0,50.00000000000001
180060.0,0.15894068781582377,0.13080811069220222,0.05345136617774592,50.0,50.00000000000001
180120.0,0.15891780220391455,0.13079154939730572,0.05344917374724322,50.0,50.00000000000001
180180.0,0.15889493165883878,0.13077499862054576,0.05344698362028311,50.0,50.00000000000001
180240.0,0.15887207616435614,0.13075845835087352,0.05344479579352577,50.0,50.00000000000001
180300.0,0.15884923570425036,0.13074192857725547,0.053442610263637495,50.0,50.00000000000001
180360.0,0.1588264102623291,0.1307254092886748,0.05344042702729072,50.0,50.0
180420.0,0.15880359982242395,0.13070890047413053,0.05343824608116398,50.00000000000001,50.0
180480.0,0.15878080436839098,0.1306924021226376,0.05343606742194213,50.00000000000001,49.99999999999999
180540.0,0.1587580238841111,0.13067591422322805,0.05343389104631646,50.00000000000001,49.99999999999999
180600.0,0.15873525835348623,0.13065943676494746,0.05343171695098337,50.00000000000001,49.999999999999986
180660.0,0.1587125077604434,0.13064296973685835,0.053429545132645764,50.00000000000001,49.999999999999986
180720.0,0.15868977208893328,0.13062651312803894,0.053427375588012596,50.00000000000001,49.999999999999986
180780.0,0.1586670513229302,0.1306100669275834,0.053425208313798864,50.00000000000001,49.999999999999986
180840.0,0.15864434544643222,0.13059363112460157,0.05342304330672557,50.00000000000001,49.999999999999986
180900.0,0.15862165444346077,0.13057720570821907,0.05342088056351972,50.00000000000001,49.999999999999986
180960.0,0.15859897829806094,0.1305607906675769,0.05341872008091433,50.00000000000001,49.99999999999999
181020.0,0.15857631699430122,0.13054438599183188,0.053416561855648345,50.0,49.99999999999999
181080.0,0.15855367051627414,0.13052799167015713,0.05341440588446693,50.0,50.0
181140.0,0.15853103884809672,0.13051160769174153,0.05341225216412153,49.99999999999999,50.0
181200.0,0.15850842197390644,0.13049523404578822,0.053410100691368576,49.99999999999999,50.00000000000001
181260.0,0.1584858198778655,0.13047887072151626,0.053407951462970886,49.99999999999999,50.00000000000001
181320.0,0.1584632325441593,0.1304625177081607,0.05340580447569717,49.99999999999999,50.00000000000001
181380.0,0.15844065995699655,0.13044617499497174,0.053403659726322064,49.99999999999999,50.00000000000001
181440.0,0.158418102100609,0.13042984257121487,0.05340151721162607,49.999999999999986,50.00000000000001
181500.0,0.15839555895925164,0.130413520426172,0.05339937692839559,49.999999999999986,50.00000000000001
181560.0,0.15837303051720253,0.13039720854913914,0.053397238873422834,49.99999999999999,50.00000000000001
181620.0,0.15835051675876272,0.13038090692942841,0.053395103043505907,49.99999999999999,50.00000000000001
181680.0,0.1583280176682568,0.13036461555636752,0.05339296943544891,49.99999999999999,50.0
181740.0,0.15830553323003344,0.13034833441930002,0.053390838046062136,49.99999999999999,50.0
181800.0,0.15828306342846146,0.13033206350758325,0.05338870887216075,49.99999999999999,50.0
181860.0,0.15826060824793384,0.13031580281059024,0.05338658191056615,49.99999999999999,50.0
181920.0,0.15823816767286647,0.13029955231770982,0.053384457158105525,50.0,49.99999999999999
181980.0,0.15821574168769792,0.13028331201834562,0.05338233461161182,50.0,49.99999999999999
182040.0,0.1581933302768896,0.13026708190191644,0.053380214267923755,50.0,49.99999999999999
182100.0,0.15817093342492552,0.1302508619578564,0.053378096123885777,50.0,49.99999999999999
182160.0,0.1581485511163125,0.13023465217561456,0.053375980176348085,50.00000000000001,49.99999999999999
182220.0,0.1581261833355799,0.1302184525446553,0.05337386642216658,50.00000000000001,50.0
182280.0,0.1581038300672801,0.13020226305445848,0.05337175485820306,50.00000000000001,50.0
182340.0,0.1580814912959892,0.13018608369451898,0.05336964548132534,50.00000000000001,50.0
182400.0,0.15805916700630301,0.13016991445434595,0.05336753828840606,50.00000000000001,50.0
182460.0,0.1580368571828412,0.13015375532346365,0.05336543327632392,50.00000000000001,50.0
182520.0,0.1580145618102457,0.13013760629141155,0.05336333044196329,50.00000000000001,50.0
182580.0,0.15799228087318093,0.13012146734774396,0.053361229782214185,50.00000000000001,50.0
182640.0,0.1579700143563336,0.13010533848203032,0.05335913129397225,50.00000000000001,50.0
182700.0,0.1579477622444127,0.1300892196838547,0.05335703497413875,50.00000000000001,50.0
182760.0,0.1579255245221495,0.13007311094281593,0.05335494081962057,50.00000000000001,50.0
182820.0,0.15790330117429743,0.13005701224852792,0.05335284882733016,50.0,50.0
182880.0,0.1578810921856326,0.1300409235906198,0.053350758994185746,50.0,50.0
182940.0,0.1578588975409543,0.1300248449587358,0.05334867131711148,49.99999999999999,50.0
183000.0,0.15783671722508127,0.13000877634253327,0.05334658579303618,49.99999999999999,50.0
183060.0,0.1578145512228556,0.12999271773168525,0.053344502418894615,49.99999999999999,50.0
183120.0,0.15779239951914126,0.12997666911587957,0.05334242119162709,49.99999999999999,50.0
183180.0,0.15777026209882428,0.12996063048481804,0.05334034210817946,49.99999999999999,50.0
183240.0,0.15774813894681264,0.12994460182821804,0.05333826516550305,49.999999999999986,50.0
183300.0,0.15772603004803606,0.12992858313581113,0.053336190360554724,49.999999999999986,50.0
183360.0,0.1577039353874463,0.12991257439734294,0.05333411769029679,49.999999999999986,50.00000000000001
183420.0,0.15768185495001674,0.12989657560257487,0.05333204715169708,49.99999999999999,50.00000000000001
183480.0,0.1576597887207431,0.12988058674128186,0.053329978741729,49.99999999999999,50.00000000000001
183540.0,0.15763773668464381,0.1298646078032549,0.05332791245737178,49.99999999999999,50.00000000000001
183600.0,0.15761569882675644,0.1298486387782974,0.05332584829560921,49.99999999999999,50.00000000000001
183660.0,0.15759367513214145,0.1298326796562282,0.05332378625343094,49.99999999999999,50.00000000000001
183720.0,0.15757166558588084,0.12981673042688047,0.053321726327832,49.99999999999999,50.00000000000001
183780.0,0.15754967017307822,0.12980079108010176,0.05331966851581284,49.99999999999999,50.00000000000001
183840.0,0.1575276888788587,0.12978486160575403,0.053317612814379314,49.99999999999999,50.00000000000001
183900.0,0.15750572168836888,0.12976894199371358,0.05331555922054263,50.0,50.00000000000001
183960.0,0.15748376858677685,0.1297530322338712,0.05331350773131938,50.0,50.00000000000001
184020.0,0.157461829559272,0.12973713231613163,0.053311458343731515,50.0,50.0
184080.0,0.1574399045910657,0.1297212422304143,0.05330941105480647,50.0,50.0
184140.0,0.15741799366739148,0.12970536196665394,0.05330736586157738,50.0,50.0
184200.0,0.1573960967735018,0.1296894915147972,0.053305322761081825,50.0,50.0
184260.0,0.15737421389467154,0.1296736308648063,0.053303281750363106,50.00000000000001,50.0
184320.0,0.15735234501619672,0.12965778000665742,0.05330124282646983,50.00000000000001,49.99999999999999
184380.0,0.15733049012339456,0.1296419389303404,0.05329920598645588,50.00000000000001,49.99999999999999
184440.0,0.15730864920160345,0.12962610762586013,0.05329717122738042,50.00000000000001,49.99999999999999
184500.0,0.15728682223618287,0.12961028608323488,0.05329513854630788,50.00000000000001,49.99999999999999
184560.0,0.15726500921251332,0.12959447429249712,0.053293107940307935,50.00000000000001,49.99999999999999
184620.0,0.15724321011599637,0.12957867224369365,0.0532910794064555,50.0,49.99999999999999
184680.0,0.15722142493205502,0.12956287992688523,0.05328905294183089,50.0,49.99999999999999
184740.0,0.15719965364613409,0.1295470973321475,0.05328702854351995,50.0,49.99999999999999
184800.0,0.15717789624369702,0.12953132444956836,0.05328500620861292,50.0,49.99999999999999
184860.0,0.15715615271022917,0.1295155612692505,0.053282985934205614,49.99999999999999,49.99999999999999
184920.0,0.1571344230312368,0.1294998077813101,0.05328096771739904,49.99999999999999,49.99999999999999
184980.0,0.15711270719224685,0.12948406397587822,0.053278951555299374,49.99999999999999,49.99999999999999
185040.0,0.15709100517880714,0.12946832984309872,0.053276937445017956,49.99999999999999,49.99999999999999
185100.0,0.15706931697648616,0.12945260537312966,0.053274925383671276,49.99999999999999,49.99999999999999
185160.0,0.15704764257087306,0.12943689055614332,0.053272915368380976,49.99999999999999,50.0
185220.0,0.1570259819475776,0.12942118538232533,0.0532709073962738,49.99999999999999,50.0
185280.0,0.15700433509223075,0.12940548984187544,0.053268901464481794,49.99999999999999,50.0
185340.0,0.1569827019904847,0.12938980392500787,0.05326689757014239,49.99999999999999,50.0
185400.0,0.15696108262801003,0.129374127621949,0.05326489571039736,49.99999999999999,50.0
185460.0,0.15693947699049893,0.1293584609229396,0.0532628958823939,49.99999999999999,50.0
185520.0,0.15691788506366394,0.12934280381823418,0.053260898083284304,49.99999999999999,50.0
185580.0,0.1568963068332381,0.12932715629810074,0.053258902310225925,49.99999999999999,50.0
185640.0,0.1568747422849748,0.12931151835282106,0.05325690856038116,49.99999999999999,50.0
185700.0,0.15685319140464776,0.12929588997269037,0.05325491683091746,49.99999999999999,50.0
185760.0,0.156831654178051,0.12928027114801766,0.05325292711900729,49.99999999999999,50.0
185820.0,0.15681013059099888,0.12926466186912539,0.053250939421828146,50.0,50.0
185880.0,0.1567886206293264,0.1292490621263499,0.053248953736562674,50.0,50.0
185940.0,0.15676712427888953,0.12923347191004145,0.05324697006039884,50.0,50.0
186000.0,0.15674564152556233,0.12921789121056232,0.053244988390528804,50.0,50.0
186060.0,0.15672417235523994,0.129202320018289,0.05324300872415008,50.00000000000001,50.0
186120.0,0.15670271675383765,0.12918675832361165,0.05324103105846514,50.00000000000001,50.0
186180.0,0.1566812747072907,0.12917120611693333,0.05323905539068141,50.00000000000001,50.0
186240.0,0.15665984620155446,0.12915566338867096,0.053237081718011274,50.00000000000001,50.0
186300.0,0.15663843122260424,0.12914013012925446,0.05323511003767205,50.00000000000001,50.0
186360.0,0.15661702975643527,0.1291246063291276,0.053233140346885956,50.00000000000001,50.0
186420.0,0.15659564178906274,0.1291090919787468,0.05323117264288015,50.0,50.0
186480.0,0.15657426730652205,0.12909358706858243,0.053229206922886824,50.0,50.0
186540.0,0.15655290629486943,0.12907809158911848,0.053227243184143354,50.0,50.0
186600.0,0.15653155874017863,0.12906260553085117,0.05322528142389126,49.99999999999999,50.0
186660.0,0.1565102246285442,0.12904712888429018,0.05322332163937728,49.99999999999999,50.0
186720.0,0.15648890394608042,0.12903166163995855,0.05322136382785301,49.99999999999999,50.0
186780.0,0.15646759667892132,0.12901620378839257,0.0532194079865749,49.99999999999999,50.0
186840.0,0.15644630281322056,0.12900075532014146,0.05321745411280424,49.99999999999999,50.0
186900.0,0.15642502233515138,0.12898531622576784,0.05321550220380716,49.999999999999986,50.0
186960.0,0.15640375523090666,0.12896988649584729,0.05321355225685459,49.999999999999986,50.0
187020.0,0.15638250148669885,0.12895446612096811,0.05321160426922228,49.999999999999986,50.0
187080.0,0.15636126108876028,0.1289390550917328,0.05320965823819091,49.999999999999986,50.0
187140.0,0.15634003402334357,0.1289236533987568,0.05320771416104625,49.999999999999986,50.0
187200.0,0.15631882027671876,0.12890826103266698,0.05320577203507811,49.999999999999986,50.0
187260.0,0.15629761983517623,0.12889287798410462,0.053203831857581416,49.999999999999986,50.0
187320.0,0.1562764326850258,0.12887750424372318,0.053201893625855846,49.999999999999986,50.0
187380.0,0.1562552588125966,0.12886213980218955,0.05319995733720584,49.999999999999986,50.0
187440.0,0.15623409820423712,0.12884678465018337,0.05319802298894056,49.999999999999986,50.0
187500.0,0.15621295084631498,0.1288314387783972,0.053196090578373906,49.99999999999999,50.00000000000001
187560.0,0.15619181672521723,0.12881610217753636,0.053194160102824496,50.0,50.00000000000001
187620.0,0.15617069582735,0.12880077483831934,0.053192231559615645,50.0,50.00000000000001
187680.0,0.15614958813913904,0.1287854567514774,0.05319030494607552,50.000000000000014,50.00000000000001
187740.0,0.15612849364703005,0.1287701479077552,0.05318838025953723,50.000000000000014,50.00000000000001
187800.0,0.15610741233748573,0.128754848297909,0.053186457497337886,50.000000000000014,50.00000000000001
187860.0,0.1560863441969889,0.12873955791270822,0.053184536656819575,50.00000000000002,50.00000000000001
187920.0,0.15606528921204135,0.12872427674293524,0.05318261773532904,50.00000000000002,50.00000000000001
187980.0,0.1560442473691639,0.1287090047793849,0.053180700730217696,50.00000000000002,50.00000000000001
188040.0,0.1560232186548963,0.1286937420128651,0.053178785638841576,50.00000000000002,50.00000000000001
188100.0,0.1560022030557973,0.12867848843419602,0.053176872458561356,50.00000000000002,50.0
188160.0,0.1559812005584445,0.12866324403421084,0.053174961186742316,50.000000000000014,50.0
188220.0,0.1559602111494344,0.128648008803755,0.05317305182075435,50.00000000000001,49.99999999999999
188280.0,0.15593923481538272,0.12863278273368714,0.05317114435797209,50.0,49.999999999999986
188340.0,0.15591827154292479,0.12861756581487893,0.053169238795775016,49.99999999999999,49.999999999999986
188400.0,0.15589732131871262,0.12860235803821307,0.05316733513154651,49.99999999999999,49.999999999999986
188460.0,0.15587638412941798,0.1285871593945855,0.05316543336267485,49.99999999999999,49.999999999999986
188520.0,0.15585545996173128,0.12857196987490496,0.05316353348655286,49.999999999999986,49.999999999999986
188580.0,0.15583454880236164,0.12855678947009236,0.05316163550057793,49.999999999999986,49.999999999999986
188640.0,0.1558136506380368,0.1285416181710812,0.05315973940215199,49.999999999999986,49.999999999999986
188700.0,0.1557927654555031,0.12852645596881754,0.053157845188681496,49.999999999999986,49.999999999999986
188760.0,0.15577189324152546,0.12851130285425957,0.05315595285757743,49.999999999999986,49.99999999999999
188820.0,0.1557510339828873,0.12849615881837811,0.053154062406255274,49.999999999999986,49.99999999999999
188880.0,0.155730187666391,0.1284810238521568,0.053152173832135156,49.99999999999999,50.0
188940.0,0.15570935427885801,0.1284658979465915,0.05315028713264196,49.99999999999999,50.0
189000.0,0.1556885338071264,0.12845078109268998,0.05314840230520437,49.99999999999999,50.00000000000001
189060.0,0.1556677262380536,0.1284356732814724,0.05314651934725589,49.99999999999999,50.00000000000001
189120.0,0.1556469315585153,0.12842057450397124,0.053144638256234444,49.99999999999999,50.00000000000001
189180.0,0.1556261497554056,0.12840548475123154,0.05314275902958246,49.99999999999999,50.000000000000014
189240.0,0.15560538081563682,0.12839040401431023,0.053140881664746786,49.99999999999999,50.000000000000014
189300.0,0.1555846247261397,0.1283753322842767,0.05313900615917871,49.99999999999999,50.000000000000014
189360.0,0.1555638814738631,0.1283602695522126,0.05313713251033394,49.99999999999999,50.000000000000014
189420.0,0.1555431510457741,0.1283452158092118,0.053135260715672615,49.99999999999999,50.00000000000001
189480.0,0.1555224334288584,0.1283301710463804,0.05313339077265942,49.99999999999999,50.00000000000001
189540.0,0.15550172861012052,0.12831513525483704,0.053131522678763664,49.99999999999999,50.00000000000001
189600.0,0.1554810365765812,0.12830010842571155,0.053129656431458415,49.99999999999999,50.00000000000001
189660.0,0.15546035731528018,0.12828509055014634,0.05312779202822143,49.99999999999999,50.00000000000001
189720.0,0.15543969081327524,0.1282700816192961,0.05312592946653484,49.99999999999999,50.00000000000001
189780.0,0.15541903705764218,0.1282550816243271,0.053124068743885124,49.99999999999999,50.00000000000001
189840.0,0.15539839603547476,0.1282400905564182,0.05312220985776313,49.99999999999999,50.00000000000001
189900.0,0.15537776773388476,0.1282251084067598,0.053120352805664045,50.0,50.0
189960.0,0.1553571521400018,0.12821013516655472,0.05311849758508739,50.0,50.0
190020.0,0.15533654924097343,0.12819517082701753,0.05311664419353702,50.0,50.0
190080.0,0.15531595902396544,0.12818021537937505,0.053114792628521215,50.0,50.0
190140.0,0.15529538147616226,0.12816526881486653,0.05311294288755281,50.0,50.0
190200.0,0.15527481658476405,0.12815033112474178,0.05311109496814833,50.0,50.0
190260.0,0.15525426433698974,0.12813540230026363,0.05310924886782887,50.0,49.99999999999999
190320.0,0.15523372472007596,0.128120482332706,0.05310740458411981,50.0,49.99999999999999
190380.0,0.1552131977212771,0.12810557121335525,0.05310556211455081,50.0,49.99999999999999
190440.0,0.15519268332786512,0.12809066893350934,0.05310372145665579,50.0,49.99999999999999
190500.0,0.15517218152712972,0.12807577548447827,0.05310188260797292,50.0,49.99999999999999
190560.0,0.15515169230637818,0.1280608908575834,0.05310004556604462,50.0,49.99999999999999
190620.0,0.1551312156529353,0.12804601504415827,0.053098210328417536,50.0,50.0
190680.0,0.1551107515541439,0.12803114803554824,0.053096376892642676,50.0,50.0
190740.0,0.1550902999973648,0.12801628982311106,0.05309454525627553,50.0,50.00000000000001
190800.0,0.15506986096997477,0.12800144039821468,0.05309271541687512,50.0,50.00000000000001
190860.0,0.15504943445936872,0.12798659975223975,0.05309088737200502,50.0,50.00000000000001
190920.0,0.15502902045295905,0.12797176787657802,0.053089061119232964,49.99999999999999,50.00000000000001
190980.0,0.15500861893817552,0.12795694476263342,0.05308723665613088,49.99999999999999,50.00000000000001
191040.0,0.1549882299024653,0.12794213040182123,0.05308541398027487,49.99999999999999,50.00000000000001
191100.0,0.15496785333329285,0.12792732478556856,0.05308359308924522,50.0,50.00000000000001
191160.0,0.15494748921813994,0.12791252790531396,0.05308177398062634,50.0,50.00000000000001
191220.0,0.15492713754450566,0.1278977397525074,0.053079956652006814,50.0,50.00000000000001
191280.0,0.15490679829990658,0.12788296031861113,0.05307814110097948,50.0,50.00000000000001
191340.0,0.15488647147187726,0.12786818959509896,0.053076327325141524,50.00000000000001,50.00000000000001
191400.0,0.1548661570479677,0.1278534275734551,0.05307451532209368,50.00000000000001,50.00000000000001
191460.0,0.15484585501574574,0.12783867424517606,0.05307270508944107,50.00000000000001,50.00000000000001
191520.0,0.15482556536279654,0.12782392960176953,0.05307089662479293,50.00000000000001,50.00000000000001
191580.0,0.15480528807672223,0.12780919363475465,0.053069089925762584,50.00000000000001,50.00000000000001
191640.0,0.154785023145142,0.12779446633566266,0.05306728498996746,50.00000000000001,50.0
191700.0,0.15476477055569215,0.12777974769603526,0.05306548181502905,50.00000000000001,50.0
191760.0,0.15474453029602592,0.127765037707426,0.05306368039857292,50.00000000000001,50.0
191820.0,0.15472430235381351,0.1277503363614,0.05306188073822871,50.00000000000001,50.0
191880.0,0.1547040867167425,0.12773564364953366,0.05306008283163023,50.00000000000001,49.99999999999999
191940.0,0.15468388337251804,0.12772095956341536,0.053058286676415545,50.00000000000001,49.99999999999999
192000.0,0.1546636923088604,0.12770628409464344,0.0530564922702262,50.00000000000001,49.99999999999999
192060.0,0.15464351351350744,0.1276916172348281,0.053054699610708037,50.00000000000001,49.99999999999999
192120.0,0.15462334697421398,0.12767695897559148,0.053052908695510916,50.00000000000001,49.99999999999999
192180.0,0.15460319267875156,0.12766230930856598,0.05305111952228871,50.00000000000001,49.99999999999999
192240.0,0.1545830506149085,0.1276476682253958,0.053049332088699316,50.00000000000001,49.99999999999999
192300.0,0.15456292077048997,0.12763303571773624,0.05304754639240461,50.00000000000001,49.99999999999999
192360.0,0.15454280313331764,0.12761841177725392,0.05304576243107046,50.0,49.99999999999999
192420.0,0.15452269769123003,0.12760379639562663,0.05304398020236671,50.0,50.0
192480.0,0.1545026044320826,0.12758918956454335,0.053042199703967306,50.0,50.0
192540.0,0.15448252334374799,0.12757459127570484,0.05304042093355036,50.0,50.0
192600.0,0.1544624544141139,0.1275600015208218,0.053038643888797386,50.0,50.0
192660.0,0.15444239763108533,0.12754542029161678,0.053036868567394105,50.0,50.0
192720.0,0.1544223529825838,0.1275308475798229,0.05303509496703018,50.0,50.0
192780.0,0.15440232045654737,0.1275162833771849,0.053033323085399216,50.0,50.0
192840.0,0.15438230004093056,0.12750172767545842,0.053031552920198725,50.0,50.00000000000001
192900.0,0.15436229172370436,0.12748718046640994,0.053029784469130155,50.0,50.00000000000001
192960.0,0.15434229549285616,0.1274726417418171,0.053028017729898846,50.0,50.00000000000001
193020.0,0.1543223113363898,0.1274581114934685,0.053026252700214035,50.0,50.00000000000001
193080.0,0.15430233924232567,0.12744358971316402,0.05302448937778896,50.0,50.00000000000001
193140.0,0.1542823791987012,0.12742907639271492,0.05302272776034097,50.0,50.00000000000001
193200.0,0.15426243119356856,0.127414571523942,0.053020967845590725,50.0,50.00000000000001
193260.0,0.15424249521499694,0.12740007509867815,0.053019209631263026,50.0,50.00000000000001
193320.0,0.15422257125107178,0.12738558710876666,0.053017453115086516,50.0,50.000000000000014
193380.0,0.15420265928989468,0.12737110754606165,0.05301569829479371,50.0,50.000000000000014
193440.0,0.15418275931958356,0.12735663640242836,0.05301394516812095,50.0,50.000000000000014
193500.0,0.15416287132827242,0.12734217366974282,0.053012193732808424,50.0,50.00000000000001
193560.0,0.1541429953041114,0.12732771933989204,0.053010443986600146,50.0,50.00000000000001
193620.0,0.1541231312352668,0.1273132734047733,0.05300869592724394,49.99999999999999,50.00000000000001
193680.0,0.15410327910992136,0.12729883585629567,0.05300694955249157,49.99999999999999,50.00000000000001
193740.0,0.15408343891627452,0.12728440668637875,0.05300520486009879,49.99999999999999,50.0
193800.0,0.15406361064254,0.1272699858869521,0.05300346184782463,49.99999999999999,50.0
193860.0,0.1540437942769484,0.12725557344995667,0.05300172051343215,49.99999999999999,50.0
193920.0,0.1540239898077462,0.12724116936734386,0.052999980854688204,49.99999999999999,50.0
193980.0,0.1540041972231959,0.12722677363107585,0.05299824286936341,49.99999999999999,50.0
194040.0,0.1539844165115759,0.12721238623312547,0.05299650655523216,49.99999999999999,50.0
194100.0,0.15396464766118054,0.12719800716547663,0.0529947719100726,49.99999999999999,50.0
194160.0,0.15394489066031997,0.12718363642012315,0.05299303893166662,49.99999999999999,50.0
194220.0,0.15392514549732017,0.1271692739890702,0.05299130761779986,50.0,50.0
194280.0,0.15390541216052325,0.12715491986433308,0.052989577966261796,50.0,50.0
194340.0,0.15388569063828778,0.12714057403793888,0.052987849974845826,50.0,50.0
194400.0,0.1538659809189864,0.1271262365019235,0.052986123641348554,50.0,50.0
194460.0,0.15384628299100833,0.12711190724833443,0.052984398963570545,50.0,50.0
194520.0,0.15382659684275848,0.12709758626922926,0.05298267593931607,50.00000000000001,50.0
194580.0,0.15380692246265737,0.12708327355667634,0.052980954566393096,50.00000000000001,50.0
194640.0,0.15378725983914124,0.12706896910275464,0.05297923484261327,50.00000000000001,50.0
194700.0,0.15376760896066194,0.12705467289955355,0.05297751676579193,50.00000000000001,50.0
194760.0,0.15374796981568686,0.12704038493917252,0.052975800333748095,50.00000000000001,50.0
194820.0,0.15372834239269903,0.12702610521372207,0.05297408554430443,50.00000000000001,50.0
194880.0,0.15370872668019725,0.12701183371532312,0.05297237239528738,50.00000000000001,50.0
194940.0,0.15368912266669632,0.12699757043610718,0.05297066088452725,50.000000000000014,50.0
195000.0,0.15366953034072525,0.12698331536821555,0.052968951009857455,50.000000000000014,50.0
195060.0,0.15364994969082915,0.12696906850379988,0.0529672427691153,50.000000000000014,50.00000000000001
195120.0,0.15363038070556853,0.12695482983502268,0.0529655361601417,50.000000000000014,50.00000000000001
195180.0,0.15361082337351933,0.1269405993540566,0.052963831180781226,50.000000000000014,50.00000000000001
195240.0,0.15359127768327285,0.12692637705308474,0.052962127828882044,50.000000000000014,50.00000000000001
195300.0,0.15357174362343579,0.12691216292430021,0.05296042610229594,50.000000000000014,50.00000000000001
195360.0,0.1535522211826301,0.12689795695990666,0.05295872599887829,50.000000000000014,50.000000000000014
195420.0,0.15353271034949312,0.12688375915211805,0.052957027516488064,50.000000000000014,50.000000000000014
195480.0,0.1535132111126778,0.12686956949315875,0.052955330652987916,50.000000000000014,50.000000000000014
195540.0,0.15349372346085302,0.12685538797526355,0.05295363540624425,50.000000000000014,50.00000000000002
195600.0,0.15347424738270113,0.1268412145906769,0.0529519417741266,50.000000000000014,50.00000000000002
195660.0,0.1534547828669205,0.12682704933165348,0.052950249754508245,50.000000000000014,50.00000000000002
195720.0,0.1534353299022246,0.12681289219045846,0.05294855934526605,50.000000000000014,50.00000000000002
195780.0,0.15341588847734225,0.12679874315936732,0.05294687054428043,50.000000000000014,50.00000000000002
195840.0,0.1533964585810172,0.12678460223066512,0.052945183349435335,50.00000000000001,50.00000000000002
195900.0,0.15337704020200837,0.12677046939664743,0.052943497758618244,50.00000000000001,50.000000000000014
195960.0,0.1533576333290898,0.12675634464962027,0.05294181376972018,50.00000000000001,50.000000000000014
196020.0,0.1533382379510505,0.1267422279818992,0.05294013138063567,50.0,50.00000000000001
196080.0,0.15331885405669485,0.12672811938581033,0.05293845058926286,50.0,50.00000000000001
196140.0,0.15329948163484278,0.12671401885369027,0.05293677139350357,50.0,50.00000000000001
196200.0,0.15328012067432767,0.12669992637788463,0.052935093791262676,49.99999999999999,50.00000000000001
196260.0,0.15326077116399864,0.12668584195074942,0.05293341778044875,49.99999999999999,50.0
196320.0,0.15324143309271968,0.1266717655646508,0.05293174335897385,49.99999999999999,50.0
196380.0,0.15322210644936965,0.12665769721196513,0.052930070524753514,49.99999999999999,50.0
196440.0,0.15320279122284233,0.1266436368850782,0.052928399275706764,49.99999999999999,50.0
196500.0,0.15318348740204632,0.12662958457638657,0.05292672960975607,49.99999999999999,50.0
196560.0,0.15316419497590505,0.12661554027829597,0.05292506152482737,49.99999999999999,50.0
196620.0,0.15314491393335672,0.12660150398322265,0.05292339501885005,50.0,50.0
196680.0,0.15312564426335448,0.1265874756835926,0.05292173008975703,50.0,50.0
196740.0,0.15310638595486667,0.12657345537184217,0.05292006673548485,50.0,49.99999999999999
196800.0,0.1530871389968753,0.126559443040417,0.052918404953973014,50.0,49.99999999999999
196860.0,0.15306790337837756,0.12654543868177245,0.05291674474316467,50.0,49.99999999999999
196920.0,0.15304867908838532,0.12653144228837426,0.052915086101006384,50.0,49.99999999999999
196980.0,0.1530294661159251,0.12651745385269764,0.052913429025448114,50.0,49.99999999999999
197040.0,0.153010264450038,0.12650347336722792,0.05291177351444325,50.0,49.99999999999999
197100.0,0.1529910740797798,0.1264895008244602,0.05291011956594856,50.0,49.99999999999999
197160.0,0.1529718949942207,0.12647553621689908,0.05290846717792419,50.0,49.99999999999999
197220.0,0.15295272718244554,0.12646157953705936,0.0529068163483337,49.99999999999999,49.99999999999999
197280.0,0.15293357063355406,0.12644763077746538,0.05290516707514408,49.99999999999999,49.99999999999999
197340.0,0.1529144253366612,0.12643368993065177,0.0529035193563259,49.99999999999999,49.99999999999999
197400.0,0.15289529128089444,0.1264197569891623,0.05290187318985262,49.99999999999999,49.99999999999999
197460.0,0.1528761684553967,0.1264058319455502,0.05290022857370126,49.99999999999999,49.99999999999999
197520.0,0.15285705684932524,0.12639191479237888,0.0528985855058522,49.99999999999999,49.99999999999999
197580.0,0.15283795645185178,0.1263780055222214,0.05289694398428915,49.99999999999999,49.99999999999999
197640.0,0.15281886725216234,0.1263641041276603,0.05289530400699919,49.99999999999999,49.99999999999999
197700.0,0.15279978923945742,0.12635021060128773,0.05289366557197268,49.99999999999999,49.99999999999999
197760.0,0.15278072240295168,0.12633632493570582,0.05289202867720333,49.99999999999999,50.0
197820.0,0.15276166673187422,0.12632244712352603,0.052890393320688164,50.0,50.0
197880.0,0.15274262221546867,0.12630857715736968,0.05288875950042758,50.0,50.0
197940.0,0.1527235888429936,0.1262947150298681,0.05288712721442543,50.0,50.00000000000001
198000.0,0.15270456660372014,0.12628086073366093,0.05288549646068847,50.0,50.00000000000001
198060.0,0.15268555548693438,0.12626701426139836,0.052883867237226954,50.00000000000001,50.00000000000001
198120.0,0.1526665554819367,0.1262531756057397,0.05288223954205438,50.00000000000001,50.00000000000001
198180.0,0.1526475665780415,0.12623934475935406,0.05288061337318755,50.00000000000001,50.00000000000001
198240.0,0.1526285887645774,0.1262255217149194,0.05287898872864652,50.00000000000001,50.00000000000001
198300.0,0.1526096220308872,0.1262117064651244,0.05287736560645462,50.00000000000001,50.00000000000001
198360.0,0.15259066636632768,0.12619789900266584,0.05287574400463842,50.00000000000001,50.00000000000001
198420.0,0.15257172176026967,0.12618409932025104,0.052874123921227735,50.0,50.0
198480.0,0.15255278820209825,0.12617030741059637,0.05287250535425574,50.0,50.0
198540.0,0.15253386568121252,0.12615652326642798,0.052870888301759005,50.0,49.99999999999999
198600.0,0.15251495418702526,0.12614274688048072,0.052869272761776866,50.0,49.99999999999999
198660.0,0.15249605370896346,0.12612897824549932,0.052867658732352114,50.0,49.99999999999999
198720.0,0.15247716423646793,0.12611521735423792,0.05286604621153075,50.0,49.99999999999999
198780.0,0.15245828575899348,0.12610146419945936,0.05286443519736198,50.0,49.99999999999999
198840.0,0.15243941826600882,0.12608771877393676,0.05286282568789823,50.0,49.99999999999999
198900.0,0.15242056174699647,0.1260739810704522,0.0528612176811951,50.0,49.99999999999999
198960.0,0.1524017161914529,0.12606025108179703,0.052859611175311405,50.0,49.99999999999999
199020.0,0.1523828815888883,0.1260465288007717,0.05285800616830913,50.00000000000001,49.99999999999999
199080.0,0.1523640579288271,0.12603281422018658,0.05285640265825354,50.00000000000001,49.99999999999999
199140.0,0.1523452452008081,0.12601910733286129,0.05285480064321326,50.00000000000001,49.99999999999999
199200.0,0.15232644339438223,0.1260054081316242,0.0528532001212596,50.00000000000001,49.99999999999999
199260.0,0.15230765249911488,0.12599171660931266,0.05285160109046726,50.00000000000001,49.99999999999999
199320.0,0.15228887250458517,0.12597803275877412,0.05285000354891407,50.00000000000001,49.99999999999999
199380.0,0.15227010340038596,0.1259643565728647,0.052848407494681046,50.00000000000001,49.99999999999999
199440.0,0.15225134517612374,0.12595068804444978,0.052846812925852325,50.00000000000001,49.99999999999999
199500.0,0.15223259782141868,0.12593702716640404,0.052845219840515184,50.00000000000001,49.99999999999999
199560.0,0.1522138613259045,0.12592337393161127,0.052843628236760025,50.0,50.0
199620.0,0.1521951356792286,0.12590972833296432,0.05284203811268038,50.0,50.0
199680.0,0.1521764208710524,0.12589609036336555,0.05284044946637294,49.99999999999999,50.0
199740.0,0.15215771689105173,0.12588246001572653,0.05283886229593765,49.99999999999999,50.0
199800.0,0.15213902372891372,0.12586883728296747,0.05283727659947723,49.99999999999999,50.00000000000001
199860.0,0.15212034137434005,0.12585522215801753,0.052835692375097665,49.999999999999986,50.00000000000001
199920.0,0.15210166981704595,0.12584161463381546,0.05283410962090801,49.999999999999986,50.00000000000001
199980.0,0.15208300904676003,0.12582801470330868,0.052832528335020425,49.999999999999986,50.00000000000001
200040.0,0.1520643590532245,0.1258144223594543,0.05283094851555014,49.999999999999986,50.00000000000001
200100.0,0.15204571982619483,0.1258008375952173,0.05282937016061546,49.999999999999986,50.00000000000001
200160.0,0.15202709135544004,0.12578726040357296,0.05282779326833775,49.99999999999999,50.00000000000001
200220.0,0.15200847363074244,0.1257736907775047,0.052826217836841445,49.99999999999999,50.00000000000001
200280.0,0.1519898666418977,0.12576012871000547,0.052824643864254096,50.0,50.00000000000001
200340.0,0.15197127037871455,0.12574657419407742,0.05282307134870646,50.0,50.00000000000001
200400.0,0.15195268483101554,0.12573302722273091,0.05282150028833195,50.00000000000001,50.00000000000001
200460.0,0.1519341099886363,0.12571948778898534,0.05281993068126721,50.00000000000001,50.00000000000001
200520.0,0.15191554584142572,0.12570595588586966,0.052818362525651905,50.00000000000001,50.00000000000001
200580.0,0.1518969923792459,0.12569243150642107,0.052816795819628726,50.00000000000001,50.00000000000001
200640.0,0.1518784495919722,0.12567891464368605,0.05281523056134339,50.00000000000001,50.00000000000001
200700.0,0.15185991746949312,0.12566540529071968,0.05281366674894461,50.00000000000001,50.00000000000001
200760.0,0.15184139600171045,0.1256519034405866,0.052812104380584125,50.00000000000001,50.00000000000001
200820.0,0.151822885178539,0.12563840908635926,0.05281054345441665,50.0,50.00000000000001
200880.0,0.15180438498990703,0.12562492222112,0.05280898396860004,50.0,50.00000000000001
200940.0,0.1517858954257563,0.12561144283795994,0.05280742592129534,50.0,50.0
201000.0,0.15176741647604053,0.1255979709299782,0.05280586931066601,50.0,50.0
201060.0,0.15174894813072706,0.12558450649028302,0.05280431413487877,50.0,50.0
201120.0,0.15173049037979625,0.1255710495119918,0.0528027603921033,50.0,50.0
201180.0,0.15171204321324147,0.12555759998823016,0.05280120808051225,50.0,50.0
201240.0,0.15169360662106918,0.12554415791213291,0.05279965719828124,50.0,50.0
201300.0,0.1516751805932987,0.12553072327684356,0.052798107743588826,50.0,50.0
201360.0,0.15165676511996237,0.12551729607551426,0.05279655971461654,50.0,49.99999999999999
201420.0,0.15163836019110544,0.12550387630130572,0.05279501310954884,50.00000000000001,49.99999999999999
201480.0,0.15161996579678685,0.12549046394738758,0.052793467926573176,50.00000000000001,49.99999999999999
201540.0,0.15160158192707998,0.1254770590069388,0.05279192416388005,50.00000000000001,49.99999999999999
201600.0,0.15158320857206717,0.12546366147314603,0.05279038181966261,50.00000000000001,49.99999999999999
201660.0,0.1515648457218455,0.1254502713392047,0.052788840892117044,50.00000000000001,49.99999999999999
201720.0,0.15154649336652487,0.12543688859831906,0.052787301379442465,50.00000000000001,49.99999999999999
201780.0,0.151528151496228,0.12542351324370227,0.05278576327984089,50.00000000000001,49.99999999999999
201840.0,0.1515098201010905,0.12541014526857572,0.052784226591517255,50.0,49.99999999999999
201900.0,0.15149149917126065,0.12539678466616952,0.052782691312679375,50.0,49.99999999999999
201960.0,0.15147318869689957,0.12538343142972241,0.05278115744153796,50.0,49.99999999999999
202020.0,0.15145488866818113,0.12537008555248189,0.052779624976306616,49.99999999999999,50.0
202080.0,0.15143659907528875,0.12535674702770186,0.052778093915201066,49.99999999999999,50.0
202140.0,0.1514183199084148,0.12534341584864328,0.05277656425643902,49.999999999999986,50.00000000000001
202200.0,0.1514000511577799,0.125330092008584,0.05277503599824489,49.999999999999986,50.00000000000001
202260.0,0.1513817928136095,0.1253167755008062,0.052773509138844016,49.999999999999986,50.00000000000001
202320.0,0.15136354486614198,0.12530346631860081,0.0527719836764647,49.999999999999986,50.00000000000001
202380.0,0.15134530730562862,0.12529016445526742,0.05277045960933814,49.999999999999986,50.00000000000001
202440.0,0.15132708012233356,0.12527686990411396,0.05276893693569848,49.999999999999986,50.000000000000014
202500.0,0.15130886330653384,0.12526358265845755,0.05276741565378278,49.99999999999999,50.000000000000014
202560.0,0.15129065684851947,0.12525030271162366,0.052765895761831064,49.99999999999999,50.000000000000014
202620.0,0.15127246073859324,0.12523703005694659,0.05276437725808623,50.0,50.000000000000014
202680.0,0.15125427496705524,0.1252237646877594,0.05276286014079028,50.0,50.000000000000014
202740.0,0.15123609952419056,0.1252105065973858,0.052761344408181206,50.00000000000001,50.000000000000014
202800.0,0.15121793440037426,0.12519725577920762,0.05275983005851903,50.00000000000001,50.000000000000014
202860.0,0.15119977958595687,0.1251840122265914,0.05275831709005744,50.00000000000001,50.000000000000014
202920.0,0.1511816350713016,0.12517077593291193,0.05275680550105299,50.00000000000001,50.000000000000014
202980.0,0.15116350084678437,0.1251575468915532,0.05275529528976511,50.00000000000001,50.000000000000014
203040.0,0.15114537690279367,0.12514432509590692,0.05275378645445611,50.00000000000001,50.00000000000001
203100.0,0.15112726322973077,0.1251311105393744,0.05275227899339116,50.00000000000001,50.00000000000001
203160.0,0.1511091598180095,0.12511790321536415,0.05275077290483832,50.00000000000001,50.00000000000001
203220.0,0.1510910666580564,0.12510470311729435,0.0527492681870685,50.00000000000001,50.0
203280.0,0.15107298374029893,0.12509151023858292,0.0527477648383519,50.00000000000001,50.0
203340.0,0.1510549110551563,0.12507832457264156,0.05274626285695519,50.00000000000001,50.0
203400.0,0.15103684859311817,0.1250651461129314,0.052744762241165595,50.00000000000001,50.0
203460.0,0.15101879634465878,0.12505197485290231,0.052743262989264635,50.00000000000001,49.99999999999999
203520.0,0.151000754300265,0.12503881078601253,0.05274176509953666,50.00000000000001,49.99999999999999
203580.0,0.15098272245043604,0.1250256539057288,0.052740268570268825,50.00000000000001,49.99999999999999
203640.0,0.15096470078568366,0.12501250420552626,0.05273877339975111,50.00000000000001,49.99999999999999
203700.0,0.15094668929653215,0.1249993616788883,0.05273727958627631,50.00000000000001,49.99999999999999
203760.0,0.15092868797351824,0.12498622631930699,0.052735787128140046,50.00000000000001,49.99999999999999
203820.0,0.15091069680719113,0.12497309812028236,0.052734296023640756,50.00000000000001,50.0
203880.0,0.15089271578809882,0.12495997707531427,0.05273280627107587,50.00000000000001,50.0
203940.0,0.15087474490677713,0.12494686317789423,0.05273131786873881,50.00000000000001,50.0
204000.0,0.1508567841538423,0.12493375642156755,0.052729830814944666,50.00000000000001,50.0
204060.0,0.15083883351989008,0.12492065679986582,0.0527283451080022,50.00000000000001,50.0
204120.0,0.15082089299552862,0.12490756430632899,0.05272686074622296,50.00000000000001,50.0
204180.0,0.1508029625713782,0.12489447893450564,0.05272537772792122,50.00000000000001,50.0
204240.0,0.15078504223807154,0.12488140067795211,0.052723896051414046,50.0,50.0
204300.0,0.15076713198625358,0.12486832953023339,0.052722415715021266,50.0,50.0
204360.0,0.15074923180658154,0.12485526548492247,0.052720936717065445,50.0,50.0
204420.0,0.1507313416897249,0.12484220853560062,0.05271945905587194,50.0,50.0
204480.0,0.15071346162635046,0.12482915867584855,0.05271798272976525,50.0,50.0
204540.0,0.15069559160711038,0.12481611589923772,0.05271650773706619,50.0,50.0
204600.0,0.15067773162274328,0.12480308019939464,0.052715034076116114,50.0,50.0
204660.0,0.15065988166396413,0.12479005156993143,0.05271356174525055,49.99999999999999,50.0
204720.0,0.1506420417214999,0.12477703000446844,0.05271209074280769,49.99999999999999,50.0
204780.0,0.15062421178608973,0.12476401549663418,0.052710621067128476,49.99999999999999,50.0
204840.0,0.1506063918484847,0.12475100804006532,0.05270915271655653,50.0,50.0
204900.0,0.1505885818994481,0.1247380076284065,0.0527076856894382,50.0,50.00000000000001
204960.0,0.15057078192975512,0.12472501425531064,0.05270621998412254,50.0,50.00000000000001
205020.0,0.15055299193019317,0.12471202791443892,0.0527047555989613,50.0,50.00000000000001
205080.0,0.15053521189154864,0.12469904859945145,0.052703292532305525,50.0,50.00000000000001
205140.0,0.150517441804597,0.12468607630400111,0.0527018307825028,50.0,50.00000000000001
205200.0,0.1504996816601895,0.12467311102179221,0.05270037034792039,50.00000000000001,50.00000000000001
205260.0,0.15048193144915856,0.12466015274651616,0.052698911226920046,50.00000000000001,50.00000000000001
205320.0,0.15046419116234844,0.12464720147187235,0.052697453417866184,50.00000000000001,50.00000000000001
205380.0,0.1504464607906153,0.12463425719156838,0.05269599691912586,50.00000000000001,50.00000000000001
205440.0,0.1504287403248272,0.12462131989931947,0.05269454172906881,50.00000000000001,50.00000000000001
205500.0,0.15041102975586398,0.12460838958884932,0.05269308784606741,50.00000000000001,50.0
205560.0,0.15039332907461747,0.1245954662538892,0.05269163526849671,50.00000000000001,50.0
205620.0,0.1503756382719913,0.12458254988817866,0.052690183994734414,50.00000000000001,49.99999999999999
205680.0,0.15035795733888901,0.1245696404854568,0.05268873402315741,50.00000000000001,49.99999999999999
205740.0,0.15034028626620471,0.12455673803945555,0.05268728535213904,50.00000000000001,49.99999999999999
205800.0,0.1503226250449033,0.12454384254395665,0.05268583798007243,50.00000000000001,49.99999999999999
205860.0,0.15030497366593293,0.1245309539927293,0.05268439190534507,50.00000000000001,49.99999999999999
205920.0,0.15028733212025358,0.12451807237955095,0.052682947126347024,50.00000000000001,49.99999999999999
205980.0,0.15026970039883675,0.12450519769820691,0.052681503641471006,50.00000000000001,49.99999999999999
206040.0,0.1502520784926658,0.1244923299424901,0.05268006144911232,50.00000000000001,49.99999999999999
206100.0,0.15023446639273566,0.12447946910620157,0.05267862054766886,50.00000000000001,49.99999999999999
206160.0,0.15021686409005305,0.12446661518315014,0.052677180935541155,50.0,49.99999999999999
206220.0,0.15019927157563637,0.12445376816715262,0.05267574261113234,50.0,50.0
206280.0,0.15018168884050231,0.12444092805202535,0.0526743055728447,50.0,50.0
206340.0,0.15016411587565553,0.12442809483157777,0.052672869819077046,50.0,50.0
206400.0,0.15014655267217808,0.12441526849966793,0.05267143534824766,50.0,50.0
206460.0,0.15012899922113188,0.12440244905014228,0.05267000215876926,50.0,50.0
206520.0,0.15011145551359023,0.12438963647685478,0.05266857024905711,50.0,50.00000000000001
206580.0,0.15009392154063808,0.1243768307736671,0.05266713961752904,50.0,50.00000000000001
206640.0,0.1500763972933718,0.12436403193444884,0.052665710262605414,50.0,50.00000000000001
206700.0,0.15005888276289928,0.12435123995307733,0.05266428218270918,50.0,50.00000000000001
206760.0,0.1500413779403399,0.12433845482343756,0.05266285537626584,50.0,50.0
206820.0,0.15002388281682452,0.12432567653942245,0.05266142984170343,50.0,50.0
206880.0,0.15000639738348287,0.1243129050949241,0.05266000557744938,50.0,50.0
206902.0,0.14999998848408944,0.1243082239444087,0.05265948366519268,50.0,50.0
