time_s,Cmax,Cmean,Csurface,Tcenter,Tsurface
0.0,2.55,2.550000000000002,2.55,28.0,28.0
60.0,2.55,2.5394069130096715,2.0794431956451973,28.000000000001243,28.07484382115394
120.0,2.55,2.52989778292235,1.9230142614942034,28.000000321101975,28.223856702704197
180.0,2.55,2.520989980265904,1.8158456140686785,28.000032394884077,28.39404171844946
240.0,2.55,2.5125190133387094,1.7331983145274041,28.000404367777694,28.558463558622496
300.0,2.55,2.5043927313391743,1.6661231972505608,28.002086453178197,28.788563109644855
360.0,2.55,2.4965488798019764,1.609831080651428,28.00666995296818,29.020529887356172
420.0,2.55,2.488944474825463,1.561350755013875,28.015909855254346,29.260329054958497
480.0,2.55,2.481547247171508,1.5187867591027426,28.031497647059492,29.47968754684498
540.0,2.55,2.474332450546978,1.4811008032465072,28.055064684127785,29.7325535416835
600.0,2.55,2.4672787554703053,1.447498415151827,28.087986196181426,29.993637400896347
660.0,2.55,2.4603683017697793,1.41735945594641,28.13120061106206,30.28899034508439
720.0,2.55,2.4535857021983007,1.3900491435608757,28.185261113100665,30.568611619494586
780.0,2.55,2.4469192514603275,1.3651258388990217,28.25057607419631,30.859519865906066
840.0,2.5500000000000003,2.4403587572198613,1.3422434024314782,28.327545053245434,31.133741659718993
900.0,2.55,2.4338956695217804,1.3210589512074182,28.416520491514596,31.40361014585465
960.0,2.55,2.427521304675684,1.301548196998036,28.517660265602792,31.702986090620282
1020.0,2.55,2.4212280942915254,1.283422193668916,28.630868917763998,31.976789727271132
1080.0,2.55,2.4150107072274154,1.2667327102190271,28.75578775657794,32.300949186068905
1140.0,2.55,2.4088619301782033,1.2512778003632472,28.89198339819077,32.609274374421965
1200.0,2.55,2.4027769361127604,1.2368414496118585,29.039044111972565,32.91950850514838
1260.0,2.55,2.3967510658202063,1.2232200113168505,29.19665395698072,33.20484068684741
1320.0,2.55,2.390779967088289,1.2105324869308605,29.3646517667949,33.53241341006229
1380.0,2.5500000000000003,2.384859773934953,1.1987518960154424,29.542818996484712,33.849648516227916
1440.0,2.55,2.3789866377785547,1.1875583806992318,29.73075454108404,34.1520529629646
1500.0,2.55,2.3731575662191045,1.1768196353420193,29.928029161904345,34.41872827408774
1560.0,2.55,2.367370845136521,1.1666538599261433,30.134330707768306,34.714154890116156
1620.0,2.55,2.3616233912267632,1.157006781654111,30.34923668462081,34.986582960687265
1680.0,2.55,2.3559132045662206,1.1478269559844991,30.572018188141058,35.27165926530377
1740.0,2.55,2.350237523403282,1.1393127940014045,30.801811200370455,35.59476067519233
1800.0,2.55,2.344593332206762,1.1313448877967158,31.037819065015146,35.90980850091618
1860.0,2.55,2.338980925598951,1.123703326566969,31.279164208044513,36.22770049961971
1920.0,2.5500000000000003,2.333401739005917,1.116229672468642,31.525322920121805,36.49235634099464
1980.0,2.55,2.3278554176801984,1.1089473393944096,31.776282409389825,36.765329366917356
2040.0,2.55,2.322339748486282,1.1020089600227927,32.03201361041354,37.05139291510543
2100.0,2.55,2.316853080276308,1.095304161104019,32.292126533187094,37.315214985085625
2160.0,2.55,2.31139488715647,1.0888153525380322,32.55589877036963,37.577051909706775
2220.0,2.55,2.3059641227255585,1.0826932972146681,32.82266453513713,37.86658971742301
2280.0,2.55,2.3005588699405553,1.0768038425207158,33.09183660721204,38.13060140072719
2340.0,2.549999999999999,2.295177139915488,1.0711535903872555,33.36285401455558,38.42248107827951
2400.0,2.549999999999996,2.2898175821108695,1.0657406384333965,33.635369488525626,38.68795440521506
2460.0,2.549999999999988,2.2844800800925626,1.060564997741151,33.90919432143633,38.97521638592565
2520.0,2.549999999999964,2.2791631146860705,1.0555963172970855,34.18422914316804,39.24247782581188
2580.0,2.549999999999901,2.2738664638082176,1.050657123096451,34.4604052808196,39.47326346963116
2640.0,2.5499999999997485,2.2685895993018126,1.0459268096813903,34.7376436030755,39.7473173143106
2700.0,2.5499999999993888,2.263330390818969,1.0414162559401485,35.01578991037506,40.010780170818286
2760.0,2.5499999999985756,2.258088808615179,1.0369233057118317,35.294405343835614,40.23151918069779
2820.0,2.5499999999968006,2.2528653967547743,1.0324618375872283,35.57309979572463,40.449252455131415
2880.0,2.549999999993051,2.2476587976865705,1.0281990122965066,35.851683617813215,40.70247589513944
2940.0,2.549999999985386,2.242468624730943,1.0240235064498324,36.129744883540944,40.90587410312999
3000.0,2.5499999999701712,2.237294612934711,1.0198277007380712,36.40666956751137,41.11631330566378
3060.0,2.5499999999408183,2.2321365615654303,1.015761705549289,36.682065618227874,41.317003153852276
3120.0,2.5499999998856917,2.2269936273067374,1.01192068816715,36.955588412046616,41.579035008467656
3180.0,2.5499999997847556,2.221864160381036,1.008307696042592,37.226774373346714,41.813614601820866
3240.0,2.54999999960436,2.216748626528404,1.0047262433100956,37.495300423185405,42.03490250348492
3300.0,2.54999999928926,2.2116460184907902,1.0012256935600001,37.761355799098446,42.25551884945048
3360.0,2.549999998750746,2.2065558234551865,0.9977038073846556,38.02540720837413,42.443165506827725
3420.0,2.5499999978492345,2.2014780964484197,0.9942094642561555,38.28768346687219,42.640660637758785
3480.0,2.5499999963694213,2.1964126193907387,0.9906974851781547,38.54814776891682,42.80432345929429
3540.0,2.549999993985362,2.191359874862239,0.9871803207543681,38.806471077436726,42.972015840160815
3600.0,2.549999990212408,2.1863187987375503,0.9838416100777567,39.062169151357686,43.189396308999804
3660.0,2.5499999843406145,2.1812880435233177,0.9806518252463468,39.31471068652314,43.37656203104112
3720.0,2.5499999753467084,2.17626747020108,0.977493787305135,39.563651966592175,43.5615089411352
3780.0,2.549999961781083,2.1712565637805445,0.9744601101824719,39.809049074488655,43.757461804510314
3840.0,2.5499999416189874,2.1662544060471465,0.9714420806472289,40.05120926648206,43.93200193136196
3900.0,2.549999912071461,2.1612606187321597,0.9684068417651829,40.290321133070336,44.094500388325585
3960.0,2.5499998693488184,2.1562758804828293,0.9654144149493096,40.52655410314079,44.25693138056062
4020.0,2.5499998083670845,2.1512997352395224,0.9623836081897518,40.75993160715791,44.39696129170242
4080.0,2.549999722389758,2.1463321077859625,0.9592838761356652,40.990242960837975,44.518696446955374
4140.0,2.549999602598404,2.1413738463349907,0.9563068709138905,41.21717953919337,44.68282589957333
4200.0,2.5499994375802024,2.1364242361722114,0.9533902671262929,41.44029404849666,44.82325162124976
4260.0,2.5499992127311892,2.131482663670756,0.9504922743035688,41.65907272559283,44.97528098349205
4320.0,2.5499989095633535,2.1265488050565455,0.9477672593916368,41.873398291106184,45.15853942808553
4380.0,2.549998504906996,2.1216223157924827,0.9449863075516354,42.08342971815772,45.27294064555956
4440.0,2.5499979700048145,2.1167038193523102,0.9420677948739866,42.28947847608598,45.37498300230817
4500.0,2.549997269488028,2.11179354046552,0.939219961980337,42.49206090144367,45.50783248701347
4560.0,2.5499963602400544,2.106891352531394,0.9364615149701867,42.691168130044744,45.63946230704735
4620.0,2.5499951901746662,2.101996315164167,0.9337811157107575,42.8862588452487,45.79488007915952
4680.0,2.549993696913209,2.0971083485150253,0.9311787788706696,43.07707803445189,45.928035005411026
4740.0,2.5499918063385705,2.092227748177083,0.9286005883309265,43.26383366033539,46.07042149104353
4800.0,2.549989431029121,2.087352955127213,0.9260079007919766,43.447046175981065,46.193620975223865
4860.0,2.549986468588702,2.0824841574159256,0.9233362500558069,43.62717650893252,46.28986752839446
4920.0,2.5499827999082174,2.0776223254469395,0.9207419220691313,43.804500238994315,46.42433803325629
4980.0,2.5499782873757173,2.072767616784503,0.9181049747089621,43.97899279107077,46.49740772080296
5040.0,2.549972773098897,2.067920362355857,0.9153274497197939,44.150324586673065,46.56525904108125
5100.0,2.5499660771054327,2.063080562644612,0.9125887670061361,44.31828705543148,46.65350975830075
5160.0,2.549957995568325,2.0582475935540243,0.9100146897886521,44.48236744926725,46.79684897030914
5220.0,2.5499482992394995,2.053420516270102,0.9074986390486353,44.64183664320949,46.89983756784786
5280.0,2.549936731862276,2.0485995915864756,0.904851000121,44.796580092930526,46.96825952838376
5340.0,2.549923008286239,2.043785628485815,0.9022701979786014,44.94735702605319,47.073173325204024
5400.0,2.5499068125345445,2.038977954107623,0.8996614686850989,45.09474937243277,47.14437579037648
5460.0,2.5498878016909647,2.0341775017965795,0.8971224877014875,45.23863882538638,47.26225358323351
5520.0,2.549865602983736,2.029385138770488,0.8946224275497445,45.37894073276901,47.34889147058454
5580.0,2.5498398065944894,2.02459966788997,0.8920123114889023,45.51569909933231,47.423289823033684
5640.0,2.5498099684079327,2.019821805637771,0.8894098070803462,45.64927113940819,47.49342756824589
5700.0,2.549775608974206,2.01505168228391,0.8868499986723237,45.77990163241786,47.59307729475404
5760.0,2.5497362132332513,2.010289165090214,0.8843210827067337,45.90744350645075,47.66137537149939
5820.0,2.5496912306118746,2.0055344468506533,0.8816602526419145,46.03176081057729,47.704750747343574
5880.0,2.5496400747096306,2.00078831643168,0.8790242868169129,46.15303546985067,47.76097355614979
5940.0,2.549582123206607,1.9960499835845829,0.8765456134799741,46.27120934722615,47.89326001174994
6000.0,2.549516719261679,1.9913183197183022,0.8742199283175044,46.385813846942746,47.99709082107505
6060.0,2.5494431727074587,1.9865941347651095,0.8718022108495521,46.4968574792562,48.06294824935425
6120.0,2.5493607583866114,1.9818767357242821,0.8692385361473227,46.605456982966984,48.09126179210577
6180.0,2.549268713932654,1.9771669887189658,0.8667741795922944,46.71258073547268,48.19218047756616
6240.0,2.549166241830177,1.9724642851855667,0.8643895310670325,46.818058689655054,48.26617886391659
6300.0,2.5490525141955236,1.967768762539634,0.8619511955915811,46.921185720779896,48.324040193868136
6360.0,2.5489266742807586,1.9630797371310884,0.8594150613919855,47.02204286775892,48.35993621234564
6420.0,2.5487878352577202,1.958398016907319,0.8568370342116464,47.120887493449594,48.387833603440185
6480.0,2.548635082880092,1.9537241052522354,0.8542016314339118,47.21747529108757,48.41092199891388
6540.0,2.548467480665709,1.949058126262675,0.8517537801067502,47.31114819092034,48.51260610287425
6600.0,2.5482840753077403,1.9443990548093577,0.8493249865981839,47.40118865965303,48.558688102632274
6660.0,2.548083899555317,1.9397473959571145,0.8467858253867727,47.48747204190622,48.576559955165685
6720.0,2.547865968167763,1.9351040500961845,0.8442489505730368,47.570905676954304,48.61559618591801
6780.0,2.5476292758424224,1.9304680466751387,0.8417926113051981,47.651883825703095,48.68137544537005
6840.0,2.547372806163711,1.925839202686646,0.8393068608724462,47.73000886713703,48.70335000162265
6900.0,2.5470955370999646,1.9212181971972122,0.8369109266711199,47.80522628309193,48.78734755994832
6960.0,2.546796438553993,1.9166040928281898,0.8346003702102217,47.87791895296463,48.85041176425063
7020.0,2.5464744731359183,1.9119962355466313,0.8322310057850812,47.94834741884765,48.89659498398251
7080.0,2.5461285949715897,1.9073950571725045,0.8298062519135518,48.01726849232483,48.91625970515419
7140.0,2.545757745767647,1.9028016832241363,0.8274027123765116,48.08525447662663,48.959302865949155
7200.0,2.5453608624490096,1.898214595093476,0.8249886145178548,48.15212811330734,48.99852910205034
7260.0,2.5449372662066727,1.8936356051519219,0.8225250098064134,48.21725425451848,49.04047628751957
7320.0,2.5444863872542287,1.8890681974114576,0.8199328043050826,48.28036192404501,49.03100379557065
7380.0,2.544007343846684,1.884513884177198,0.817345551862491,48.34150650465823,49.063794453893436
7440.0,2.5434992746860425,1.8799720891780214,0.8147286060876372,48.400516554640944,49.06744933234417
7500.0,2.542961350566408,1.875442844945324,0.8121588068871014,48.45677166116115,49.11597672418318
7560.0,2.542392779145637,1.8709257721822792,0.8096221089482079,48.51006234138926,49.14538372436116
7620.0,2.541792799991213,1.866420165908305,0.8069991667187348,48.56047703067725,49.15368480943189
7680.0,2.541160676487878,1.8619273125813303,0.8043825907175457,48.60861141744345,49.16516676828685
7740.0,2.5404956898302684,1.8574472355770886,0.8018569561757057,48.654810938919304,49.22417746074343
7800.0,2.5397971511978565,1.8529780108924332,0.7992953611422866,48.69889274841861,49.234840169103016
7860.0,2.539064407651062,1.848520251256903,0.7968210197820642,48.740961717733875,49.31105293151941
7920.0,2.5382968266323997,1.8440737271970566,0.7943921045648565,48.78166688337429,49.342117770918215
7980.0,2.5374937902980252,1.8396385800182928,0.7918474531563823,48.821477342876015,49.344284229653105
8040.0,2.5366546897388766,1.8352152089618865,0.7893273322320317,48.861163532803914,49.37725628076051
8100.0,2.5357789263118087,1.8308047630154183,0.7867895061354125,48.90071034517364,49.35888417089574
8160.0,2.5348659425452476,1.8264067452646873,0.7843222220175701,48.93944915473425,49.433516952076324
8220.0,2.5339152305231303,1.8220190846952755,0.7819022217379279,48.97689021520665,49.452005308416965
8280.0,2.532926331698264,1.817643345764193,0.77947798856373,49.012759452386035,49.48979091254017
8340.0,2.5318988102467426,1.8132792753388616,0.7769636003328381,49.04782180131318,49.46343352948384
8400.0,2.5308322342193605,1.808927654367582,0.7744523429984037,49.08245119478035,49.48570011723164
8460.0,2.5297261980606294,1.8045879284382877,0.7720111938394034,49.116374882967655,49.5118888239472
8520.0,2.5285803534974964,1.800258882490403,0.769636524848406,49.14874024329951,49.570809186003075
8580.0,2.5273944105202983,1.7959402232752746,0.7672533652780815,49.17947013745174,49.58258797059762
8640.0,2.526168097160272,1.7916336872054284,0.7648320632963119,49.20926150987332,49.58387337873171
8700.0,2.5249011321179458,1.787339187424096,0.7623575775072559,49.23890587854188,49.57505777012641
8760.0,2.523593243864647,1.7830564302830922,0.7598928049740717,49.26820744454191,49.58103007443806
8820.0,2.522244216219591,1.7787844009332332,0.7574489832519306,49.29638528033127,49.60773346358216
8880.0,2.520853903785877,1.7745236120152093,0.7550693516365796,49.322792146172866,49.62177146970885
8940.0,2.5194222133141286,1.770274981429049,0.7526020118029203,49.34745425040239,49.596496908246344
9000.0,2.517949067039407,1.766037776154579,0.750256824382491,49.37086605339689,49.66428766322135
9060.0,2.5164343673033724,1.7618116351497168,0.7480808471472993,49.39304999810238,49.72160502927381
9120.0,2.514878051859301,1.7575965274614032,0.7457554674512485,49.41398788430469,49.68896313715302
9180.0,2.513280075540475,1.7533917752866772,0.7433645588080465,49.435018661341054,49.707488387235166
9240.0,2.511640338052175,1.7491976979923138,0.7410004977680829,49.45676069328019,49.69012029872371
9300.0,2.509958776997195,1.7450158558374405,0.7387065456884546,49.47821394998857,49.72908282457345
9360.0,2.508235411442641,1.7408442605569805,0.7363992377089884,49.498696288822124,49.726453965604414
9420.0,2.5064703175974596,1.7366829857426809,0.7341145822442047,49.517954749984625,49.75686606474956
9480.0,2.5046635886395223,1.7325322480650345,0.7319050838714888,49.536403758325335,49.78856041196675
9540.0,2.50281531709072,1.7283914487612604,0.7296989042855907,49.554260839768276,49.81335752404757
9600.0,2.500925592698982,1.724261716768781,0.7274151318288957,49.57203502809901,49.77367334562046
9660.0,2.4989944809731,1.7201434601418206,0.7251855478990533,49.5902000647198,49.82258256361441
9720.0,2.4970220535937924,1.716034168380172,0.7229216159780284,49.60836800383739,49.80177282926968
9780.0,2.4950084573376854,1.7119361907618849,0.7205860110881454,49.625723586028876,49.76749332852086
9840.0,2.492953880183822,1.7078502118171794,0.7183385522653929,49.642393416788224,49.798521714555044
9900.0,2.4908585444444977,1.703773473237193,0.7161059997691003,49.65768147023396,49.80594616622056
9960.0,2.488722760615341,1.69970700534152,0.7139643706920116,49.67105959573113,49.84940703560334
10020.0,2.486546849147586,1.6956499509046588,0.7118460170863674,49.6832566293389,49.87911077250568
10080.0,2.4843310777804084,1.6916030656617398,0.7096806968235764,49.69514721897592,49.8535570919734
10140.0,2.4820756459295965,1.6875671588356913,0.7075499988694092,49.70769280355181,49.89625410177012
10200.0,2.4797807090085673,1.6835404832206726,0.7053949104846838,49.72090773889347,49.87144168724435
10260.0,2.4774464722246083,1.6795233766044932,0.7031683341106065,49.7341490111682,49.87290415050919
10320.0,2.4750731785002973,1.6755169288929868,0.7009983773525973,49.747322349505886,49.85769703120868
10380.0,2.4726611157716047,1.671520476298649,0.6988777021301459,49.75974368424761,49.90878735224457
10440.0,2.4702106444624334,1.6675327600773082,0.696735689266972,49.77097377673765,49.8763848343967
10500.0,2.467722153536008,1.663555735355523,0.6944792349646485,49.78125478164768,49.84057771773933
10560.0,2.4651959873957234,1.6595900368484156,0.6923414310324943,49.79120180128361,49.85961120236637
10620.0,2.4626325113607423,1.6556340439069772,0.6903305170598841,49.7999485840539,49.92399479477796
10680.0,2.460032199005259,1.651687229585428,0.6884007808504969,49.80692735170569,49.954762944164784
10740.0,2.4573955023841405,1.6477500876560554,0.6864022027576142,49.81342015970012,49.95894326174881
10800.0,2.4547227012908914,1.6438209647335957,0.6843727000051844,49.82124066150126,49.97744656853344
10860.0,2.4520136590602783,1.6398999312747393,0.6823804291041538,49.83078424778374,49.99363975456292
10920.0,2.4492682406279216,1.6359877981389854,0.6803444026675945,49.84151218442897,49.97168884314039
10980.0,2.4464866462733177,1.6320858482776683,0.6782711347115918,49.853057385876966,49.94131846480978
11040.0,2.4436691223594513,1.6281942143003,0.6762792320501765,49.86479426990673,49.967433337214885
11100.0,2.440816027545516,1.6243106837376031,0.6743049311150214,49.8754714684025,49.9774633326527
11160.0,2.4379278453975233,1.6204360802458444,0.6723035261631016,49.88456347337198,49.95538337846888
11220.0,2.4350050477064915,1.6165704209237328,0.6701946442115102,49.89280781029902,49.9174115810002
11280.0,2.4320480462988465,1.6127141027107528,0.6682260018026265,49.90038929153882,49.95475722976828
11340.0,2.4290573029329767,1.608867566104523,0.6662822097036855,49.90650828768625,49.93787550556781
11400.0,2.4260333674466437,1.6050297210122633,0.6643736453577169,49.91097938162325,49.983060712617565
11460.0,2.422976738584674,1.601199801460378,0.6624385819305579,49.91472364470718,49.95357481799949
11520.0,2.4198878319875687,1.5973790099610294,0.6604074497916618,49.918338359947676,49.919087817523724
11580.0,2.416766988807471,1.5935662216375195,0.6584655602387253,49.92229125637565,49.96702634846246
11640.0,2.413614586154085,1.589760892802411,0.6565284580021593,49.92556968932314,49.93801071957152
11700.0,2.4104311145149744,1.5859647034415085,0.6545184442826191,49.9279080009355,49.91591412012611
11760.0,2.40721700865045,1.5821778123634052,0.6526287169074214,49.93006525370371,49.945052333990105
11820.0,2.403972692207071,1.5783998797701673,0.6508543377322465,49.93147526657545,49.98893225574623
11880.0,2.4006986552827425,1.5746299985377397,0.6489830740683397,49.932126579897165,49.952522109814105
11940.0,2.39739529404606,1.570868952187319,0.6470590505434567,49.933354841493184,49.93747067679772
12000.0,2.3940628570991076,1.5671155836766208,0.6452104921563226,49.93560992580632,49.97630727018051
12060.0,2.3907016600023265,1.5633698191625536,0.6434896333848686,49.93767429824902,50.01894307567142
12120.0,2.387312129368349,1.5596316537318835,0.6416791834938546,49.93946961685264,50.00039740446066
12180.0,2.3838945881581957,1.5559011677189774,0.6397599459573954,49.94234602046328,49.955205591422406
12240.0,2.3804492112237687,1.552180243306714,0.6378291388518731,49.94668533623767,49.91862791318716
12300.0,2.376976258961682,1.5484690597843933,0.635957317974139,49.95088383782943,49.9177175160263
12360.0,2.373476249379008,1.5447660815283508,0.6340894603348087,49.95311337880068,49.908580369197985
12420.0,2.3699498724122474,1.5410699886854131,0.6322785896559259,49.9529234876778,49.94992214841352
12480.0,2.3663977919869668,1.5373817418237794,0.6304901881928875,49.951051754019716,49.92578072748285
12540.0,2.3628205422249526,1.5337016280734135,0.628668371190551,49.948705230599344,49.94053405667637
12600.0,2.3592184805545444,1.530029671093589,0.626983027080511,49.94686257346818,49.97160870654758
12660.0,2.355592643208593,1.526366407932145,0.6252742110751739,49.94535076023614,49.97871136982907
12720.0,2.351944063849463,1.5227105849060993,0.6234468717205102,49.94474163000167,49.94704475309829
12780.0,2.348272957501124,1.519062772904655,0.6216796161872847,49.94555287417402,49.98344913223566
12840.0,2.3445795446936173,1.5154231795133466,0.6199906059425896,49.94705563469938,50.002669787993064
12900.0,2.3408641684886375,1.5117930668664643,0.6183276375644176,49.948674138677184,50.01300693263716
12960.0,2.337127136036679,1.50817162349942,0.6165351421715799,49.95121984676273,49.96537008243427
13020.0,2.3333686531175,1.5045589754405106,0.6146936418479432,49.9549421238222,49.93440548854419
13080.0,2.3295889744527023,1.5009553668524207,0.612997460376642,49.95877118318716,49.99361524190817
13140.0,2.325788588206037,1.4973593878453786,0.6113121676241624,49.96096311512814,49.98323927887079
13200.0,2.3219681088589903,1.493771187076508,0.6095192353767053,49.96195494955615,49.960922805819834
13260.0,2.3181279456258994,1.4901922360969067,0.607809716280993,49.96333140637069,49.96811803842817
13320.0,2.3142684134754914,1.486621720860552,0.6061237579608545,49.96467549434373,49.98999313602359
13380.0,2.310389926962085,1.4830586305253735,0.6045170905422917,49.96548347064888,50.02999890691572
13440.0,2.3064928870873076,1.4795039185537917,0.6028443466984613,49.96637709606446,49.99298813306806
13500.0,2.302577548538572,1.475957608207736,0.6011864457334042,49.96844418342366,50.02647986428848
13560.0,2.2986440534511114,1.472419601754203,0.5994914365283123,49.971649871642576,49.971047610810935
13620.0,2.2946926479459475,1.4688895060940275,0.5977334735519777,49.97509108271201,49.97997863715072
13680.0,2.290723662805964,1.4653669781877572,0.5960986513772445,49.97821282520002,50.00028031704933
13740.0,2.2867375794513776,1.4618529153145203,0.5943917043700567,49.97996868871027,49.960303804519256
13800.0,2.2827349044199696,1.45834748175877,0.5926430734270279,49.98107835793819,49.93659020846293
13860.0,2.278716034287078,1.4548501304145165,0.5909475380878433,49.98168756037496,49.95110293883088
13920.0,2.2746814602993317,1.45136021753971,0.5893833391119502,49.980770209470876,50.01046578337989
13980.0,2.2706317581958655,1.4478778988433558,0.5878302565220814,49.9785742235134,50.01180491567631
14040.0,2.2665673179008428,1.4444034296675727,0.586275852617374,49.97703440290641,50.0399717509119
14100.0,2.2624882125348824,1.4409365091694188,0.5847470861990313,49.97761202099079,50.04999996559278
14160.0,2.258394422774087,1.4374776188714593,0.5831556581640237,49.98017150037495,50.02385775461104
14220.0,2.2542859516924105,1.4340268862586734,0.5815788636444201,49.984496251397154,50.038598542706474
14280.0,2.250162893352787,1.430583581280891,0.5799185893286832,49.98948705860764,49.980389563027316
14340.0,2.2460255376400364,1.4271484680208995,0.5781981590597897,49.994097629842976,49.949174201764606
14400.0,2.2418743001425274,1.4237212557706913,0.5766216402660029,49.99742890613697,50.00205929929289
14460.0,2.2377100994903287,1.4203022913410397,0.5750602707436248,49.99802150637806,49.99129709702578
14520.0,2.23353392413487,1.4168912121809372,0.573491687200221,49.99682446943442,49.99310826313249
14580.0,2.2293462073155537,1.4134880234278058,0.5719261643240351,49.9955755574492,49.99426639038469
14640.0,2.2251472026357932,1.4100927104912806,0.5703651193587816,49.99472635687999,49.99504457629539
14700.0,2.2209371354073046,1.4067052526500383,0.5688091646019166,49.99424632227102,49.99559977623551
14760.0,2.2167162399694114,1.4033256262169695,0.5672586209660148,49.99403216678705,49.996015237120055
14820.0,2.2124847629349,1.3999538058481416,0.5657136828043473,49.99399601392451,49.996339589610656
14880.0,2.2082429597825133,1.3965897651098782,0.5641744727275048,49.99407356230634,49.9966024035112
14940.0,2.2039910911683465,1.393233476861627,0.5626410721098688,49.99422146076894,49.996822698260964
15000.0,2.1997294199858026,1.3898849134870415,0.5611135344567327,49.99441097589759,49.99701315677691
15060.0,2.195458209623065,1.3865440470283805,0.5595918913730309,49.994623270418266,49.99718194149673
15120.0,2.191177722649398,1.383210849309719,0.558076158558107,49.9948463582936,49.99733436288773
15180.0,2.186888219795558,1.3798852920398506,0.5565663403120836,49.995072536449605,49.99747409301823
15240.0,2.1825899594315485,1.3765673468769504,0.5550624319086415,49.99529684930767,49.99760368541043
15300.0,2.1782831972309835,1.3732569854861032,0.5535644216575375,49.995516071942994,49.99772492263926
15360.0,2.173968186118968,1.3699541795503332,0.552072291405571,49.995728603664425,49.99783891491447
15420.0,2.169645175957637,1.3666589008313355,0.5505860187881751,49.995933538590315,49.99794647396636
15480.0,2.1653144134546314,1.363371121196986,0.549105578224485,49.996130355735175,49.99804825290617
15540.0,2.1609761421655254,1.3600908126381348,0.5476309414169466,49.99631882406703,49.998144765582154
15600.0,2.1566306021257047,1.3568179472942383,0.546162077398184,49.996498975956456,49.99823639769895
15660.0,2.1522780294766966,1.3535524975086888,0.5446989534599789,49.996670928510866,49.9983234752288
15720.0,2.1479186576614606,1.350294435756545,0.5432415353506688,49.99683493445925,49.99840625509408
15780.0,2.143552721205452,1.3470437344744448,0.5417897898279077,49.996991132853715,49.99848504947174
15840.0,2.139180443462454,1.343800366692929,0.5403436787070852,49.99713996113469,49.998559990362445
15900.0,2.134802056590914,1.3405643049802758,0.5389031678330752,49.99728160700321,49.99863135727663
15960.0,2.1304177739047763,1.3373355229846489,0.5374682166974962,49.99741649340819,49.99869924110723
16020.0,2.126027823905662,1.3341139934737025,0.5360387896517576,49.99754488951084,49.99876386957467
16080.0,2.121632414362722,1.330899690503503,0.5346148463093466,49.99766710088656,49.99882535833908
16140.0,2.1172317606480626,1.3276925876494299,0.5331963478414061,49.99778343621329,49.998883857068655
16200.0,2.1128260741069256,1.324492658934596,0.5317832412722291,49.99789416890076,49.9989395111907
16260.0,2.108416272873923,1.321300157495918,0.5303674217702197,49.9979995084529,49.9989924965212
16320.0,2.1040032740402954,1.318115367942613,0.5289512608074406,49.9980996948471,49.99904291100611
16380.0,2.099587281919275,1.314938289889371,0.5275373031965798,49.99819497449688,49.99909086752674
16440.0,2.0951684981561396,1.3117689137949073,0.5261264134197735,49.998285583538404,49.999136480478114
16500.0,2.09074712110964,1.308607225748419,0.524719058368174,49.9983717471235,49.99917986036203
16560.0,2.0863233460662354,1.305453209318512,0.5233155324818497,49.998453679381065,49.999221113135235
16620.0,2.0818973652263515,1.3023068464101544,0.5219160395478105,49.99853158382893,49.99926034007417
16680.0,2.0774693677898037,1.2991681178132395,0.5205207293520336,49.998605654240485,49.9992976379508
16740.0,2.073039539986805,1.2960370034418678,0.5191297101281613,49.99867607516339,49.999333099168155
16800.0,2.0686080651053698,1.292913482511319,0.5177430599207088,49.998743022274596,49.99936681186741
16860.0,2.06417512352125,1.2897975336950216,0.5163608348558648,49.99880666277458,49.99939886005776
16920.0,2.059740892755291,1.2866891353658088,0.5149830810417668,49.99886715606858,49.99942932386162
16980.0,2.0553055475109603,1.2835882656161532,0.5136098324635291,49.99892465409616,49.99945827968515
17040.0,2.050869259702423,1.2804949022988532,0.5122411126730145,49.99897930157968,49.99948580033772
17100.0,2.046432198513362,1.2774090231252835,0.5108769381533254,49.99903123656312,49.99951195528033
17160.0,2.041994530404941,1.2743306056586925,0.5095173179296278,49.99908059045689,49.999536810656075
17220.0,2.0375564191528044,1.271259627361714,0.5081622554610211,49.99912748834314,49.99956042943218
17280.0,2.0331180258974095,1.2681960656566114,0.5068117503527686,49.99917204940876,49.999582871612276
17340.0,2.028679509189934,1.2651398979458934,0.5054657986582158,49.99921438726455,49.99960419439359
17400.0,2.0242410249916745,1.262091101629755,0.5041243936896724,49.999254609974756,49.99962445217945
17460.0,2.019802726793524,1.2590496541552363,0.502787526649955,49.999292820876164,49.99964369699273
17520.0,2.015364765510881,1.2560155329690754,0.5014551858973623,49.999329117850195,49.99966197810895
17580.0,2.0109272897186594,1.2529887156107171,0.5001273585981412,49.99936359488704,49.99967934284756
17640.0,2.006490445427532,1.249969179625886,0.49880402919085975,49.999396340603205,49.99969583582115
17700.0,2.002054376552433,1.246956902721105,0.4974851824453408,49.999427441175555,49.99971150041824
17760.0,1.9976192242374262,1.2439518625518948,0.4961707991615581,49.99945697617735,49.999726376699755
17820.0,1.9931851274362313,1.2409540369013505,0.49486085987780454,49.999485022120616,49.99974050318674
17880.0,1.9887522231576167,1.2379634037519733,0.49355534650486005,49.99951165389814,49.99975391758475
17940.0,1.98432064553344,1.234979941007629,0.49225423620237,49.999536939231184,49.999766653989994
18000.0,1.979890525486091,1.2320036263330363,0.4909575404205509,49.99956094364598,49.99977874536156
18060.0,1.9754615809208018,1.2290342876337166,0.48966955320562855,49.999583734397135,49.99979022180257
18120.0,1.9710335251451632,1.2260717351991166,0.4883890054137934,49.99960537292557,49.99980111594369
18180.0,1.9666064838199286,1.223115933201645,0.48711444735344706,49.99962591578499,49.999811457681616
18240.0,1.9621805820650815,1.2201668517908477,0.4858453703057952,49.99964541670525,49.99982127461846
18300.0,1.9577559425861524,1.2172244635387686,0.48458147454783485,49.99966392685794,49.99983059284439
18360.0,1.9533326862377955,1.2142887425482347,0.48332254827853693,49.99968149516657,49.99983943718426
18420.0,1.9489109319181823,1.211359664196035,0.4820684366933581,49.99969816814935,49.99984783115385
18480.0,1.9444907967119716,1.208437204762614,0.48081901675533956,49.99971399017339,49.99985579712898
18540.0,1.9400723958256125,1.205521341256083,0.47957418512000505,49.99972900345729,49.999863356370824
18600.0,1.9356558426544626,1.2026120512599334,0.47833385115364313,49.99974324821468,49.999870529115064
18660.0,1.9312412488154507,1.1997093128747032,0.477097935390771,49.999756762743274,49.99987733462193
18720.0,1.926828724173954,1.196813104645229,0.4758663664722568,49.99976958354563,49.99988379124209
18780.0,1.9224183768286125,1.193923405593808,0.4746390823024986,49.999781745268876,49.99988991638417
18840.0,1.9180103131790847,1.1910401950619696,0.47341602348799117,49.99979328097103,49.99989572665966
18900.0,1.9136046378749565,1.1881634528314988,0.4721971384467099,49.9998042219184,49.999901237772605
18960.0,1.9092014539618636,1.1852931588639755,0.47098237393026315,49.999814598118284,49.99990646480282
19020.0,1.9048008627323647,1.1824292935624163,0.46977168440425215,49.999824437778145,49.999911421918675
19080.0,1.9004029639590896,1.1795718374602273,0.4685650223682041,49.99983376810398,49.99991612279231
19140.0,1.896007855690384,1.1767207714703583,0.46736234555118017,49.99984261461136,49.99992058024361
19200.0,1.8916156344935495,1.1738760766710423,0.46616361181062427,49.999851001899536,49.999924806633345
19260.0,1.8872263952925468,1.1710377344350276,0.46496878176449014,49.999858953134684,49.999928813602665
19320.0,1.8828402315802772,1.1682057263074357,0.46377781655385886,49.99986649067275,49.99993261238523
19380.0,1.8784572350961564,1.165380034165242,0.462590680741847,49.999873635149164,49.99993621335162
19440.0,1.8740774962554065,1.1625606400113035,0.46140733836508663,49.99988040665919,49.99993962660118
19500.0,1.869701104002774,1.1597475260444379,0.4602277542988799,49.99988682435824,49.999942861761504
19560.0,1.8653281455434567,1.1569406747878819,0.459051896858494,49.99989290573799,49.99994592762459
19620.0,1.8609587070555436,1.1541400687759003,0.45787973179341357,49.999898668467495,49.99994883307235
19680.0,1.8565928729997532,1.1513456908456492,0.45671122771776085,49.99990412864265,49.999951586196566
19740.0,1.852230726333599,1.1485575240486583,0.45554635449252695,49.999909301323854,49.9999541945692
19800.0,1.847872351565047,1.1457755523934683,0.45438502213499704,49.999914201495265,49.9999566657355
19860.0,1.8435182376054056,1.1429999012004175,0.4532231530412873,49.999918842996316,49.99995900739613
19920.0,1.8391688832284379,1.1402307166732388,0.45206181991695615,49.99992323863019,49.99996122565779
19980.0,1.8348243617232745,1.1374679955726097,0.4509023978301622,49.99992740116207,49.999963326642224
20040.0,1.8304847469758032,1.134711730218704,0.4497453215440363,49.999931342731216,49.99996531634192
20100.0,1.8261501113601901,1.1319619106800365,0.44859083236625436,49.9999350748645,49.99996720048793
20160.0,1.8218205258229616,1.129218525608024,0.44743907333838945,49.999938608437056,49.99996898451628
20220.0,1.8174960601583527,1.1264815629437481,0.4462901494181384,49.99994195382966,49.999970673629576
20280.0,1.8131767828380587,1.1237510099736951,0.44514413220011295,49.999945120875985,49.99997227276809
20340.0,1.8088627609399264,1.1210268534981305,0.44400107090638763,49.99994811885998,49.99997378660344
20400.0,1.8045540603803214,1.1183090800213995,0.44286100228662156,49.99995095662555,49.99997521958952
20460.0,1.800250745761066,1.1155976758019763,0.4417239531146879,49.999953642538735,49.9999765759421
20520.0,1.7959528804617075,1.1128926268922008,0.4405899414290312,49.99995618453088,49.99997785965997
20580.0,1.791660526667015,1.1101939192454922,0.43945898145344925,49.999958590133865,49.99997907454054
20640.0,1.7873737454000418,1.107501538724441,0.4383310828693024,49.99996086650391,49.99998022419249
20700.0,1.783092596524126,1.1048154711108875,0.43720625111635325,49.99996302043168,49.99998131204091
20760.0,1.7788171387784402,1.10213570215699,0.43608448926145377,49.999965058378955,49.999982341345245
20820.0,1.7745474297424195,1.0994622175354323,0.43496579630541404,49.99996698643883,49.999983315179605
20880.0,1.770283525894352,1.0967950029070646,0.43385016939190935,49.99996881039441,49.999984236461806
20940.0,1.7660254826626174,1.0941340439835583,0.43273760581584203,49.99997053577207,49.9999851079798
21000.0,1.7617733542940475,1.0914793263645306,0.4316280976840257,49.99997216770589,49.99998593232462
21060.0,1.757527194164132,1.0888308358431467,0.4305216413284818,49.999973711231064,49.99998671203617
21120.0,1.7532870543963743,1.0861885580639539,0.42941822710051736,49.99997517093451,49.99998744942928
21180.0,1.749052986307015,1.0835524788426503,0.4283178482281802,49.99997655134055,49.999988146786656
21240.0,1.7448250400563003,1.0809225839538785,0.4272204953346886,49.99997785661913,49.99998880621242
21300.0,1.7406032648842467,1.0782988592361058,0.42612615886309757,49.99997909077146,49.999989429725666
21360.0,1.7363877090891542,1.075681290586397,0.42503482899205636,49.99998025761447,49.99999001925258
21420.0,1.7321784199545927,1.0730698639266498,0.4239464949685933,49.99998136072079,49.99999057659606
21480.0,1.7279754439980077,1.0704645652688787,0.4228611464363486,49.99998240359719,49.9999911035259
21540.0,1.723778826500647,1.0678653806131169,0.42177877126835533,49.99998338935933,49.999991601614575
21600.0,1.7195886122457518,1.0652722961444085,0.4206993423088975,49.99998432097387,49.99999207236006
21660.0,1.7154053510375151,1.0626854689906309,0.4196178441883202,49.99998520130352,49.99999251738864
21720.0,1.7112295901211287,1.0601050767811462,0.41853576369521933,49.9999860330507,49.999992937977844
21780.0,1.707061365967365,1.057531122052261,0.4174546983272815,49.999986818854524,49.99999333539167
21840.0,1.702900714403227,1.054963601214123,0.4163751975801701,49.999987561220095,49.99999371086733
21900.0,1.6987476703542717,1.0524025077552812,0.41529756116192906,49.999988262512225,49.99999406558347
21960.0,1.6946022679002941,1.0498478335900556,0.4142219932235146,49.999988924976016,49.99999440066488
22020.0,1.6904645401946956,1.0472995693207345,0.41314862990335904,49.99998955072431,49.99999471717457
22080.0,1.6863345195687827,1.0447577047436016,0.4120775735707925,49.999990141759014,49.999995016121986
22140.0,1.6822122374870185,1.042222228976014,0.4110089010505137,49.99999069997013,49.99999529846177
22200.0,1.6780977245813922,1.0396931306523192,0.4099426736228279,49.999991227145664,49.99999556509778
22260.0,1.6739910106734075,1.0371703980285267,0.4088789410162688,49.99999172497883,49.99999581688635
22320.0,1.669892124785655,1.0346540190375404,0.40781774312916597,49.99999219507253,49.99999605463845
22380.0,1.6658010951586733,1.0321439813777198,0.40675911320689107,49.999992638947205,49.9999962791235
22440.0,1.661717949235617,1.0296402724314684,0.4057030749218942,49.99999305803366,49.999996491065886
22500.0,1.6576427137188359,1.0271428795225392,0.4046496518425796,49.999993453696966,49.99999669115645
22560.0,1.653575414510931,1.0246517896453204,0.40359885735771045,49.999993827211526,49.99999688004055
22620.0,1.6495160768230452,1.0221669898653511,0.4025507084686732,49.99999417980276,49.99999705833838
22680.0,1.645464725079211,1.0196884669761146,0.40150521417547425,49.99999451261087,49.99999722662723
22740.0,1.6414213830387259,1.0172162078305258,0.4004623854358677,49.99999482673334,49.99999738546258
22800.0,1.6373860737018209,1.0147501991033667,0.39942222844010905,49.99999512319278,49.999997535362056
22860.0,1.6333588194142448,1.0122904274800553,0.3983847491671902,49.99999540296981,49.99999767682201
22920.0,1.629339641816352,1.0098368795620138,0.3973499513770154,49.999995666986365,49.999997810309104
22980.0,1.625328561892213,1.0073895419318963,0.3963178378658678,49.99999591612032,49.999997936267704
23040.0,1.6213255998696199,1.0049484010546887,0.39528840855508846,49.999996151178145,49.99999805510598
23100.0,1.6173307754686765,1.0025134435095724,0.3942616652953329,49.999996372960474,49.99999816722918
23160.0,1.61334410763056,1.0000846557385221,0.39323760653309775,49.999996582191194,49.99999827300366
23220.0,1.6093656146642363,0.997662024176944,0.39221623006971273,49.99999677955509,49.999998372776005
23280.0,1.6053953144112814,0.9952455353859107,0.3911975357562503,49.99999696573838,49.99999846689346
23340.0,1.6014332238848865,0.9928351757634307,0.39018151961594727,49.99999714134004,49.99999855565913
23400.0,1.5974793577832014,0.9904309311943976,0.3891682083154899,49.99999730694262,49.99999863936762
23460.0,1.59353364003054,0.9880327575074092,0.3881584760358933,49.99999746312986,49.99999871830843
23520.0,1.58959598511034,0.9856406035856913,0.3871520996751455,49.99999761042505,49.99999879274895
23580.0,1.5856664114565857,0.9832544536490765,0.3861487534281919,49.99999774932475,49.99999886294294
23640.0,1.581744933272489,0.9808742918598872,0.38514832217070943,49.99999788029806,49.99999892912878
23700.0,1.5778315657263282,0.9785001035504034,0.3841507408464323,49.99999800378613,49.999998991530134
23760.0,1.5739263232226302,0.9761318742630904,0.3831559625980877,49.99999812020968,49.99999905036019
23820.0,1.5700292194886978,0.9737695897719356,0.3821639528243905,49.9999982299663,49.999999105820194
23880.0,1.566140267697622,0.9714132360713225,0.3811746845492244,49.99999833343062,49.999999158099726
23940.0,1.562259480259127,0.969062799398791,0.3801881364512458,49.99999843094617,49.999999207372504
24000.0,1.5583868697149657,0.9667182659384729,0.37920428573534476,49.999998522862334,49.999999253815254
24060.0,1.5545224473536439,0.9643796221937997,0.37822311613964954,49.99999860948141,49.9999992975808
24120.0,1.5506662248087657,0.9620468545609665,0.37724460895753675,49.999998691119835,49.99999933882918
24180.0,1.5468182124610685,0.959719949718931,0.3762687507015668,49.99999876804918,49.99999937769764
24240.0,1.5429784205379558,0.9573988943418688,0.3752955270001133,49.999998840538304,49.99999941432214
24300.0,1.5391468588717907,0.9550836751832497,0.3743249247553099,49.999998908842684,49.99999944883181
24360.0,1.5353235354240875,0.9527742792755426,0.37335693312985074,49.999998973163095,49.999999481328146
24420.0,1.5315084604483191,0.9504706932977596,0.3723915380587967,49.999999033768546,49.99999951194716
24480.0,1.527701641944366,0.9481729042659701,0.3714287282998532,49.999999090863284,49.999999540792075
24540.0,1.5239030870079209,0.9458808993286633,0.37046849364389356,49.999999144626045,49.99999956795323
24600.0,1.5201128049269486,0.9435946653132714,0.36951082137679664,49.99999919529735,49.999999593552225
24660.0,1.5163308001527274,0.9413141897244393,0.36855570335209026,49.99999924298974,49.999999617645905
24720.0,1.512557081054928,0.939039459523119,0.36760312787524374,49.99999928791809,49.999999640342914
24780.0,1.5087916539587263,0.936770461945839,0.3666530848488545,49.999999330246574,49.999999661726214
24840.0,1.5050345231374294,0.9345071844986714,0.36570556555809386,49.99999937009075,49.99999968185422
24900.0,1.5012856944658555,0.9322496144776747,0.36476056022055753,49.99999940760399,49.99999970080445
24960.0,1.497545173134893,0.9299977392463141,0.3638180587443092,49.99999944293453,49.99999971865183
25020.0,1.4938129635124857,0.9277515462957605,0.36287805226591546,49.99999947620141,49.9999997354565
25080.0,1.4900890696060116,0.9255110231600051,0.36194053200887005,49.99999950751734,49.99999975127544
25140.0,1.4863734950365493,0.9232761574204056,0.3610054893408921,49.99999953698756,49.99999976616182
25200.0,1.482666243281052,0.9210469367029995,0.36007291349388243,49.99999956472322,49.99999978017186
25260.0,1.4789675930172201,0.918823439666152,0.3591400456531551,49.999999590826384,49.99999979336031
25320.0,1.475277821478998,0.9166057566139574,0.3582077164995497,49.99999961538791,49.999999805771495
25380.0,1.4715969266510198,0.9143938842482285,0.35727680022053326,49.99999963849755,49.99999981744962
25440.0,1.4679249065718307,0.9121878158701094,0.3563475897795004,49.99999966024,49.999999828436934
25500.0,1.4642617589645834,0.9099875432341238,0.35542025237294556,49.99999968069513,49.99999983877358
25560.0,1.4606074811720033,0.9077930570348907,0.3544948894469111,49.99999969993772,49.99999984849722
25620.0,1.4569620702587134,0.9056043474439094,0.3535715784182635,49.999999718038815,49.99999985764369
25680.0,1.4533255229638729,0.903421404123142,0.35265037453806486,49.99999973506527,49.99999986624676
25740.0,1.4496978356906318,0.9012442163409693,0.3517313181411769,49.99999975107974,49.99999987433811
25800.0,1.4460790045572622,0.8990727731220735,0.3508144418318827,49.99999976614161,49.99999988194778
25860.0,1.4424690253646926,0.8969070632394005,0.3498997701223222,49.99999978030657,49.99999988910393
25920.0,1.438867893615854,0.894747075281158,0.3489873224488416,49.99999979362699,49.999999895833085
25980.0,1.435275604531888,0.8925927977283449,0.34807711601180064,49.99999980615241,49.999999902160305
26040.0,1.431692153057109,0.8904442189393478,0.34716916442039697,49.99999981792955,49.9999999081092
26100.0,1.4281175338573446,0.8883013271590884,0.3462634783630007,49.99999982900232,49.99999991370199
26160.0,1.4245517413371085,0.8861641105650963,0.3453600667171557,49.99999983941224,49.99999991895972
26220.0,1.4209947696448948,0.8840325572795871,0.34445893704095076,49.999999849198694,49.99999992390229
26280.0,1.4174466126423,0.881906655288186,0.343560093192269,49.99999985839794,49.99999992854806
26340.0,1.4139072639740717,0.8797863926140145,0.3426635403076633,49.99999986704505,49.99999993291477
26400.0,1.4103767170141344,0.8776717571863445,0.3417692810448859,49.99999987517246,49.999999937018806
26460.0,1.4068549648828772,0.8755627368718973,0.3408773163643055,49.99999988281043,49.99999994087548
26520.0,1.4033420005235735,0.8734593196303565,0.3399876496668809,49.99999988998876,49.99999994449988
26580.0,1.3998378165669587,0.8713614932543262,0.3391002800801077,49.99999989673375,49.9999999479053
26640.0,1.3963424054969318,0.8692692456347297,0.3382152087641861,49.99999990307177,49.99999995110509
26700.0,1.3928557595309714,0.8671825645955068,0.337332435300837,49.999999909026755,49.999999954111345
26760.0,1.3893778706706947,0.8651014379462761,0.33645195868196986,49.999999914621235,49.99999995693546
26820.0,1.385908730752433,0.8630258535288615,0.33557377811854405,49.99999991987726,49.99999995958858
26880.0,1.3824483313383116,0.8609557991299179,0.33469789167330866,49.99999992481439,49.999999962080594
26940.0,1.3789966638292095,0.8588912625605069,0.33382429744735137,49.999999929451725,49.999999964421164
27000.0,1.375553720143408,0.8568322318571964,0.3329529718458334,49.99999993380749,49.99999996661953
27060.0,1.3721200091119983,0.8547788654166273,0.3320787193209152,49.999999937897876,49.99999996868482
27120.0,1.368696035760189,0.8527313434288559,0.3312031061011563,49.999999941738224,49.99999997062434
27180.0,1.3652817825457648,0.8506896710681215,0.33032782445546993,49.99999994534373,49.999999972445366
27240.0,1.3618772314626033,0.8486538464978685,0.3294534478839211,49.999999948728615,49.99999997415495
27300.0,1.358482364523061,0.846623864861117,0.32858030656021325,49.99999995190634,49.99999997575982
27360.0,1.3550971635385773,0.844599719282243,0.32770861099365534,49.99999995488945,49.999999977266256
27420.0,1.3517216101760008,0.842581401565074,0.32683851247141515,49.999999957689724,49.99999997868023
27480.0,1.3483556859687955,0.8405689025906743,0.3259701282529899,49.99999996031827,49.99999998000732
27540.0,1.3449993723123925,0.8385622125018604,0.32510354966470023,49.99999996278548,49.999999981252806
27600.0,1.3416526504657087,0.8365613208113918,0.3242388478810518,49.99999996510114,49.999999982421656
27660.0,1.3383155015578205,0.8345662165707193,0.32337608241531446,49.999999967274455,49.99999998351849
27720.0,1.3349879065881813,0.8325768883648395,0.32251529977723004,49.99999996931407,49.9999999845477
27780.0,1.3316698464337315,0.8305933245005513,0.32165654202653415,49.99999997122808,49.99999998551343
27840.0,1.3283613018517577,0.8286155130154955,0.32079984523643773,49.99999997302414,49.99999998641954
27900.0,1.3250622534816912,0.8266434416842018,0.319945239586892,49.99999997470943,49.99999998726964
27960.0,1.321772681849606,0.8246770980779565,0.3190927512973776,49.9999999762907,49.999999988067145
28020.0,1.3184925673705092,0.8227164695772533,0.3182424027588906,49.999999977774316,49.999999988815304
28080.0,1.3152218903471722,0.8207615433602737,0.31739421245285787,49.99999997916621,49.999999989517114
28140.0,1.3119606309833807,0.8188123065191353,0.3165481978783369,49.99999998047199,49.99999999017543
28200.0,1.3087087693724255,0.8168687459471233,0.31570437245081595,49.999999981696874,49.99999999079288
28260.0,1.3054662855194628,0.8149308485207123,0.31486275022552496,49.99999998284586,49.999999991371986
28320.0,1.3022331593222827,0.8129986009340271,0.3140233415256389,49.99999998392355,49.999999991915075
28380.0,1.2990093705977888,0.8110719898758537,0.31318615711384085,49.99999998493436,49.99999999242441
28440.0,1.2957948990608636,0.8091510018927324,0.3123512051145861,49.999999985882354,49.99999999290202
28500.0,1.2925897243503397,0.8072356235119538,0.31151849337134596,49.99999998677141,49.99999999334988
28560.0,1.289393826014689,0.8053258411733651,0.3106880282716865,49.99999998760514,49.999999993769826
28620.0,1.2862071835301494,0.803421641291349,0.30985981569552,49.99999998838704,49.999999994163595
28680.0,1.2830297762633696,0.8015230101500941,0.30903385946007544,49.999999989120155,49.99999999453275
28740.0,1.2798615835142397,0.7996299340212516,0.3082101631062297,49.99999998980746,49.999999994878785
28800.0,1.2767025842646926,0.7977423991204018,0.3073887364372215,49.999999990451826,49.999999995203176
28860.0,1.2735525984367306,0.7958603391038491,0.3065712273212262,49.999999991056,49.99999999550722
28920.0,1.2704114466670218,0.7939836805128282,0.3057571361293454,49.99999999162244,49.99999999579222
28980.0,1.2672791102504524,0.7921124039367483,0.304945930705732,49.99999999215345,49.999999996059366
29040.0,1.2641555712849049,0.7902464923749252,0.30413742494756657,49.999999992651254,49.999999996309754
29100.0,1.2610408113098712,0.7883859296986062,0.30333151731850105,49.99999999311788,49.99999999654442
29160.0,1.2579348118252254,0.7865307003958666,0.3025281412213402,49.999999993555235,49.999999996764366
29220.0,1.254837554291251,0.7846807893156558,0.30172724525278494,49.99999999396515,49.99999999697047
29280.0,1.2517490200959431,0.7828361816458147,0.30092879182788573,49.999999994349324,49.99999999716361
29340.0,1.248669190543583,0.78099686283762,0.30013275219311375,49.99999999470935,49.99999999734459
29400.0,1.2455980468695136,0.7791628185130401,0.2993391021134354,49.99999999504669,49.99999999751416
29460.0,1.242535570253912,0.7773340344097369,0.29854781993797985,49.99999999536278,49.99999999767303
29520.0,1.239481741830284,0.7755104963676179,0.2977588865355577,49.99999999565898,49.999999997821874
29580.0,1.2364365426252417,0.7736921904339399,0.2969722873308289,49.999999995936484,49.999999997961325
29640.0,1.2333999536404043,0.7718791026734985,0.29618800762050135,49.99999999619648,49.99999999809195
29700.0,1.2303719557851318,0.7700712193017932,0.2954060355743037,49.99999999644004,49.999999998214314
29760.0,1.2273525299408254,0.7682685265399468,0.29462635874824683,49.99999999666822,49.99999999832893
29820.0,1.224341656910775,0.7664710107568826,0.293848967874692,49.999999996881975,49.999999998436294
29880.0,1.2213393174529552,0.7646786583052472,0.293073851869416,49.99999999708219,49.99999999853684
29940.0,1.218345492257735,0.7628914556791637,0.2923010028312968,49.99999999726968,49.999999998631004
30000.0,1.2153601619813608,0.7611093893467139,0.29153041112089295,49.99999999744529,49.99999999871918
30060.0,1.212383307214435,0.7593324458768318,0.29076206886255185,49.99999999760975,49.999999998801755
30120.0,1.2094149085098915,0.7575606118607202,0.2899959680154506,49.99999999776375,49.99999999887907
30180.0,1.2064549463728527,0.755793873932973,0.2892321008222024,49.99999999790795,49.999999998951445
30240.0,1.2035034012598382,0.7540322187822228,0.28847046009384053,49.99999999804295,49.99999999901921
30300.0,1.2005602535931916,0.7522756331254294,0.2877110386877773,49.99999999816936,49.99999999908265
30360.0,1.1976254837495095,0.7505241037266182,0.28695382981112816,49.9999999982877,49.99999999914204
30420.0,1.1946990720894677,0.7487776173678452,0.2861988264854468,49.999999998398515,49.99999999919764
30480.0,1.1917809988909547,0.7470361609060248,0.28544602270268293,49.99999999850226,49.99999999924969
30540.0,1.1888712444030538,0.7452997212278489,0.2846954124961942,49.99999999859936,49.9999999992984
30600.0,1.1859697894492667,0.7435682854431254,0.2839469702947341,49.9999999986902,49.99999999934396
30660.0,1.1830769094588325,0.7418419382076945,0.2831975762604572,49.99999999877522,49.99999999938662
30720.0,1.1801928782385784,0.7401207777382873,0.2824481676213963,49.99999999885477,49.99999999942654
30780.0,1.1773176709884694,0.7384048015998709,0.2816997698201645,49.999999998929205,49.99999999946388
30840.0,1.174451262328886,0.7366940029332748,0.28095272315438197,49.99999999899884,49.999999999498826
30900.0,1.1715936272306164,0.7349883731299007,0.28020722179749036,49.999999999063995,49.99999999953152
30960.0,1.168744740625426,0.7332879023609444,0.27946338805953974,49.999999999124945,49.999999999562085
31020.0,1.1659045774381707,0.7315925800820456,0.2787213114548334,49.99999999918199,49.99999999959069
31080.0,1.1630731126069285,0.7299023951789559,0.2779810584591226,49.99999999923532,49.99999999961743
31140.0,1.1602503210852857,0.7282173360654337,0.2772426785756621,49.99999999928522,49.99999999964245
31200.0,1.1574361778418172,0.7265373908372983,0.2765062115940557,49.99999999933191,49.99999999966586
31260.0,1.1546306578627752,0.7248625472990086,0.2757716888432908,49.99999999937558,49.99999999968775
31320.0,1.15183373615263,0.7231927930185171,0.2750391353415832,49.999999999416396,49.99999999970821
31380.0,1.1490453877368016,0.7215281154191191,0.27430857326352936,49.99999999945461,49.99999999972734
31440.0,1.1462655876633694,0.719868501770953,0.27358002086593264,49.99999999949032,49.99999999974524
31500.0,1.143494311004681,0.7182139392104445,0.27285349320745705,49.99999999952372,49.99999999976197
31560.0,1.1407315328603944,0.7165644147763328,0.27212900318283934,49.99999999955496,49.99999999977762
31620.0,1.137977228356559,0.714919915397909,0.27140656117342216,49.99999999958416,49.99999999979225
31680.0,1.1352313726453531,0.7132804278944671,0.2706861750419169,49.99999999961147,49.999999999805915
31740.0,1.1324939409169301,0.7116459390918262,0.26996785331923706,49.999999999637005,49.9999999998187
31800.0,1.1297649083808685,0.7100164356361564,0.26925160006712173,49.99999999966088,49.99999999983064
31860.0,1.1270442502971787,0.7083919042807564,0.2685374223167286,49.999999999683205,49.99999999984181
31920.0,1.1243319419431428,0.7067723315921403,0.26782532271140863,49.99999999970407,49.99999999985225
31980.0,1.1216279586463145,0.7051577042063898,0.2671153054044061,49.999999999723585,49.99999999986201
32040.0,1.1189322757636058,0.7035480086831297,0.2664073729559785,49.99999999974181,49.999999999871136
32100.0,1.1162448686921242,0.7019432315617996,0.2657015272925628,49.99999999975884,49.99999999987966
32160.0,1.1135657128717804,0.7003433593797272,0.26499777008235087,49.999999999774765,49.99999999988763
32220.0,1.110894783778012,0.6987483786333321,0.26429610210987553,49.999999999789644,49.99999999989506
32280.0,1.108232056937963,0.6971582758457696,0.26359652426162894,49.999999999803556,49.999999999902016
32340.0,1.1055775079025483,0.6955730374595864,0.2628990359847668,49.99999999981656,49.99999999990852
32400.0,1.10293111194699,0.6939926498149576,0.262203645515383,49.99999999982872,49.99999999991459
32460.0,1.1002927095373285,0.6924170544437084,0.2615118352803056,49.99999999984008,49.99999999992026
32520.0,1.0976621414606613,0.6908461862171698,0.26082314626460645,49.99999999985069,49.999999999925556
32580.0,1.0950393856766851,0.689280026596423,0.2601370931422448,49.99999999986059,49.99999999993051
32640.0,1.0924244205625702,0.6877185591120492,0.25945350346094315,49.99999999986984,49.999999999935135
32700.0,1.0898172244725566,0.6861617683005112,0.25877228658903245,49.999999999878504,49.99999999993945
32760.0,1.0872177756694696,0.6846096391323101,0.25809337619377054,49.9999999998866,49.99999999994349
32820.0,1.084626052442946,0.6830621570044979,0.25741672598041426,49.99999999989413,49.99999999994726
32880.0,1.0820420331478613,0.6815193076733795,0.25674230239664847,49.99999999990118,49.99999999995078
32940.0,1.0794656961586486,0.6799810770106172,0.2560700749383979,49.99999999990779,49.99999999995406
33000.0,1.0768970198878793,0.6784474511164318,0.25540001949233565,49.99999999991393,49.999999999957126
33060.0,1.0743359827859913,0.6769184162799592,0.25473211648153643,49.99999999991967,49.99999999996
33120.0,1.0717825633213807,0.6753939588491862,0.2540663473125838,49.999999999925045,49.99999999996269
33180.0,1.069236740012971,0.6738740653711395,0.2534026975281049,49.99999999993007,49.999999999965176
33240.0,1.0666984914000173,0.6723587224248798,0.252741152589493,49.99999999993475,49.999999999967514
33300.0,1.0641677960601743,0.6708479167286583,0.25208170076825687,49.99999999993912,49.99999999996969
33360.0,1.0616446326062812,0.6693416350449053,0.25142433001474096,49.99999999994319,49.99999999997173
33420.0,1.0591289796834469,0.6678398642390047,0.2507690302542626,49.999999999947,49.99999999997363
33480.0,1.0566208159715322,0.66634259120778,0.25011579095549474,49.99999999995056,49.99999999997541
33540.0,1.0541201201839558,0.6648498029339717,0.24946460297795503,49.99999999995388,49.999999999977064
33600.0,1.0516268710681005,0.6633614864386577,0.24881545718260006,49.99999999995698,49.999999999978606
33660.0,1.0491410474060532,0.6618776288095685,0.24816834521095368,49.99999999995987,49.99999999998005
33720.0,1.0466626280142926,0.6603982171812249,0.24752325901963723,49.999999999962576,49.99999999998139
33780.0,1.0441915917469313,0.6589232387239088,0.24688019059796343,49.99999999996509,49.99999999998265
33840.0,1.041727917490662,0.6574526806747701,0.2462391326833576,49.99999999996745,49.999999999983814
33900.0,1.0392715841658797,0.6559865303311081,0.2456000786052663,49.99999999996965,49.99999999998491
33960.0,1.0368225707317456,0.6545247750123989,0.24496302146415969,49.999999999971706,49.99999999998594
34020.0,1.0343808561888295,0.6530674020402253,0.24432795369734675,49.999999999973625,49.99999999998689
34080.0,1.0319464195632464,0.6516143988580436,0.2436948696690812,49.99999999997541,49.99999999998777
34140.0,1.0295192399200468,0.6501657529300912,0.2430637634843575,49.99999999997707,49.999999999988596
34200.0,1.0270992984832352,0.6487214523996377,0.24243458854656272,49.99999999997862,49.999999999989384
34260.0,1.024686694765193,0.6472815250700087,0.24180601610806968,49.99999999998007,49.999999999990095
34320.0,1.0222815354965846,0.64584600735762,0.24117838524496898,49.999999999981426,49.99999999999076
34380.0,1.0198837967768455,0.6444148913949759,0.2405521908695181,49.999999999982684,49.9999999999914
34440.0,1.0174934556426645,0.6429881676170968,0.2399275834093903,49.99999999998386,49.999999999991985
34500.0,1.0151104891698062,0.6415658256200208,0.23930464616840297,49.999999999984944,49.999999999992525
34560.0,1.012734874456862,0.6401478545037013,0.23868343385125332,49.99999999998598,49.999999999993044
34620.0,1.0103665886679192,0.6387342429807102,0.238063981053581,49.999999999986926,49.99999999999351
34680.0,1.0080056090233958,0.6373249795535655,0.23744631374912475,49.99999999998782,49.999999999993946
34740.0,1.0056519128010208,0.6359200525502505,0.23683045146327555,49.99999999998865,49.999999999994365
34800.0,1.0033054773189114,0.6345194502030793,0.23621641029398716,49.99999999998943,49.999999999994756
34860.0,1.0009662799585357,0.6331231605993897,0.23560420119535974,49.99999999999014,49.99999999999512
34920.0,0.9986342981749667,0.6317311717180414,0.23499383163222412,49.99999999999082,49.999999999995445
34980.0,0.9963095094585122,0.6303434715324984,0.23438530913845487,49.999999999991445,49.99999999999575
35040.0,0.9939918913653453,0.6289600479051977,0.23377863744632715,49.999999999992035,49.99999999999605
35100.0,0.9916814215120416,0.6275808887084571,0.23317382088680025,49.99999999999258,49.99999999999632
35160.0,0.9893780775710828,0.6262059817421088,0.23257086126224402,49.99999999999309,49.99999999999657
35220.0,0.9870818372744422,0.6248353148238185,0.2319697609232313,49.99999999999356,49.99999999999681
35280.0,0.9847926784120238,0.6234688757292337,0.23137052066513292,49.99999999999399,49.99999999999703
35340.0,0.9825105788322727,0.6221066522363093,0.23077314111916825,49.999999999994415,49.99999999999723
35400.0,0.9802355164433144,0.6207486321086687,0.2301776221521824,49.999999999994806,49.999999999997414
35460.0,0.9779674692119682,0.6193948031009275,0.22958396309340534,49.999999999995154,49.9999999999976
35520.0,0.9757064151688473,0.6180451529965374,0.22899216349346035,49.999999999995495,49.99999999999776
35580.0,0.9734523323987921,0.6166996695291352,0.22840222150174547,49.999999999995815,49.99999999999791
35640.0,0.9712051990474145,0.6153583404371511,0.22781413498668485,49.99999999999609,49.99999999999806
35700.0,0.9689649933260867,0.6140211535223388,0.22722790277013682,49.999999999996355,49.9999999999982
35760.0,0.9667316935028835,0.6126880965504902,0.22664352254552375,49.999999999996604,49.99999999999832
35820.0,0.9645052779041119,0.6113591572682114,0.22606099122952722,49.99999999999684,49.99999999999844
35880.0,0.9622857249192082,0.6100343234608473,0.2254803061358859,49.99999999999706,49.999999999998536
35940.0,0.960073013001527,0.6087135829652646,0.22490146520327597,49.999999999997264,49.999999999998636
36000.0,0.9578671223684018,0.6073969241692634,0.2243244360723517,49.99999999999744,49.99999999999874
36060.0,0.9556680844224864,0.6060843527552283,0.223748616896895,49.99999999999762,49.99999999999882
36120.0,0.9534759397915819,0.6047758802743439,0.22317413736702318,49.99999999999779,49.99999999999891
36180.0,0.9512906624078064,0.6034714957268349,0.22260124884848684,49.99999999999794,49.999999999998984
36240.0,0.9491122317459478,0.6021711888709932,0.2220300175810496,49.999999999998096,49.99999999999904
36300.0,0.9469406253667998,0.6008749484927797,0.22146048522899967,49.999999999998224,49.999999999999126
36360.0,0.9447758209560673,0.5995827630866234,0.2208926751388046,49.99999999999834,49.99999999999919
36420.0,0.9426177963598673,0.5982946210731972,0.2203266046168393,49.999999999998465,49.99999999999923
36480.0,0.9404665295654785,0.5970105107763254,0.2197622851361404,49.99999999999857,49.9999999999993
36540.0,0.938321998623061,0.5957304204251564,0.21919972438101784,49.999999999998664,49.99999999999934
36600.0,0.9361841816398186,0.5944543381794873,0.21863892753188344,49.99999999999876,49.99999999999938
36660.0,0.9340530568103786,0.593182252143581,0.21807989769452013,49.99999999999884,49.99999999999943
36720.0,0.9319286022944206,0.5919141504604628,0.21752263929978885,49.99999999999892,49.99999999999947
36780.0,0.9298107964389914,0.5906500211712904,0.2169671527435881,49.99999999999899,49.9999999999995
36840.0,0.9276996175307812,0.589389852365714,0.21641344016069608,49.999999999999055,49.99999999999953
36900.0,0.9255950440456182,0.5881336320656546,0.21586150062878695,49.999999999999126,49.99999999999957
36960.0,0.9234970544065048,0.5868813483290543,0.21531133454962528,49.9999999999992,49.999999999999595
37020.0,0.9214056272345186,0.5856329891773923,0.21476294008118466,49.999999999999254,49.99999999999962
37080.0,0.919320741108912,0.5843885426688302,0.214216316583152,49.99999999999931,49.99999999999965
37140.0,0.9172423747060017,0.5831479968449695,0.2136714623580399,49.99999999999936,49.99999999999968
37200.0,0.9151705067723894,0.581911339731079,0.21312837483310695,49.999999999999396,49.99999999999971
37260.0,0.9131051161167212,0.5806785594301199,0.21258705280458542,49.99999999999943,49.99999999999973
37320.0,0.9110461816133331,0.579449643983903,0.21204749323089725,49.99999999999947,49.999999999999744
37380.0,0.9089936821993335,0.5782245814677771,0.21150969337293637,49.99999999999951,49.99999999999976
37440.0,0.9069475968668197,0.5770033600103531,0.21097365115681396,49.999999999999545,49.99999999999977
37500.0,0.9049079046816284,0.5757859677027207,0.2104393633068613,49.99999999999958,49.999999999999794
37560.0,0.9028745847652796,0.5745723926764413,0.20990682688498336,49.999999999999616,49.99999999999982
37620.0,0.9008476162981816,0.5733626230881919,0.20937603897584708,49.999999999999645,49.99999999999984
37680.0,0.8988269785297288,0.5721566470900931,0.20884699620896285,49.999999999999666,49.99999999999984
37740.0,0.8968126507672548,0.570954452864125,0.2083196952745208,49.99999999999968,49.99999999999984
37800.0,0.8948046132319827,0.5697560288944392,0.20779411538952317,49.999999999999716,49.99999999999986
37860.0,0.8928028952911932,0.568561380291382,0.20726964635008274,49.99999999999972,49.999999999999865
37920.0,0.8908075314112228,0.5673705167646733,0.20674645317464377,49.999999999999744,49.99999999999988
37980.0,0.8888184986398825,0.5661834282068667,0.20622475365955784,49.99999999999977,49.999999999999886
38040.0,0.8868357761370794,0.5650001043695315,0.20570461912135835,49.99999999999978,49.999999999999886
38100.0,0.8848593424074561,0.5638205343376305,0.20518608595395443,49.999999999999794,49.99999999999991
38160.0,0.8828891761956342,0.562644707061872,0.20466917765172546,49.999999999999815,49.9999999999999
38220.0,0.8809252563634872,0.5614726113460828,0.20415390894126587,49.99999999999982,49.999999999999915
38280.0,0.8789675618364606,0.5603042358724499,0.2036402891149942,49.99999999999982,49.99999999999992
38340.0,0.8770160715868386,0.5591395692635709,0.2031283251747043,49.999999999999844,49.99999999999992
38400.0,0.8750707646503271,0.5579786001051348,0.20261802249161645,49.999999999999865,49.99999999999992
38460.0,0.8731316200972372,0.5568213169537993,0.2021093852132038,49.99999999999987,49.999999999999936
38520.0,0.8711986171326553,0.5556677082976057,0.2016024143295685,49.999999999999886,49.99999999999994
38580.0,0.8692717349463114,0.5545177626520621,0.2010971118794434,49.999999999999886,49.99999999999994
38640.0,0.8673509528814934,0.5533714684777791,0.20059347711781628,49.99999999999989,49.99999999999994
38700.0,0.8654362502823699,0.5522288142796068,0.2000915107369807,49.99999999999989,49.99999999999994
38760.0,0.8635276065848659,0.5510897885068734,0.19959121103445426,49.9999999999999,49.99999999999995
38820.0,0.8616250012892287,0.5499543796498574,0.19909257708983916,49.99999999999991,49.999999999999964
38880.0,0.8597284139626409,0.5488225761916664,0.19859560729962492,49.99999999999992,49.999999999999964
38940.0,0.8578378242369221,0.5476943666114147,0.19810029940518264,49.99999999999994,49.99999999999996
39000.0,0.8559532118054002,0.5465697394329506,0.1976066518353436,49.99999999999995,49.999999999999964
39060.0,0.8540745564315216,0.5454486831527584,0.1971146618277004,49.999999999999936,49.99999999999997
39120.0,0.8522018379359282,0.5443311863164181,0.19662432717877734,49.999999999999936,49.99999999999997
39180.0,0.8503350362089219,0.54321723745771,0.19613564502041828,49.99999999999994,49.99999999999997
39240.0,0.8484741312026759,0.5421068251394923,0.19564861252376983,49.99999999999996,49.999999999999964
39300.0,0.8466191029336546,0.5409999379381926,0.19516322666368144,49.99999999999996,49.99999999999997
39360.0,0.844769931482944,0.5398965644515832,0.19467948435433446,49.999999999999964,49.999999999999986
39420.0,0.8429265969955715,0.5387966933053692,0.19419738253330202,49.99999999999997,49.99999999999998
39480.0,0.8410890796808589,0.5377003131152579,0.19371691756296472,49.99999999999998,49.99999999999998
39540.0,0.8392573598122717,0.5366074125231673,0.19323808580790028,49.99999999999997,49.99999999999998
39600.0,0.8374314173616744,0.5355179800700685,0.19276089380831748,49.999999999999964,49.999999999999986
39660.0,0.8356111856400799,0.534431988467965,0.1922859392980046,49.999999999999964,49.999999999999986
39720.0,0.8337965965525284,0.5333494071312916,0.19181303491727628,49.99999999999997,49.999999999999986
39780.0,0.8319876323083428,0.5322702230387905,0.19134196946800733,49.99999999999998,49.999999999999986
39840.0,0.8301842739486074,0.5311944235756698,0.19087266863427632,49.99999999999998,49.999999999999986
39900.0,0.8283865030788513,0.5301219967155789,0.1904050886477338,49.99999999999997,49.99999999999999
39960.0,0.8265943013527223,0.529052930728156,0.1899392023400768,49.999999999999986,49.999999999999986
40020.0,0.8248076504240412,0.5279872140384323,0.18947498844965716,49.99999999999999,49.99999999999999
40080.0,0.8230265319982439,0.526924835198413,0.18901242934707987,49.99999999999999,49.99999999999999
40140.0,0.8212509278240515,0.5258657828495032,0.188551509799199,49.999999999999986,49.99999999999999
40200.0,0.8194808197175494,0.5248100457610927,0.18809221775610083,49.999999999999986,49.999999999999986
40260.0,0.817716189569342,0.5237576128013769,0.18763454284475653,49.99999999999998,49.99999999999999
40320.0,0.8159570193498196,0.5227084729325187,0.18717847588192196,49.99999999999998,49.99999999999999
40380.0,0.8142032909703555,0.5216626150393266,0.1867240064677453,49.999999999999986,49.99999999999999
40440.0,0.8124549865547503,0.520620028257202,0.18627112757677675,49.99999999999999,49.99999999999999
40500.0,0.8107120881020049,0.5195807015701288,0.18581983009096653,49.99999999999999,49.99999999999999
40560.0,0.8089745778695122,0.5185446242367556,0.18537010804388154,49.99999999999999,49.99999999999999
40620.0,0.8072424379525039,0.5175117853414107,0.18492195344324014,49.99999999999999,50.0
40680.0,0.8055156507195979,0.5164821742237147,0.18447536061578038,49.99999999999999,50.00000000000001
40740.0,0.8037941984548113,0.5154557801388832,0.1840303230349977,49.99999999999999,50.0
40800.0,0.8020780635235797,0.5144325923904016,0.18358683413563928,49.99999999999999,50.0
40860.0,0.800367228361267,0.513412600369749,0.1831448885331523,49.999999999999986,50.0
40920.0,0.7986616754550441,0.5123957934868655,0.18270448053023886,49.999999999999986,49.99999999999999
40980.0,0.7969613873496095,0.5113821611683358,0.18226560401032935,49.99999999999999,49.99999999999999
41040.0,0.795266346643098,0.5103716929191408,0.1818282539837914,49.99999999999999,49.99999999999999
41100.0,0.7935765359867597,0.5093643782549209,0.18139242500894237,50.0,50.0
41160.0,0.7918919380834596,0.508360206710751,0.18095811143407398,50.0,50.00000000000001
41220.0,0.7902125356968985,0.5073591678900743,0.18052530831944152,49.99999999999999,50.0
41280.0,0.7885383116409213,0.5063612514141981,0.18009401052359283,49.99999999999998,50.0
41340.0,0.7868692487786157,0.5053664469245033,0.1796642127875975,49.999999999999986,50.0
41400.0,0.7852053305809494,0.5043747442816054,0.17923589334857143,49.99999999999999,50.0
41460.0,0.7835466269068074,0.5033861629071271,0.1788078823185944,50.0,50.0
41520.0,0.7818932087319244,0.5024007279994845,0.17838054573156376,49.99999999999999,50.00000000000001
41580.0,0.7802450570397335,0.5014184330851083,0.17795427229915203,50.0,50.0
41640.0,0.7786021536108644,0.5004392704260809,0.17752919551893642,50.0,50.0
41700.0,0.7769644799090435,0.49946323136834864,0.17710538193586317,50.0,50.0
41760.0,0.775332017560321,0.4984903068623356,0.1766828732181978,49.99999999999999,50.0
41820.0,0.7737047482617854,0.4975204876313011,0.1762616999920314,50.0,49.99999999999999
41880.0,0.7720826537738809,0.496553764182576,0.1758418827991979,50.0,50.0
41940.0,0.7704657159261248,0.49559012686063253,0.1754234356367237,49.999999999999986,50.0
42000.0,0.7688539165924038,0.49462956594246976,0.17500637009194003,49.99999999999999,50.0
42060.0,0.7672472377384557,0.49367207159586257,0.17459069381024103,49.99999999999999,50.0
42120.0,0.7656456613390873,0.49271763399229657,0.17417641453805,50.0,50.0
42180.0,0.764049169473591,0.49176624319656126,0.17376353611756992,50.0,49.99999999999999
42240.0,0.7624577442962946,0.49081788924651903,0.17335206128923178,50.0,49.99999999999999
42300.0,0.7608713679959815,0.48987256217623454,0.17294199250988657,50.0,49.99999999999999
42360.0,0.7592900228322262,0.48893025199290796,0.172533331089506,49.99999999999999,50.0
42420.0,0.7577136911327352,0.48799094867752835,0.17212607715138767,49.999999999999986,50.00000000000001
42480.0,0.7561423552886931,0.48705464223426465,0.17172023114799465,49.999999999999986,50.00000000000001
42540.0,0.7545759977530585,0.48612132262740454,0.17131579197700225,49.99999999999999,50.0
42600.0,0.7530146010390968,0.48519097986973647,0.17091275939796993,49.99999999999999,49.99999999999999
42660.0,0.7514581477251767,0.48426360393599255,0.17051113175812688,49.99999999999999,50.0
42720.0,0.7499066204467703,0.48333918484435257,0.170110907923838,49.99999999999999,50.0
42780.0,0.7483600019045702,0.48241771259347405,0.1697120859222453,50.0,49.99999999999999
42840.0,0.7468182748581912,0.48149917721316404,0.1693146638814828,50.0,49.99999999999999
42900.0,0.7452814221299854,0.48058356872831814,0.1689186394457785,49.99999999999999,50.00000000000001
42960.0,0.7437494266023534,0.4796708772079399,0.16852401057965247,49.99999999999999,50.00000000000001
43020.0,0.7422222712201619,0.47876109269808387,0.16813077443255028,50.0,50.0
43080.0,0.7406999389893859,0.47785420526344047,0.16773892804689997,50.0,50.0
43140.0,0.739182412977169,0.4769502049831522,0.1673484682905923,50.0,50.0
43200.0,0.7376696769391891,0.4760490822008105,0.16695938001924995,49.99999999999999,50.0
43260.0,0.7361617529567578,0.47515084046782124,0.16657111430233498,50.0,49.99999999999999
43320.0,0.7346586646711093,0.47425548636920994,0.1661838346422558,50.0,49.99999999999999
43380.0,0.7331603946734958,0.47336301198044134,0.16579773401934486,50.0,50.0
43440.0,0.731666925522204,0.4724734085849199,0.16541287457536877,49.99999999999999,50.0
43500.0,0.7301782398867632,0.47158666709569963,0.1650292854541588,49.99999999999999,50.0
43560.0,0.7286943205058171,0.4707027782743293,0.16464698672911515,50.0,50.0
43620.0,0.7272151501795233,0.46982173275595945,0.16426599159773703,50.00000000000001,49.99999999999999
43680.0,0.72574071177339,0.4689435210793037,0.16388630811947608,49.99999999999999,50.0
43740.0,0.7242709882338295,0.468068133715561,0.1635079410954588,49.99999999999999,50.00000000000001
43800.0,0.7228059625436039,0.46719556111983,0.1631308946004942,50.0,50.0
43860.0,0.721345617771061,0.4663257937143292,0.16275517094460865,50.0,50.0
43920.0,0.719889936988712,0.46545882192014026,0.1623807723417621,49.99999999999999,50.0
43980.0,0.7184389034304103,0.46459463611460416,0.16200769824244102,49.99999999999999,50.0
44040.0,0.7169925002755352,0.4637332267012238,0.1616359493947803,50.00000000000001,50.0
44100.0,0.7155507108848523,0.46287458405709786,0.1612655241657053,50.0,50.0
44160.0,0.7141135185982119,0.462018698592149,0.16089642207004187,50.00000000000001,50.0
44220.0,0.71268090684325,0.46116556069657827,0.16052864127333144,50.0,50.00000000000001
44280.0,0.7112528591106473,0.460315160772301,0.16016217968894603,49.99999999999999,50.00000000000001
44340.0,0.7098293589522642,0.45946748926290126,0.15979703580411417,49.999999999999986,50.00000000000001
44400.0,0.7084103899824251,0.4586225365798226,0.15943320669799602,49.99999999999999,50.0
44460.0,0.7069959358693257,0.4577802931953533,0.15907069040302996,49.99999999999999,49.99999999999999
44520.0,0.705585980346748,0.4569407495716239,0.158709484174281,50.0,49.99999999999999
44580.0,0.7041805072065535,0.45610389619181047,0.15834958519412115,50.00000000000001,50.0
44640.0,0.7027795002945583,0.45526972357251294,0.1579909908161871,50.00000000000001,50.00000000000001
44700.0,0.7013829435223385,0.45443822223068314,0.15763369793804122,50.00000000000001,50.00000000000001
44760.0,0.6999908208548591,0.45360938271820156,0.15727770356494125,50.00000000000001,50.00000000000001
44820.0,0.6986031163185621,0.4527831955982677,0.1569230044846726,50.0,50.0
44880.0,0.6972198139965248,0.4519596514638959,0.1565695975236637,49.99999999999999,49.99999999999999
44940.0,0.6958408980290393,0.45113874093513406,0.15621747950554188,49.999999999999986,49.99999999999999
45000.0,0.6944663526191741,0.45032045463169906,0.15586664684020804,49.999999999999986,49.999999999999986
45060.0,0.6930961620269755,0.4495047832019151,0.15551709596000446,49.999999999999986,49.99999999999999
45120.0,0.6917303105712057,0.4486917173140354,0.15516882318895073,49.99999999999999,49.99999999999999
45180.0,0.6903687826105227,0.4478812477219503,0.15482182578200154,49.99999999999999,49.99999999999999
45240.0,0.6890115625843729,0.4470733651224212,0.15447609966693857,49.99999999999999,49.99999999999999
45300.0,0.6876586349831035,0.4462680602594247,0.15413164109479296,49.99999999999999,50.0
45360.0,0.6863099843548276,0.445465323900186,0.15378844626074212,49.99999999999999,50.0
45420.0,0.684965595292064,0.44466514686590514,0.15344651175399604,50.0,50.0
45480.0,0.6836254524428627,0.44386752000583224,0.15310583417708093,50.0,50.0
45540.0,0.6822895405306817,0.4430724341509522,0.1527664094655937,50.0,50.0
45600.0,0.6809578443275612,0.4422798801764931,0.15242823380625864,50.0,50.0
45660.0,0.6796303486613241,0.44148984898386284,0.15209130336775345,50.00000000000001,50.0
45720.0,0.6783070383855779,0.44070233154201754,0.15175561482238564,50.00000000000001,50.0
45780.0,0.6769878984505497,0.43991731878977625,0.15142116411424966,50.00000000000001,49.99999999999999
45840.0,0.675672913848146,0.4391348017115859,0.15108794741464715,50.00000000000001,49.99999999999999
45900.0,0.674362069626356,0.4383547713176599,0.15075596087161897,50.0,49.99999999999999
45960.0,0.673055350873437,0.43757721865489363,0.15042520072469281,49.99999999999999,49.99999999999999
46020.0,0.6717527427370595,0.436802134793649,0.15009566316596418,49.99999999999999,49.99999999999999
46080.0,0.6704542304331931,0.43602951082162167,0.1497673442756325,49.999999999999986,49.99999999999999
46140.0,0.6691597992258655,0.4352593378578108,0.1494402401688541,49.99999999999999,50.0
46200.0,0.6678694344290618,0.4344916070497991,0.14911434697143086,50.0,50.00000000000001
46260.0,0.6665831213772622,0.4337263095860566,0.14878966097363344,49.99999999999999,50.00000000000001
46320.0,0.665300845517761,0.4329634366573784,0.1484661781481786,49.99999999999999,50.000000000000014
46380.0,0.6640225923288732,0.4322029794910532,0.14814389457729762,49.99999999999999,50.000000000000014
46440.0,0.6627483473434892,0.4314449293410203,0.14782280632975003,49.99999999999999,50.00000000000001
46500.0,0.6614780961490749,0.4306892774878722,0.1475029094608237,49.99999999999999,50.00000000000001
46560.0,0.6602118243876716,0.429936015238855,0.14718420001233468,49.99999999999999,50.0
46620.0,0.6589495176912595,0.4291851339543174,0.14686667440183077,49.99999999999999,50.0
46680.0,0.6576911618198638,0.42843662499119667,0.14655032859099779,49.99999999999999,49.99999999999999
46740.0,0.6564367425794705,0.42769047973660573,0.14623515857991934,49.99999999999999,49.99999999999999
46800.0,0.6551862458186274,0.4269466896092274,0.14592116042754782,49.99999999999999,49.99999999999999
46860.0,0.6539396574394581,0.4262052460548071,0.14560833018538205,49.99999999999999,49.99999999999999
46920.0,0.6526969633976625,0.42546614054615073,0.14529666389746723,50.0,49.99999999999999
46980.0,0.6514581496596621,0.42472936459610683,0.14498615781636967,50.0,49.99999999999999
47040.0,0.6502232022483353,0.42399490974371257,0.14467680817268527,50.0,49.99999999999999
47100.0,0.6489921073006034,0.4232627675367523,0.14436861088481306,50.0,49.99999999999999
47160.0,0.6477648509727135,0.4225329295604455,0.14406156203631282,50.0,49.99999999999999
47220.0,0.6465414194732902,0.42180538742743623,0.14375565770933088,50.0,50.0
47280.0,0.6453217990633356,0.42108013277779416,0.14345089398460012,49.99999999999999,50.0
47340.0,0.6441059760436304,0.4203571572803378,0.14314726698108976,49.99999999999999,50.00000000000001
47400.0,0.6428939367033892,0.4196364526380318,0.14284477301759477,49.99999999999999,50.000000000000014
47460.0,0.6416856674952474,0.41891801056959366,0.14254340806202911,49.99999999999999,50.000000000000014
47520.0,0.6404811548771521,0.4182018228261111,0.14224316822901362,49.99999999999999,50.000000000000014
47580.0,0.6392803853583021,0.417487881186217,0.14194404963530063,49.99999999999999,50.000000000000014
47640.0,0.6380833454991469,0.41677617745608564,0.14164604839977415,49.99999999999999,50.000000000000014
47700.0,0.6368900219113871,0.4160667034694351,0.14134916064344974,50.0,50.00000000000001
47760.0,0.6357004011903715,0.41535945108137023,0.14105338259666103,50.0,50.00000000000001
47820.0,0.6345144700633096,0.41465441218187993,0.14075871036406395,50.0,50.00000000000001
47880.0,0.6333322152941967,0.413951578687179,0.14046514007538127,50.0,50.0
47940.0,0.632153623687883,0.4132509425400783,0.1401726678789503,50.0,50.0
48000.0,0.630978682099468,0.4125524957108408,0.13988128992682877,50.0,50.0
48060.0,0.6298073774342999,0.411856230197181,0.13959100237479463,50.0,50.0
48120.0,0.6286396966351904,0.4111621380221573,0.13930180139531012,50.0,50.0
48180.0,0.6274756266825473,0.41047021123419236,0.13901368317738633,50.0,50.0
48240.0,0.6263151546202645,0.40978044191134455,0.13872664390033354,50.0,49.99999999999999
48300.0,0.6251582675404278,0.4090928221581652,0.13844067975775518,50.0,49.99999999999999
48360.0,0.6240049525793793,0.4084073441058684,0.13815578695031197,50.0,49.99999999999999
48420.0,0.6228551969207325,0.40772399991262215,0.1378719616847691,50.0,50.0
48480.0,0.6217089878034997,0.40704278176469616,0.1375892001595026,50.0,50.0
48540.0,0.6205663125092713,0.4063636818744801,0.13730749859272962,50.0,50.0
48600.0,0.6194271585987399,0.4056866925582029,0.13702684614312166,50.0,49.99999999999999
48660.0,0.61829154356766,0.4050118166998081,0.13674673661415598,50.0,50.0
48720.0,0.6171594853045438,0.4043390595901979,0.13646734353871937,50.0,50.0
48780.0,0.6160309706132431,0.403668415120333,0.13618883022333414,49.99999999999999,50.0
48840.0,0.6149059865631004,0.40299987660007097,0.13591125094983514,50.0,50.0
48900.0,0.6137845200974619,0.4023334369880355,0.13563463269739534,50.0,49.99999999999999
48960.0,0.6126665582745553,0.401669089098846,0.1353589910049035,49.99999999999999,50.0
49020.0,0.6115520882132128,0.40100682563774775,0.1350843346925604,50.0,50.00000000000001
49080.0,0.6104410970692028,0.4003466392585556,0.13481066993619528,50.00000000000001,50.0
49140.0,0.6093335720558679,0.39968852257158893,0.13453800048672102,50.0,50.0
49200.0,0.6082295004062123,0.3990324681809064,0.13426632958485887,49.99999999999999,50.0
49260.0,0.6071288694275183,0.39837846864837345,0.13399565784966402,50.0,49.99999999999999
49320.0,0.6060316664887591,0.3977265165342845,0.1337259851281275,50.0,50.0
49380.0,0.6049378790149205,0.3970766044074251,0.1334573108958342,50.0,50.0
49440.0,0.6038474944374345,0.396428724833455,0.133189634427612,50.0,49.99999999999999
49500.0,0.6027605002345898,0.39578287038914445,0.13292295476265095,50.0,49.99999999999999
49560.0,0.6016768839978273,0.3951390336613319,0.1326572698611453,50.0,49.99999999999999
49620.0,0.6005966332393624,0.3944972072345093,0.13239257854658515,50.0,50.0
49680.0,0.5995197357143109,0.39385738373703516,0.13212887790822753,50.0,50.00000000000001
49740.0,0.5984461789844303,0.39321955576172396,0.13186616639816046,50.0,50.00000000000001
49800.0,0.5973759509398509,0.39258371599073,0.1316044408533276,49.99999999999999,50.00000000000001
49860.0,0.5963090392149059,0.3919498570318444,0.13134369925378897,49.99999999999999,50.0
49920.0,0.5952454319719542,0.3913179716864089,0.1310839381097651,49.99999999999999,50.0
49980.0,0.5941851168366182,0.39068805255269784,0.13082515528504346,49.99999999999999,50.0
50040.0,0.5931280815981417,0.3900600922908895,0.13056734823078198,50.0,50.0
50100.0,0.5920743145342822,0.3894340837636155,0.13031051348098358,50.0,50.0
50160.0,0.5910238035970548,0.3888100196984026,0.1300546481793061,50.0,50.0
50220.0,0.5899765366098481,0.3881878927694322,0.12979974971014452,50.0,49.99999999999999
50280.0,0.5889325016753841,0.3875676957705798,0.1295458149917848,50.0,49.99999999999999
50340.0,0.5878916871492786,0.3869494216061878,0.1292928405514754,50.00000000000001,50.0
50400.0,0.5868540808969656,0.38633306300332565,0.12904083250175347,50.0,50.00000000000001
50460.0,0.5858196446641423,0.3857186033957343,0.12879026064672527,50.0,50.0
50520.0,0.5847883372002372,0.3851060230644833,0.12854096870559703,50.0,50.00000000000001
50580.0,0.5837601484763011,0.3844953136952374,0.12829277251229548,50.00000000000001,50.0
50640.0,0.5827350672138749,0.3838864673639398,0.1280456220438082,50.0,50.00000000000001
50700.0,0.5817130822686584,0.38327947642239685,0.1277994830125394,50.0,50.0
50760.0,0.5806941826333701,0.38267433346752616,0.1275543332988529,50.000000000000014,50.0
50820.0,0.5796783573508383,0.382071031262323,0.12731015783787633,50.00000000000001,50.0
50880.0,0.5786655954967389,0.38146956269568244,0.12706694527545104,50.0,50.0
50940.0,0.577655886160865,0.3808699206756064,0.1268246844077751,50.00000000000001,49.99999999999999
51000.0,0.5766492184812163,0.380272098214219,0.12658336645211976,50.0,49.99999999999999
51060.0,0.5756455816529368,0.3796760884052033,0.12634298402432306,49.99999999999999,50.0
51120.0,0.5746449648787277,0.3790818843466675,0.12610352966932586,49.99999999999999,50.0
51180.0,0.5736473574343058,0.37848947923684867,0.12586499749157956,50.0,50.0
51240.0,0.5726527486813465,0.3778988663607921,0.12562738224951547,50.0,50.00000000000001
51300.0,0.5716611278624685,0.37731003887142245,0.12539067734221293,50.0,50.00000000000001
51360.0,0.5706724844491149,0.3767229901634678,0.12515487839482173,50.0,50.00000000000001
51420.0,0.5696868077942155,0.3761377135081261,0.12491997993704808,50.0,50.00000000000001
51480.0,0.568704087366573,0.3755542022863913,0.12468597726936154,50.0,50.0
51540.0,0.567724312710513,0.3749724499530565,0.12445286625570783,50.00000000000001,50.0
51600.0,0.5667474732677401,0.37439244986091236,0.12422064195453326,50.00000000000001,49.999999999999986
51660.0,0.5657735587302593,0.37381419558435147,0.1239893006976515,50.00000000000001,49.999999999999986
51720.0,0.5648025586742111,0.3732376805973101,0.12375883828145655,50.0,49.99999999999999
51780.0,0.5638344627403772,0.37266289840536615,0.12352925022716026,50.0,49.99999999999999
51840.0,0.5628692606303286,0.37208984259021244,0.12330053288743172,50.0,49.99999999999999
51900.0,0.5619069420781733,0.37151850675247067,0.12307268254705495,50.0,50.0
51960.0,0.5609474968569942,0.37094888450505437,0.12284569519817448,50.0,50.0
52020.0,0.5599909147790583,0.37038096949330745,0.12261956697762415,50.0,50.0
52080.0,0.5590371856958848,0.36981475540675485,0.12239429442288292,50.0,50.0
52140.0,0.5580862994976697,0.36925023595625756,0.12216987398277726,50.0,50.0
52200.0,0.5571382468532791,0.3686874051182922,0.1219462830957018,50.0,50.0
52260.0,0.5561930418274481,0.36812626533944975,0.12172308376672646,50.0,50.0
52320.0,0.5552507004263572,0.36756682175223604,0.12150041205199845,50.0,49.99999999999999
52380.0,0.5543112122795582,0.3670090696577283,0.12127843337513375,50.00000000000001,50.00000000000001
52440.0,0.5533745669839952,0.36645300371677036,0.12105719829224482,50.0,50.0
52500.0,0.552440754191028,0.365898618280886,0.12083672838467151,50.0,50.0
52560.0,0.5515097636002223,0.36534590758604174,0.12061703758324041,50.00000000000001,50.0
52620.0,0.5505815849473111,0.36479486578716663,0.12039813493901723,50.0,50.0
52680.0,0.549656208008525,0.3642454869758499,0.12018002557595645,50.00000000000001,50.0
52740.0,0.5487336226017503,0.3636977652064803,0.11996271231260994,50.0,50.0
52800.0,0.54781381860789,0.36315169450875906,0.11974619615666329,50.0,49.99999999999999
52860.0,0.5468967858834834,0.3626072689271787,0.11953047903495749,50.00000000000001,49.99999999999999
52920.0,0.5459825143916124,0.3620644824774988,0.11931556028221653,50.00000000000001,49.99999999999999
52980.0,0.5450709940758791,0.36152332919105784,0.11910144005358086,50.0,50.00000000000001
53040.0,0.5441622149616072,0.36098380308991673,0.11888811696354287,50.0,50.0
53100.0,0.5432561671045096,0.36044589821307166,0.11867558973608734,50.0,50.0
53160.0,0.5423528405730421,0.359909608598138,0.11846385685501194,50.0,50.0
53220.0,0.5414522256202914,0.3593749283409506,0.11825291588498267,50.0,50.0
53280.0,0.540554312276734,0.3588418514714276,0.1180427656314644,50.0,50.0
53340.0,0.5396590907328835,0.358310372071054,0.11783340410217924,50.0,50.0
53400.0,0.538766551370272,0.35778048428822157,0.11762482848552008,50.0,50.0
53460.0,0.5378766842843076,0.35725218217110344,0.11741703719713965,50.0,50.0
53520.0,0.536989479891493,0.3567254598926344,0.11721002753535634,50.00000000000001,50.0
53580.0,0.5361049285807948,0.35620031161460375,0.11700379688482876,50.00000000000001,50.0
53640.0,0.5352230205740898,0.35567673143115514,0.11679834315413651,50.00000000000001,50.0
53700.0,0.5343437465462152,0.3551547136410904,0.11659366326695474,50.00000000000001,50.0
53760.0,0.533467096809823,0.3546342523762541,0.11638975486666799,50.00000000000001,50.0
53820.0,0.5325930618758616,0.35411534186646965,0.1161866153272172,50.0,50.0
53880.0,0.5317216326572997,0.3535979765472269,0.1159842416094987,49.99999999999999,49.99999999999999
53940.0,0.530852799370851,0.35308215049649333,0.11578263136450749,49.99999999999999,49.99999999999999
54000.0,0.5299865525017972,0.3525678579301435,0.11558178197704565,50.0,49.99999999999999
54060.0,0.529122882635969,0.35205509311779276,0.11538169076211252,50.0,49.99999999999999
54120.0,0.528261781175752,0.3515438507654743,0.1151823544678447,50.00000000000001,49.99999999999999
54180.0,0.5274032382814395,0.35103412491536945,0.11498377070465518,50.00000000000001,49.99999999999999
54240.0,0.5265472445704924,0.3505259098539977,0.11478593676558539,50.00000000000001,50.0
54300.0,0.5256937906754044,0.3500191998761918,0.11458884993704525,50.00000000000001,50.0
54360.0,0.5248428683916921,0.3495139899198444,0.11439250699239982,50.00000000000001,50.00000000000001
54420.0,0.5239944679243576,0.34901027404341894,0.11419690540663868,50.00000000000001,50.00000000000001
54480.0,0.5231485800430643,0.3485080466175907,0.11400204240566196,50.00000000000001,50.0
54540.0,0.522305195517476,0.3480073020130368,0.11380791521536976,50.0,50.0
54600.0,0.5214643059612385,0.34750803508327227,0.11361452089501602,49.99999999999999,50.0
54660.0,0.5206259021532413,0.34701024020425186,0.11342185666867914,49.99999999999999,50.0
54720.0,0.5197899750846017,0.3465139118733437,0.11322991971853276,49.99999999999999,50.0
54780.0,0.5189565158410515,0.3460190446420466,0.11303870720806858,49.99999999999999,50.0
54840.0,0.5181255154769121,0.3455256330583294,0.112848216468334,49.99999999999999,50.0
54900.0,0.5172969651494836,0.3450336717150919,0.1126584446538077,49.99999999999999,50.0
54960.0,0.5164708560512963,0.3445431552257353,0.11246938891588272,49.99999999999999,50.0
55020.0,0.5156471793973068,0.34405407821954526,0.11228104643564907,49.99999999999999,50.0
55080.0,0.5148259264375575,0.3435664353462566,0.11209341439147912,50.0,50.0
55140.0,0.51400708846153,0.3430802212892342,0.11190649006813225,50.0,50.0
55200.0,0.5131906567941579,0.34259543075340215,0.11172027075684589,50.00000000000001,50.0
55260.0,0.5123766227894128,0.34211205844582193,0.11153475359455409,50.00000000000001,50.0
55320.0,0.5115649778396635,0.34163009910403175,0.11134993579847477,50.00000000000001,50.0
55380.0,0.5107557133725638,0.34114954748662163,0.11116581458810831,50.0,50.0
55440.0,0.5099488208420285,0.3406703983708833,0.1109823872095847,50.0,50.0
55500.0,0.5091442916990411,0.34019264654520226,0.11079965101442331,49.99999999999999,50.0
55560.0,0.5083421174924511,0.33971628683532595,0.11061760318758455,49.99999999999999,50.0
55620.0,0.5075422897801058,0.33924131408120545,0.11043624098723337,49.99999999999999,50.0
55680.0,0.5067448001540032,0.33876772314354836,0.11025556167687904,50.0,49.99999999999999
55740.0,0.5059496402402913,0.3382955089038201,0.11007556252537522,50.0,49.99999999999999
55800.0,0.5051568029998832,0.3378246667473699,0.10989621315941409,50.00000000000001,49.99999999999999
55860.0,0.5043662989600493,0.33735519854991974,0.1097171316427097,50.0,50.00000000000001
55920.0,0.5035781424035943,0.3368871093325683,0.10953843290857017,50.0,49.999999999999986
55980.0,0.5027923247377502,0.33642039539723767,0.10936027691035574,50.0,50.0
56040.0,0.5020088373541275,0.3359550524378419,0.1091827098601738,50.0,49.99999999999999
56100.0,0.5012276716784613,0.3354910758907413,0.10900575339027267,50.0,50.0
56160.0,0.5004488191909958,0.3350284610442462,0.10882941840395244,49.99999999999999,50.0
56220.0,0.49967227139526477,0.33456720314148125,0.10865371339006857,49.99999999999999,50.0
56280.0,0.4988980198282207,0.3341072973706974,0.10847864346878999,50.00000000000001,50.0
56340.0,0.4981260560633119,0.3336487388792778,0.10830421120041904,50.00000000000001,50.00000000000001
56400.0,0.4973563717186028,0.3331915227941749,0.1081304176753537,49.99999999999999,50.00000000000001
56460.0,0.496588958440787,0.33273564423952245,0.10795726355052276,50.0,50.0
56520.0,0.4958238078870901,0.33228109834345393,0.10778474946482523,50.00000000000001,49.999999999999986
56580.0,0.4950609117724532,0.3318278802235351,0.10761287483480816,50.00000000000001,49.99999999999999
56640.0,0.49430026183288717,0.3313759850074668,0.10744163908715353,50.0,50.00000000000001
56700.0,0.49354184983715393,0.3309254078205338,0.1072710410800582,49.99999999999999,50.00000000000001
56760.0,0.4927856676110131,0.33047614380665735,0.10710107941140133,49.99999999999999,50.00000000000001
56820.0,0.4920317069652842,0.3300281881042048,0.10693175272598923,50.0,50.0
56880.0,0.4912799599025606,0.32958153591872996,0.10676305885983993,50.0,50.0
56940.0,0.4905304182125293,0.3291361823833384,0.10659499661012474,49.99999999999999,50.0
57000.0,0.4897830737542834,0.3286921226549847,0.10642756446251637,49.99999999999999,50.0
57060.0,0.48903791872958485,0.3282493520231961,0.10626075970849001,49.99999999999999,50.0
57120.0,0.4882949449491298,0.327807865625824,0.10609458099359054,49.99999999999999,50.0
57180.0,0.487554144392835,0.32736765866860323,0.10592902642250268,50.0,50.0
57240.0,0.48681550937450013,0.32692872650277305,0.10576409326434076,50.0,50.0
57300.0,0.4860790317864471,0.3264910642958946,0.105599779843003,50.0,50.0
57360.0,0.4853447037375405,0.3260546673138791,0.10543608401744375,50.0,50.0
57420.0,0.4846125176054587,0.32561953095307117,0.1052730032307931,50.0,50.0
57480.0,0.4838824653859201,0.3251856504244818,0.10511053551702969,49.99999999999999,50.0
57540.0,0.4831545394139853,0.3247530211135456,0.10494867855982792,49.99999999999999,50.0
57600.0,0.4824287322324587,0.32432163851610657,0.1047874298932015,49.99999999999999,50.0
57660.0,0.48170503578306234,0.3238914978085561,0.10462678748418934,49.99999999999999,50.0
57720.0,0.4809834422663256,0.3234625943048311,0.1044667491133831,49.99999999999999,50.0
57780.0,0.480263943882778,0.3230349233188694,0.10430731256137452,50.0,50.0
57840.0,0.47954653378319195,0.32260848068701686,0.10414847514365047,50.0,50.0
57900.0,0.4788312039509466,0.32218326160382926,0.1039902347470888,50.0,50.0
57960.0,0.478117946623767,0.3217592614036932,0.1038325891340754,50.0,50.0
58020.0,0.4774067541231764,0.3213364754670639,0.1036755360259806,49.99999999999999,50.0
58080.0,0.47669761921685916,0.3209148994268514,0.10351907302148695,49.99999999999999,50.0
58140.0,0.4759905349042322,0.32049452904708875,0.10336319765555403,49.99999999999999,50.0
58200.0,0.4752854932056081,0.3200753595377948,0.10320790773238057,49.99999999999999,50.0
58260.0,0.47458248658215624,0.31965738635844165,0.1030532009349362,49.99999999999999,50.0
58320.0,0.47388150749504615,0.319240604968502,0.1028990749461905,50.0,50.0
58380.0,0.4731825493458503,0.3188250113751307,0.10274552737913699,50.0,50.0
58440.0,0.4724856044757719,0.31841060096793217,0.10259255592567207,50.0,49.99999999999999
58500.0,0.47179066556129423,0.31799736933177586,0.10244015825274372,50.0,49.99999999999999
58560.0,0.47109772534774813,0.3175853120916271,0.10228833202217685,50.0,49.99999999999999
58620.0,0.4704067765742537,0.3171744248748428,0.10213707496055376,50.0,49.99999999999999
58680.0,0.4697178120014435,0.31676470332284484,0.10198638480929774,50.0,49.99999999999999
58740.0,0.46903082448072353,0.316356143120285,0.10183625919996706,50.0,49.99999999999999
58800.0,0.468345806863154,0.3159487399566761,0.10168669581831741,50.0,49.99999999999999
58860.0,0.4676627520289603,0.31554248953881925,0.1015376923511666,50.0,50.0
58920.0,0.4669816528921585,0.3151373875963736,0.10138924651548809,50.0,50.0
58980.0,0.46630250241197513,0.3147334298956197,0.10124135613023781,50.0,50.0
59040.0,0.4656252935496186,0.31433061218737446,0.10109401884445797,50.0,50.0
59100.0,0.46495001930702357,0.31392893025367113,0.10094723238096864,50.0,50.0
59160.0,0.46427667271581596,0.31352837989446397,0.10080099446696228,50.0,50.0
59220.0,0.4636052468373134,0.3131289569276305,0.10065530283400359,50.0,49.99999999999999
59280.0,0.4629357347477989,0.3127306571852098,0.10051015526162502,50.0,49.999999999999986
59340.0,0.4622681295601071,0.3123334765189152,0.10036554951342277,50.0,49.99999999999999
59400.0,0.4616024247566183,0.3119374109183364,0.10022146978538582,50.0,50.0
59460.0,0.4609386304800843,0.31154246266624014,0.10007752699697371,50.0,50.0
59520.0,0.4602767594952201,0.3111486366870498,0.09993386257181368,50.0,49.99999999999999
59580.0,0.4596168034336284,0.3107559296399176,0.09979062688997062,50.0,50.0
59640.0,0.45895875558417293,0.31036433813690456,0.09964785521496716,50.0,49.99999999999999
59700.0,0.45830260898973313,0.3099738585345171,0.09950556793560579,50.0,50.0
59760.0,0.4576483566367231,0.30958448704305,0.09936377676186611,50.0,49.99999999999999
59820.0,0.45699599153057635,0.3091962197851724,0.0992224876546233,49.99999999999999,50.00000000000001
59880.0,0.4563455067212194,0.3088090528424714,0.09908170403858924,50.00000000000001,50.0
59940.0,0.4556968953023149,0.3084229822760867,0.0989414279870139,50.00000000000001,50.0
60000.0,0.4550501503672708,0.30803800414943483,0.0988016615605151,50.00000000000001,50.0
60060.0,0.4544052650546516,0.3076541145059785,0.09866240534250852,50.0,49.99999999999999
60120.0,0.45376223254445286,0.3072713093855825,0.0985236590486966,50.0,49.99999999999999
60180.0,0.453121046008253,0.3068895848323422,0.09838542271983779,50.0,50.0
60240.0,0.4524816986894549,0.3065089368896605,0.09824769520917273,50.0,50.0
60300.0,0.4518441838621032,0.3061293616191576,0.09811047554598995,50.0,50.0
60360.0,0.45120849479702047,0.3057508550786756,0.09797376267183759,50.0,50.0
60420.0,0.4505746247245693,0.3053734133177788,0.09783755586858464,50.0,50.0
60480.0,0.4499425671134676,0.3049970324565143,0.09770185301301601,50.00000000000001,50.0
60540.0,0.4493123152001955,0.3046217085444841,0.09756665330199019,50.00000000000001,49.99999999999999
60600.0,0.44868386238955693,0.30424743768899004,0.09743195513148413,50.00000000000001,49.99999999999999
60660.0,0.4480572021752642,0.30387421603025516,0.09729775653178853,50.00000000000001,49.99999999999999
60720.0,0.44743232787325504,0.3035020396426768,0.09716405626439288,50.0,50.0
60780.0,0.4468092330850655,0.30313090472170595,0.09703085227038509,50.0,50.00000000000001
60840.0,0.4461879112418696,0.3027608073880094,0.09689814292066852,50.0,50.0
60900.0,0.4455683558702338,0.3023917438101313,0.09676592647435317,50.0,50.00000000000001
60960.0,0.4449505607648952,0.3020237102899551,0.0966342008495288,50.0,50.00000000000001
61020.0,0.4443345192553558,0.30165670289577645,0.09650296450732875,50.0,50.00000000000001
61080.0,0.4437202248524706,0.30129071778694594,0.09637221569720268,50.0,50.00000000000001
61140.0,0.44310767108320853,0.3009257511310547,0.09624195265012003,50.0,50.00000000000001
61200.0,0.4424968512745434,0.30056179906875147,0.09611219135228366,50.0,50.0
61260.0,0.44188774384938334,0.30019885201067176,0.09598328839492276,50.0,50.0
61320.0,0.4412803247404088,0.29983689786656986,0.09585511152422921,50.0,50.00000000000001
61380.0,0.440674588384721,0.2994759319397188,0.09572751086834112,50.0,50.0
61440.0,0.4400705288993559,0.2991159500785993,0.09560044793716062,50.0,50.0
61500.0,0.43946814045669813,0.29875694831219257,0.09547389849419283,50.0,50.0
61560.0,0.4388674170535596,0.2983989226797258,0.09534784759179533,50.0,50.00000000000001
61620.0,0.43826835274073733,0.2980418693562945,0.09522228624166866,50.0,50.0
61680.0,0.4376709416359847,0.2976857846177901,0.09509720767968792,50.00000000000001,50.0
61740.0,0.43707517790686895,0.2973306648096091,0.09497260620291234,50.00000000000001,50.0
61800.0,0.4364810557154967,0.2969765062738679,0.09484847616180846,49.99999999999999,50.0
61860.0,0.4358885692670542,0.29662330541709525,0.09472481308745108,49.99999999999999,49.99999999999999
61920.0,0.4352977127993773,0.29627105869485987,0.09460161346474258,50.0,50.0
61980.0,0.43470848054431904,0.2959197625494345,0.09447887343139175,50.0,50.000000000000014
62040.0,0.4341208667770094,0.29556941348139076,0.094356590079186,49.99999999999999,50.0
62100.0,0.433534865842429,0.2952200080564082,0.09423476089065592,49.99999999999999,50.0
62160.0,0.432950471996653,0.29487154274906724,0.09411338252447318,50.0,49.99999999999999
62220.0,0.43236767956653427,0.294524014103768,0.0939924522188705,50.0,49.99999999999999
62280.0,0.43178648297988814,0.2941774187618669,0.09387196795289,50.0,49.99999999999999
62340.0,0.43120687651943573,0.29383175322570876,0.09375192665156586,49.99999999999999,50.0
62400.0,0.43062885466463946,0.2934870141747589,0.09363232637962224,49.99999999999999,50.00000000000001
62460.0,0.43005241182655685,0.2931431982281741,0.09351316483797945,50.0,50.00000000000001
62520.0,0.42947754238746366,0.29280030197811324,0.0933944395348701,50.00000000000001,50.00000000000001
62580.0,0.4289042409471341,0.2924583221939988,0.09327614878183277,50.00000000000001,50.00000000000001
62640.0,0.4283325018906188,0.29211725547246425,0.09315829015134093,50.00000000000001,50.0
62700.0,0.42776231983104807,0.2917770985826021,0.09304086175273912,50.0,50.0
62760.0,0.4271936893686098,0.29143784828397123,0.09292386167056346,50.0,50.0
62820.0,0.42662660490676757,0.2910995011912186,0.09280728761226655,50.0,50.0
62880.0,0.4260610609446023,0.2907620539894246,0.09269113746858154,50.0,50.0
62940.0,0.42549705227715107,0.29042550357480135,0.0925754095642514,50.0,50.0
63000.0,0.4249345735721628,0.290089846752755,0.09246010203735491,50.0,50.0
63060.0,0.42437361927820016,0.2897550801723273,0.09234521270454209,50.0,50.0
63120.0,0.4238141839691259,0.28942120057194765,0.09223073956621101,50.0,50.0
63180.0,0.42325626261309596,0.2890882049638927,0.09211668109255117,50.0,49.99999999999999
63240.0,0.42269984990221904,0.2887560901687167,0.09200303542484789,49.99999999999999,49.99999999999999
63300.0,0.42214494037925426,0.28842485290324676,0.09188980052644015,49.99999999999999,49.99999999999999
63360.0,0.4215915287037465,0.2880944899654195,0.09177697449981435,49.99999999999999,49.99999999999999
63420.0,0.4210396098949243,0.28776499839598335,0.09166455577180255,49.99999999999999,49.99999999999999
63480.0,0.4204891787315305,0.28743637507334047,0.09155254255237827,49.99999999999999,49.99999999999999
63540.0,0.41994022996442015,0.2871086168570703,0.09144093302636701,49.99999999999999,49.99999999999999
63600.0,0.41939275843059015,0.28678172066490004,0.091329725456273,50.0,50.0
63660.0,0.4188467589428926,0.2864556833878188,0.09121891793158884,50.0,50.0
63720.0,0.41830222639075076,0.2861305019809782,0.09110850879152581,50.0,50.0
63780.0,0.4177591556739496,0.2858061734039343,0.09099849634711452,50.0,50.0
63840.0,0.4172175417078141,0.2854826946253209,0.09088887890294214,50.0,50.0
63900.0,0.41667737942865646,0.28516006262776744,0.090779654780014,50.0,49.99999999999999
63960.0,0.4161386637937759,0.2848382744078963,0.09067082231575356,50.0,49.99999999999999
64020.0,0.41560138976591426,0.28451732694952486,0.09056237963953678,50.0,49.99999999999999
64080.0,0.41506555234688847,0.2841972172816504,0.09045432515835014,50.0,49.99999999999999
64140.0,0.41453114655633044,0.2838779424417961,0.09034665724979504,50.0,49.99999999999999
64200.0,0.4139981674324863,0.28355949947738807,0.09023937427362269,50.0,49.99999999999999
64260.0,0.41346661003432517,0.28324188544939094,0.09013247460219063,50.0,49.99999999999999
64320.0,0.41293646944153933,0.2829250974323102,0.09002595662046273,50.0,49.99999999999999
64380.0,0.41240774071235775,0.2826091324735132,0.08991981855502215,50.0,49.99999999999999
64440.0,0.4118804189734625,0.2822939876799285,0.08981405883851411,50.0,50.0
64500.0,0.4113544993655823,0.2819796601655869,0.08970867588912931,50.0,50.0
64560.0,0.4108299770429655,0.2816661470511119,0.08960366810846813,50.0,50.0
64620.0,0.4103068471798492,0.2813534454699603,0.08949903390776143,50.0,50.0
64680.0,0.4097851049704598,0.28104155256841795,0.08939477170787058,50.0,50.0
64740.0,0.4092647456162481,0.2807304654946448,0.08929087990862161,50.0,50.0
64800.0,0.408745764593121,0.2804201815015966,0.08918734799696766,50.0,50.0
64860.0,0.40822817077250256,0.28011070309278324,0.0890838148689452,50.0,49.99999999999999
64920.0,0.40771197378574475,0.27980203452516345,0.08898043585398319,50.0,50.0
64980.0,0.40719716868701544,0.2794941739550328,0.0888773361989387,50.00000000000001,49.99999999999999
65040.0,0.4066837505377517,0.27918711907408156,0.08877455126209831,50.0,50.0
65100.0,0.40617171443260525,0.2788808673613037,0.08867209492825187,50.00000000000001,50.0
65160.0,0.40566105548946496,0.27857541622540455,0.08856997627495952,49.99999999999999,50.0
65220.0,0.40515176884446036,0.2782707630221015,0.08846820093938951,49.99999999999999,50.0
65280.0,0.4046438496540178,0.2779669050676671,0.0883667719278664,50.0,50.0
65340.0,0.4041372930952635,0.27766383965689145,0.08826569085558426,50.0,50.00000000000001
65400.0,0.40363209438038206,0.2773615640701724,0.08816495823886453,50.0,50.0
65460.0,0.40312824869915775,0.2770600755996649,0.0880645754180409,49.99999999999999,49.999999999999986
65520.0,0.40262575131170253,0.2767593715176512,0.08796454184111197,49.99999999999999,49.99999999999999
65580.0,0.40212459744218604,0.2764594491088482,0.08786485799606979,50.0,50.0
65640.0,0.40162478239225974,0.27616030565089444,0.08776552282773233,49.99999999999999,50.0
65700.0,0.4011263014298983,0.2758619384285075,0.0876665360960209,49.99999999999999,50.0
65760.0,0.4006291498896922,0.2755643447330917,0.0875678966917552,49.99999999999999,49.99999999999999
65820.0,0.40013332311770883,0.27526752186977177,0.08746960377928319,50.0,49.99999999999999
65880.0,0.3996388164864732,0.2749714671497362,0.08737165629517808,50.0,49.99999999999999
65940.0,0.3991456252881921,0.2746761778573727,0.087274053585698,49.99999999999999,49.99999999999999
66000.0,0.39865374494086997,0.2743816513244261,0.08717679449311382,49.99999999999999,50.0
66060.0,0.3981631709163367,0.2740878849037446,0.08707987766561727,49.99999999999999,50.00000000000001
66120.0,0.39767389852820545,0.2737948758861407,0.08698330232188267,49.99999999999999,50.00000000000001
66180.0,0.3971859232426454,0.2735026216267235,0.08688706722944899,50.0,50.00000000000001
66240.0,0.3966992406275749,0.27321111952553184,0.08679117090013595,50.00000000000001,50.00000000000001
66300.0,0.39621384603789805,0.2729203668885439,0.0866956123811165,50.00000000000001,50.0
66360.0,0.39572973498152064,0.27263036109302846,0.08660039041537315,50.00000000000001,49.99999999999999
66420.0,0.3952469031043682,0.2723410995841845,0.08650550354943597,50.00000000000001,49.99999999999999
66480.0,0.39476534581429557,0.2720525796900377,0.08641095066869602,50.0,50.0
66540.0,0.39428505872127234,0.27176479884342647,0.08631673047724286,50.0,50.0
66600.0,0.3938060376756113,0.27147775460643847,0.08622284155560946,50.0,49.99999999999999
66660.0,0.39332827798893144,0.2711914442514653,0.08612928276126282,50.0,49.99999999999999
66720.0,0.3928517752004894,0.27090586517331666,0.08603605283464506,50.0,50.0
66780.0,0.3923765248495418,0.27062101476680206,0.08594315051619829,50.0,50.0
66840.0,0.3919025226281765,0.27033689051124415,0.08585057450085903,50.0,50.0
66900.0,0.3914297647327023,0.270053490164787,0.08575832333343206,50.0,50.0
66960.0,0.39095824637763754,0.2697708109426679,0.08566639585105028,49.99999999999999,50.0
67020.0,0.39048796317956563,0.2694888502824562,0.08557479077113174,49.99999999999999,50.0
67080.0,0.39001891075506995,0.2692076056217215,0.08548350681109448,49.99999999999999,50.0
67140.0,0.389551084851655,0.26892707447211006,0.08539254267476566,49.99999999999999,50.0
67200.0,0.389084481925258,0.2686472547461056,0.08530189699243028,49.99999999999999,50.0
67260.0,0.3886190971868084,0.26836814365175404,0.08521156852361715,49.99999999999999,50.0
67320.0,0.3881549263436987,0.2680897386780072,0.08512155597631745,49.99999999999999,50.0
67380.0,0.3876919651033215,0.2678120373138146,0.08503185805852236,49.99999999999999,50.0
67440.0,0.3872302092361107,0.26753503708460485,0.08494247348278194,50.0,50.0
67500.0,0.38676965518616774,0.2672587359056199,0.08485340101036382,50.0,50.0
67560.0,0.3863102984423133,0.26698313113933486,0.0847646393334527,50.00000000000001,50.0
67620.0,0.3858521348762155,0.2667082203697567,0.08467618717191963,50.00000000000001,50.0
67680.0,0.3853951603774189,0.2664340011912368,0.08458804324692841,50.0,49.99999999999999
67740.0,0.3849393708496161,0.26616047120677216,0.0845002062861787,50.0,49.99999999999999
67800.0,0.3844847621273894,0.2658876279900792,0.08441267514098696,50.00000000000001,49.99999999999999
67860.0,0.38403133020059144,0.2656154691878052,0.08432544847075374,50.00000000000001,49.999999999999986
67920.0,0.38357907102041244,0.2653439924311851,0.08423852501567931,50.00000000000001,49.999999999999986
67980.0,0.3831279805551251,0.2650731953614385,0.08415190351837341,50.00000000000001,49.999999999999986
68040.0,0.3826780547900844,0.26480307562976496,0.08406558272385518,50.00000000000001,49.99999999999999
68100.0,0.38222928972772746,0.2645336308973485,0.08397956137955327,50.0,49.99999999999999
68160.0,0.38178168138757407,0.26426485883535356,0.0838938382353057,50.0,49.99999999999999
68220.0,0.3813352257804306,0.26399675712211423,0.08380841218811719,50.0,49.99999999999999
68280.0,0.38088991896494384,0.2637293234493013,0.08372328196479671,49.99999999999999,49.99999999999999
68340.0,0.3804457570134336,0.26346255551819675,0.08363844631369398,49.99999999999999,49.99999999999999
68400.0,0.38000273601009127,0.2631964510394964,0.08355390401480996,49.99999999999999,50.0
68460.0,0.37956085205591283,0.2629310077338478,0.08346965385211338,49.99999999999999,50.0
68520.0,0.37912010126869894,0.26266622333185047,0.08338569461354076,49.99999999999999,50.0
68580.0,0.3786804797830548,0.2624020955740564,0.0833020250909963,49.99999999999999,50.0
68640.0,0.3782419837050262,0.2621386221896397,0.08321864412736951,49.99999999999999,50.0
68700.0,0.3778046091797506,0.2618758009282058,0.08313555054641818,49.99999999999999,50.0
68760.0,0.37736835241126526,0.2616136295691038,0.08305274313223869,49.99999999999999,50.0
68820.0,0.37693320959176574,0.2613521058881674,0.08297022070258543,49.99999999999999,50.0
68880.0,0.3764991769295074,0.2610912276708309,0.0828879820799526,49.99999999999999,50.0
68940.0,0.3760662506488054,0.2608309927121306,0.08280602609157413,49.99999999999999,49.99999999999999
69000.0,0.3756344269900345,0.2605713988167047,0.08272435156942372,50.0,49.99999999999999
69060.0,0.37520370218584276,0.2603124437857144,0.08264295735376334,50.0,49.99999999999999
69120.0,0.37477407245401584,0.26005412541291956,0.08256184229420764,50.00000000000001,49.99999999999999
69180.0,0.3743455341147883,0.2597964415491837,0.0824810052322236,50.00000000000001,49.99999999999999
69240.0,0.3739180834634007,0.2595393900323982,0.0824004450201423,50.00000000000001,49.99999999999999
69300.0,0.3734917168104143,0.2592829687096499,0.08232016051514486,50.000000000000014,49.99999999999999
69360.0,0.37306643048171084,0.25902717543722076,0.08224015057926246,50.000000000000014,49.99999999999999
69420.0,0.3726422208184928,0.25877200808058887,0.0821604140793763,50.000000000000014,50.0
69480.0,0.3722190841741052,0.2585174645125707,0.0820809498869455,50.000000000000014,50.0
69540.0,0.3717970168663522,0.2582635425854641,0.08200175687392437,50.000000000000014,50.0
69600.0,0.3713760153103647,0.258010240208671,0.0819228339241388,50.000000000000014,50.0
69660.0,0.37095607590260277,0.257757555280931,0.08184417992335426,50.000000000000014,50.0
69720.0,0.3705371950543628,0.2575054857098961,0.08176579376214482,50.000000000000014,50.0
69780.0,0.3701193691917771,0.25725402941213005,0.0816876743358931,50.00000000000001,50.0
69840.0,0.36970259475581435,0.25700318431310976,0.08160982054479027,50.00000000000001,50.0
69900.0,0.3692868682022792,0.256752948347224,0.08153223129383606,50.0,50.0
69960.0,0.3688721859416107,0.2565033194223512,0.08145490549401041,50.0,50.0
70020.0,0.36845854448222554,0.25625429550420287,0.0813778420594837,50.0,50.00000000000001
70080.0,0.36804594033116417,0.25600587455786256,0.08130103990955038,50.0,50.00000000000001
70140.0,0.36763436999919535,0.2557580545507922,0.08122449796852967,49.99999999999999,50.00000000000001
70200.0,0.36722383001167125,0.2555108334592152,0.08114821516555422,49.99999999999999,50.00000000000001
70260.0,0.36681431690852695,0.25526420926811993,0.08107219043457022,49.99999999999999,50.00000000000001
70320.0,0.36640582724428117,0.2550181799712572,0.08099642271433727,49.99999999999999,50.00000000000001
70380.0,0.36599835758803567,0.254772743571143,0.08092091094842849,49.99999999999999,50.00000000000001
70440.0,0.3655919045234755,0.25452789807905457,0.08084565408523048,49.99999999999999,50.00000000000001
70500.0,0.36518646464886895,0.25428364151503524,0.08077065107794329,50.0,50.00000000000001
70560.0,0.36478203446146706,0.25403997183930077,0.08069590088402043,50.0,50.00000000000001
70620.0,0.3643786106327539,0.25379688711555626,0.0806214024665023,50.0,50.00000000000001
70680.0,0.36397618981766566,0.25355438539779884,0.08054715479309202,50.0,50.00000000000001
70740.0,0.3635747686643922,0.2533124647361344,0.08047315683620276,50.0,50.00000000000001
70800.0,0.3631743438352211,0.2530711231891441,0.08039940757305891,50.0,50.00000000000001
70860.0,0.3627749120065378,0.25283035882388394,0.08032590598569592,50.0,50.00000000000001
70920.0,0.362376469868825,0.2525901697158859,0.08025265106096037,50.0,50.00000000000001
70980.0,0.36197901412666345,0.25235055394915734,0.08017964179051001,50.0,50.0
71040.0,0.36158254149873154,0.25211150961618084,0.08010687717081368,50.0,50.0
71100.0,0.36118704871780516,0.2518730348179154,0.08003435620315132,50.0,50.0
71160.0,0.3607925323811399,0.2516351275729617,0.07996207786568922,50.0,50.0
71220.0,0.3603989893067187,0.2513977860338404,0.07989004117997026,50.0,49.99999999999999
71280.0,0.36000641628633,0.2511610083370868,0.07981824516482831,50.0,49.99999999999999
71340.0,0.3596148100982538,0.2509247926109511,0.07974668883875595,50.0,49.99999999999999
71400.0,0.35922416753423947,0.25068913699177814,0.07967537122493956,50.0,49.99999999999999
71460.0,0.3588344853995054,0.2504540396240064,0.07960429135125938,50.0,49.99999999999999
71520.0,0.35844576051273935,0.2502194986601687,0.07953344825028945,50.0,49.99999999999999
71580.0,0.35805798970609815,0.24998551226089133,0.07946284095929766,50.0,50.0
71640.0,0.357671169825208,0.24975207859489457,0.07939246852024572,50.0,50.0
71700.0,0.35728529772916423,0.24951919583899265,0.07932232997978915,50.0,50.0
71760.0,0.35690037014405873,0.24928686208707257,0.07925242434373891,50.0,50.0
71820.0,0.35651638401173824,0.2490550755668198,0.07918275068549048,50.0,50.0
71880.0,0.35613333624807364,0.24882383448950146,0.07911330807086965,50.0,50.0
71940.0,0.3557512237553793,0.24859313705768465,0.07904409556199375,50.0,50.0
72000.0,0.3553700434488237,0.24836298148164782,0.07897511222548266,50.0,50.0
72060.0,0.35498979225642907,0.24813336597938082,0.07890635713245878,50.0,50.0
72120.0,0.3546104671190717,0.2479042887765855,0.07883782935854709,50.0,50.0
72180.0,0.3542320649904818,0.24767574810667495,0.07876952798387508,50.0,50.0
72240.0,0.35385458283724364,0.2474477422107737,0.0787014520930728,50.0,50.0
72300.0,0.3534780176387953,0.24722026933771865,0.07863360077527286,50.0,50.0
72360.0,0.3531023662813261,0.2469933276771627,0.07856597308769267,50.0,50.0
72420.0,0.35272762580360517,0.24676691551456323,0.07849856814001042,50.0,50.0
72480.0,0.35235379323124405,0.24654103112669115,0.0784313850374788,50.0,50.0
72540.0,0.3519808655828541,0.2463156727855095,0.07836442288303856,50.0,50.0
72600.0,0.3516088398886548,0.24609083876990906,0.07829768078370535,50.0,50.0
72660.0,0.35123771319041935,0.24586652736567147,0.07823115785055106,50.0,50.0
72720.0,0.3508674825414196,0.24564273686543567,0.07816485319868503,50.0,50.0
72780.0,0.350498145006372,0.24541946556866406,0.07809876594723535,50.0,50.0
72840.0,0.35012969766138263,0.24519671178160682,0.07803289521933006,50.0,50.0
72900.0,0.3497621375938929,0.24497447381726872,0.07796724014207848,50.0,50.0
72960.0,0.34939546191578685,0.24475275000354105,0.07790179985036612,50.0,50.0
73020.0,0.34902966773284133,0.2445315386642451,0.07783657347800005,50.0,50.0
73080.0,0.3486647521652316,0.2443108381318551,0.07777156016364739,50.0,50.0
73140.0,0.3483007123467125,0.24409064674698952,0.07770675905059515,50.0,50.0
73200.0,0.3479375454222558,0.24387096285694568,0.0776421692860627,50.0,50.0
73260.0,0.3475752485480021,0.24365178481566754,0.07757779002118498,50.0,50.0
73320.0,0.3472138188912133,0.24343311098371723,0.07751362041099577,50.0,50.0
73380.0,0.34685325363022457,0.2432149397282433,0.07744965961441083,50.0,50.0
73440.0,0.3464935499543966,0.24299726942295186,0.07738590679421121,50.0,50.0
73500.0,0.34613470506406774,0.24278009844807621,0.07732236111702646,50.0,50.0
73560.0,0.34577671615928085,0.24256342518350474,0.07725902174727789,50.0,50.0
73620.0,0.3454195804657435,0.24234724802460134,0.07719588786115567,50.0,50.0
73680.0,0.34506329521724566,0.24213156537148858,0.07713295863716743,50.0,50.0
73740.0,0.3447078576562632,0.24191637562941462,0.07707023325647197,50.0,50.0
73800.0,0.3443532650358789,0.2417016772099236,0.0770077109039218,50.0,50.0
73860.0,0.34399951461972844,0.24148746853082131,0.07694539076804324,50.0,50.0
73920.0,0.3436466036819476,0.24127374801614107,0.07688327204101653,50.0,50.0
73980.0,0.34329452950711786,0.24106051409611048,0.07682135391865597,50.0,50.0
74040.0,0.3429432893902133,0.24084776520711815,0.07675963560039004,50.0,50.0
74100.0,0.34259288063654686,0.24063549979167848,0.07669811628924145,50.0,50.0
74160.0,0.34224330057207447,0.24042371630512227,0.07663679519700435,50.0,50.0
74220.0,0.34189454651934376,0.24021241319998607,0.07657567153218355,50.0,50.0
74280.0,0.34154661581361967,0.24000158893648058,0.07651474450809254,50.0,50.0
74340.0,0.34119950580222974,0.23979124198206575,0.07645401334253206,50.0,50.0
74400.0,0.3408532138426942,0.2395813708102392,0.07639347725685873,50.0,50.0
74460.0,0.34050773730267736,0.23937197390050424,0.07633313547596787,50.0,50.0
74520.0,0.34016307355993963,0.2391630497383418,0.0762729872282763,50.0,50.0
74580.0,0.33981922000228915,0.23895459681517794,0.0762130317457051,50.0,50.0
74640.0,0.3394761740275335,0.23874661362835548,0.0761532682636624,50.0,50.0
74700.0,0.33913393304343153,0.23853909868110207,0.07609369602102622,50.0,50.0
74760.0,0.3387924944772821,0.23833205048858125,0.07603431426176745,50.0,50.0
74820.0,0.33845185575354775,0.23812546756377515,0.07597512223113238,50.0,50.0
74880.0,0.33811201430885995,0.23791934842695053,0.07591611917818775,50.0,50.0
74940.0,0.3377729675914118,0.23771369160527678,0.07585730435570814,50.0,50.0
75000.0,0.33743471305921935,0.23750849563172877,0.07579867701987131,50.0,50.0
75060.0,0.33709724818007847,0.23730375904506032,0.07574023643024166,50.0,50.0
75120.0,0.33676057043152136,0.23709948038977602,0.07568198184975398,50.00000000000001,50.0
75180.0,0.3364246773007734,0.23689565821610492,0.07562391254469704,50.00000000000001,50.0
75240.0,0.33608956628471,0.23669229107997292,0.07556602778469723,50.00000000000001,50.0
75300.0,0.3357552348898128,0.23648937754297628,0.07550832684270221,50.00000000000001,50.0
75360.0,0.33542168063380745,0.23628691617344105,0.0754508089939273,50.00000000000001,50.0
75420.0,0.3350889010417263,0.23608490554387745,0.07539347351824226,50.00000000000001,50.0
75480.0,0.3347568936484903,0.2358833442326499,0.07533631969853474,50.00000000000001,50.0
75540.0,0.33442565599876833,0.23568223082388795,0.07527934682075417,50.00000000000001,50.0
75600.0,0.3340951856466389,0.23548156390726827,0.07522255417407715,50.00000000000001,50.0
75660.0,0.3337654801555478,0.2352813420779879,0.07516594105089071,50.00000000000001,50.0
75720.0,0.3334365370982657,0.2350815639367376,0.0751095067467753,50.00000000000001,50.0
75780.0,0.3331083540568458,0.23488222808967477,0.07505325056048799,50.00000000000001,50.0
75840.0,0.3327809286225812,0.23468333314839848,0.07499717179394547,50.0,50.0
75900.0,0.33245425839596243,0.2344848777299212,0.07494126975220723,50.0,50.0
75960.0,0.33212834098634747,0.2342868604566454,0.07488554374384913,50.0,50.0
76020.0,0.33180317401258586,0.23408927995633114,0.07482999308004175,50.0,50.0
76080.0,0.331478755102527,0.233892134862073,0.07477461707514352,50.0,50.0
76140.0,0.331155081892994,0.2336954238122743,0.07471941504666109,50.0,50.0
76200.0,0.330832152029792,0.23349914545061848,0.074664386315164,50.0,50.0
76260.0,0.3305099631676656,0.23330329842604502,0.07460953020426797,50.0,50.0
76320.0,0.33018851297025614,0.23310788139271987,0.07455484604061818,50.0,50.0
76380.0,0.3298677991100591,0.23291289301001133,0.0745003331538726,50.0,50.0
76440.0,0.3295478192683816,0.23271833194246164,0.07444599087668527,50.0,50.00000000000001
76500.0,0.32922857113529985,0.2325241968597617,0.07439181854468965,50.00000000000001,50.00000000000001
76560.0,0.32891005241266436,0.23233048643887744,0.07433781549850493,50.000000000000014,50.00000000000001
76620.0,0.32859226080699566,0.23213719935903354,0.07428398107903217,50.000000000000014,50.00000000000001
76680.0,0.3282751940342028,0.23194433430505157,0.07423031463059764,50.000000000000014,50.00000000000001
76740.0,0.32795884981936385,0.23175188996719792,0.0741768155008188,50.000000000000014,50.000000000000014
76800.0,0.32764322589614875,0.23155986504077855,0.07412348304023275,50.000000000000014,50.000000000000014
76860.0,0.32732832000677825,0.23136825822611595,0.07407031660228064,50.000000000000014,50.000000000000014
76920.0,0.327014129901983,0.2311770682285209,0.07401731554329191,50.000000000000014,50.000000000000014
76980.0,0.32670065334096227,0.23098629375826896,0.07396447922246871,50.000000000000014,50.000000000000014
77040.0,0.3263878880913434,0.23079593353057404,0.07391180700187025,50.000000000000014,50.00000000000001
77100.0,0.3260758319291403,0.23060598626556317,0.07385929824639707,50.00000000000001,50.00000000000001
77160.0,0.32576448264401064,0.23041645069173555,0.0738069523259013,50.00000000000001,50.0
77220.0,0.32545383802694,0.23022732553786368,0.07375476861024563,50.0,50.0
77280.0,0.3251438958784765,0.23003860953841135,0.07370274647260833,50.0,50.0
77340.0,0.32483465400838224,0.22985030143330576,0.07365088528934421,50.0,50.0
77400.0,0.32452611023466327,0.22966239996730012,0.07359918443959616,50.0,50.0
77460.0,0.32421826238353124,0.2294749038899514,0.07354764330528055,49.99999999999999,50.0
77520.0,0.32391110828936504,0.2292878119555949,0.07349626127107267,49.99999999999999,49.99999999999999
77580.0,0.3236046457946725,0.22910112292332227,0.0734450377243922,49.99999999999999,49.99999999999999
77640.0,0.32329887275005226,0.22891483555695705,0.07339397205538864,49.999999999999986,49.99999999999999
77700.0,0.3229937870141553,0.2287289486250304,0.07334306365692675,49.999999999999986,49.99999999999999
77760.0,0.32268938645800355,0.2285434609035777,0.07329231192567401,49.999999999999986,49.99999999999999
77820.0,0.32238566895485726,0.2283583711695828,0.07324171625953274,49.999999999999986,49.99999999999999
77880.0,0.32208263238698237,0.22817367820535694,0.073191276059347,49.999999999999986,49.99999999999999
77940.0,0.3217802746453592,0.2279893807983538,0.07314099072882409,49.999999999999986,49.99999999999999
78000.0,0.3214785936288803,0.22780547774064863,0.07309085967432664,49.99999999999998,50.0
78060.0,0.32117758724431417,0.22762196782891808,0.07304088230485871,49.99999999999998,50.0
78120.0,0.3208772534062692,0.2274388498644169,0.07299105803205173,49.999999999999986,50.0
78180.0,0.32057759003715797,0.22725612265295642,0.07294138627015054,49.999999999999986,50.00000000000001
78240.0,0.32027859506716067,0.22707378500488154,0.07289186643599935,49.999999999999986,50.00000000000001
78300.0,0.3199802664341894,0.2268918357350492,0.07284249794902778,49.99999999999999,50.000000000000014
78360.0,0.3196826020865007,0.2267102736645637,0.07279328023192232,49.99999999999999,50.000000000000014
78420.0,0.31938559997652266,0.22652909761668144,0.0727442127090242,49.99999999999999,50.000000000000014
78480.0,0.3190892580649567,0.22634830641953466,0.07269529480738612,49.99999999999999,50.000000000000014
78540.0,0.3187935743205873,0.22616789890600808,0.07264652595671846,50.0,50.00000000000002
78600.0,0.31849854671978167,0.22598787391340647,0.07259790558925507,50.0,50.00000000000002
78660.0,0.31820417324645484,0.22580823028343558,0.07254943313973963,50.0,50.000000000000014
78720.0,0.3179104518920352,0.2256289668621789,0.07250110804541203,50.0,50.000000000000014
78780.0,0.3176173806554298,0.2254500825000773,0.07245292974599467,50.0,50.00000000000001
78840.0,0.3173249575429895,0.22527157605190787,0.0724048976836789,50.0,50.0
78900.0,0.3170331805684744,0.22509344637676193,0.0723570113031113,50.0,49.999999999999986
78960.0,0.3167420477536232,0.22491569233844078,0.07230927005170693,49.99999999999999,49.99999999999998
79020.0,0.3164515571271392,0.22473831280475862,0.07226167337910575,49.99999999999999,49.999999999999964
79080.0,0.3161617067250882,0.22456130664781987,0.07221422073739317,49.99999999999999,49.99999999999996
79140.0,0.315872494590976,0.22438467274407517,0.07216691158114696,49.999999999999986,49.99999999999996
79200.0,0.3155839187762904,0.22420840997447572,0.07211974529993512,50.0,50.0
79260.0,0.31529598524466773,0.22403252060451814,0.07207243614649365,50.0,50.0
79320.0,0.3150087000208605,0.22385700789692278,0.0720251442270486,50.0,50.0
79380.0,0.31472206104126804,0.22368187127043024,0.07197795099015224,50.0,50.00000000000001
79440.0,0.31443606627226534,0.22350710984417926,0.07193087566291824,50.00000000000001,50.0
79500.0,0.31415071369563075,0.22333272264713128,0.07188392770938772,49.99999999999999,50.0
79560.0,0.31386600121714403,0.2231587086040364,0.07183711142375987,49.99999999999999,50.00000000000001
79620.0,0.3135819262176386,0.22298506631584203,0.07179042923798996,49.99999999999999,49.99999999999999
79680.0,0.313298487678741,0.2228117952345359,0.07174388200314535,49.99999999999999,49.99999999999999
79740.0,0.31301568266329693,0.2226388937617864,0.0716974713263502,50.0,49.99999999999999
79800.0,0.3127335106411613,0.2224663616005565,0.07165119713329202,50.0,50.0
79860.0,0.312451968456931,0.22229419701629155,0.0716050604000419,50.0,50.0
79920.0,0.3121710547530697,0.22212239923432944,0.07155906051227805,50.0,50.00000000000001
79980.0,0.3118907675993874,0.22195096719487664,0.0715131981125873,50.0,50.00000000000001
80040.0,0.3116111050782138,0.22177989983388832,0.07146747344787124,49.99999999999999,50.00000000000001
80100.0,0.3113320650405534,0.22160919591608633,0.07142188539425098,49.99999999999999,50.0
80160.0,0.3110536456164677,0.2214388544113188,0.07137643443144769,50.0,50.0
80220.0,0.3107758448464633,0.2212688742165706,0.07133112033467627,50.00000000000001,49.99999999999999
80280.0,0.31049866076501925,0.22109925419877727,0.07128594215296324,50.00000000000001,49.99999999999999
80340.0,0.3102220914149383,0.22092999326637108,0.07124089993817503,50.00000000000001,49.99999999999999
80400.0,0.3099461348834225,0.22076109033341787,0.07119599327054683,50.0,50.0
80460.0,0.309670789321238,0.22059254434010897,0.07115122154246922,50.0,50.0
80520.0,0.3093960527628586,0.2204243541788376,0.07110658449000028,50.00000000000001,49.99999999999999
80580.0,0.30912192340662276,0.22025651881945235,0.07106208163430063,50.00000000000001,49.99999999999999
80640.0,0.30884839942163467,0.22008903721737455,0.07101771251863373,50.00000000000001,50.0
80700.0,0.3085754788373094,0.2199219082590868,0.07097347679187677,50.0,50.0
80760.0,0.3083031597574158,0.21975513086776705,0.07092937404669092,50.0,50.00000000000001
80820.0,0.30803144028744284,0.21958870396744137,0.07088540387444814,50.0,50.00000000000001
80880.0,0.3077603186900073,0.2194226265596872,0.0708415657487666,50.0,50.00000000000001
80940.0,0.30748979309137336,0.21925689757878458,0.07079785924544911,50.0,50.0
81000.0,0.3072198613033901,0.2190915158324155,0.07075430332178133,50.0,50.0
81060.0,0.3069505149283729,0.21892647737472593,0.07071111184342342,50.0,50.0
81120.0,0.306681744220889,0.21876177695633536,0.07066819094962085,49.99999999999999,50.0
81180.0,0.3064135473266213,0.21859741285446296,0.07062543486167981,50.0,50.0
81240.0,0.30614592273390795,0.21843338397736933,0.07058282999113188,50.0,50.0
81300.0,0.3058788687334734,0.21826968918968476,0.0705403666641697,50.0,50.0
81360.0,0.30561238369113686,0.21810632745329464,0.07049804019138704,50.0,50.00000000000001
81420.0,0.3053464659297451,0.2179432977062533,0.07045584564909793,50.0,50.00000000000001
81480.0,0.30508111372190994,0.21778059889425821,0.07041378089804178,50.0,50.0
81540.0,0.30481632537095277,0.21761823000483074,0.07037184470496997,50.0,50.0
81600.0,0.3045520991825549,0.21745619001671876,0.07033003523563179,50.0,50.0
81660.0,0.3042884334897606,0.21729447795286988,0.07028835184966482,50.00000000000001,50.0
81720.0,0.3040253266411311,0.21713309284160215,0.07024679350873116,50.00000000000001,50.0
81780.0,0.30376277697335613,0.2169720337022319,0.07020535921332414,50.00000000000001,50.0
81840.0,0.30350078282551235,0.21681129955659467,0.07016404799965986,50.0,50.0
81900.0,0.3032393425791555,0.21665088946892255,0.0701228593343223,50.0,50.00000000000001
81960.0,0.3029784545691705,0.2164908024567809,0.07008179220373252,50.0,50.00000000000001
82020.0,0.3027181171879113,0.21633103759447989,0.07004084622076456,50.0,50.00000000000001
82080.0,0.3024583287983993,0.21617159392749233,0.07000002067239616,50.0,50.0
82140.0,0.3021990877762731,0.21601247051202943,0.06995931493378384,50.0,50.0
82200.0,0.3019403925254447,0.21585366642934917,0.0699187286083467,50.0,50.0
82260.0,0.30168224141402356,0.2156951807296018,0.06987826102944789,50.0,50.0
82320.0,0.3014246329141593,0.21553701254037286,0.06983791189085425,50.0,50.0
82380.0,0.3011675653786527,0.2153791609023026,0.06979768053459053,50.0,50.0
82440.0,0.3009110371943631,0.21522162488084287,0.06975756640305773,50.00000000000001,50.0
82500.0,0.3006550467525622,0.21506440354466017,0.06971756895166158,50.00000000000001,50.0
82560.0,0.30039959253444243,0.2149074960245834,0.06967768782297662,50.00000000000001,50.0
82620.0,0.3001446729944576,0.2147509014329565,0.06963792260392176,50.00000000000001,50.0
82680.0,0.2998902864947919,0.21459461881833786,0.06959827268935691,50.00000000000001,50.0
82740.0,0.2996364314476007,0.21443864726383036,0.06955873757815667,50.00000000000001,50.0
82800.0,0.29938310635799964,0.21428298589126626,0.06951930970886523,50.0,50.0
82860.0,0.29913031649428423,0.21412763682164693,0.0694797453239799,50.0,50.0
82920.0,0.2988780675007372,0.21397260314588348,0.06944017934482796,49.99999999999999,50.0
82980.0,0.298626357443809,0.2138178843174542,0.0694006909389243,50.0,50.0
83040.0,0.2983751848408801,0.21366347969114008,0.0693612951733105,49.99999999999999,50.0
83100.0,0.29812454816711725,0.2135093885368209,0.06932199999412104,50.0,50.0
83160.0,0.297874445802456,0.21335561002293582,0.06928280904870562,50.0,50.00000000000001
83220.0,0.29762487621159245,0.21320214336205873,0.06924372609847333,50.00000000000001,50.00000000000001
83280.0,0.297375837740292,0.21304898765958757,0.06920475190961109,50.00000000000001,50.0
83340.0,0.2971273287787849,0.21289614203700805,0.06916588721522347,50.0,49.99999999999999
83400.0,0.29687934771386876,0.21274360560940941,0.0691271324776253,49.99999999999999,50.0
83460.0,0.29663189296508563,0.2125913774932107,0.06908848759758854,50.0,50.00000000000001
83520.0,0.29638496297153866,0.21243945681564416,0.06904995266682133,50.0,50.000000000000014
83580.0,0.29613855615452545,0.21228784269754994,0.06901152778434294,50.0,50.000000000000014
83640.0,0.2958926709356992,0.21213653425940687,0.06897321302582213,50.0,50.00000000000001
83700.0,0.29564730579120213,0.21198553063271763,0.06893500800583512,50.0,50.0
83760.0,0.29540245913943336,0.2118348309376223,0.06889691284259712,50.0,50.0
83820.0,0.29515812945018594,0.21168443430440784,0.06885892717697513,50.0,50.0
83880.0,0.29491431518773886,0.21153433986227024,0.06882105070271992,50.0,50.0
83940.0,0.2946710147987681,0.21138454673731394,0.06878328329517829,50.0,50.0
84000.0,0.2944282267861615,0.2112350540716294,0.06874562444995212,50.0,50.0
84060.0,0.2941859496016718,0.21108586099186596,0.06870807397866434,50.0,50.0
84120.0,0.29394418176542003,0.2109369666523638,0.06867063149394258,50.0,50.0
84180.0,0.293702921781429,0.2107883702004664,0.06863329664014454,50.0,50.00000000000001
84240.0,0.2934621680969599,0.21064007075884605,0.06859606917350569,50.0,50.00000000000001
84300.0,0.29322191919043433,0.21049206746371843,0.06855894878884446,49.99999999999999,50.00000000000001
84360.0,0.2929821735402736,0.21034435945129937,0.0685219351809793,49.99999999999999,50.00000000000001
84420.0,0.29274292971279153,0.21019694589804494,0.06848502792303447,49.99999999999999,50.00000000000001
84480.0,0.29250418620529434,0.21004982594881622,0.06844822668368113,50.0,50.0
84540.0,0.2922659415437751,0.20990299876233126,0.06841153110445619,50.0,50.0
84600.0,0.29202819409636155,0.20975646343313512,0.06837495235363825,50.0,50.0
84660.0,0.2917909363096658,0.20961021641048835,0.06833870796377527,50.0,50.0
84720.0,0.2915541597862817,0.20946425304843552,0.0683026858523148,50.00000000000001,50.0
84780.0,0.2913178632539216,0.20931857206788224,0.06826679797632078,50.0,49.99999999999999
84840.0,0.2910820451602143,0.2091731723607742,0.06823103136729185,50.0,50.0
84900.0,0.2908467042877674,0.20902805312195075,0.06819537911651413,49.99999999999999,50.0
84960.0,0.29061183945046765,0.20888321358835957,0.06815983695364305,49.99999999999999,50.0
85020.0,0.2903774490955844,0.20873865278934037,0.0681244013147448,50.0,50.0
85080.0,0.2901435320488429,0.20859437001124706,0.06808907073868006,50.0,50.0
85140.0,0.289910086962537,0.20845036442469184,0.06805384277796811,50.0,50.00000000000001
85200.0,0.28967711243031663,0.20830663520049975,0.06801871694622133,49.99999999999999,50.00000000000001
85260.0,0.2894446071152664,0.20816318153254537,0.06798369164551389,49.99999999999999,50.00000000000001
85320.0,0.2892125696504595,0.20802000262724865,0.06794876673287353,49.99999999999999,50.0
85380.0,0.2889809986965081,0.20787709769026713,0.06791394119088898,50.0,50.0
85440.0,0.28874989293236386,0.20773446595557665,0.06787921466529394,50.0,50.0
85500.0,0.28851925104342235,0.20759210665473457,0.06784458651009383,50.0,49.99999999999999
85560.0,0.28828907172979634,0.20745001903316793,0.06781005623073368,50.0,49.99999999999999
85620.0,0.2880593536472931,0.2073082023013176,0.06777562316214951,50.0,50.0
85680.0,0.2878300954929517,0.20716665570251785,0.06774128681663856,50.0,50.0
85740.0,0.28760129600554263,0.2070253785136796,0.0677070469018725,50.0,50.0
85800.0,0.28737295384952166,0.20688436995192155,0.06767290277760234,50.0,50.0
85860.0,0.28714506772448445,0.20674362926255632,0.06763885397063071,50.0,50.0
85920.0,0.2869176363952925,0.20660315574277616,0.06760490033372461,50.0,50.0
85980.0,0.28669065854011455,0.20646294862086234,0.0675710412866716,50.0,50.0
86040.0,0.28646413286615824,0.20632300714817794,0.06753727639429054,50.0,50.00000000000001
86100.0,0.28623805815017084,0.2061833306268849,0.0675036054547672,50.0,50.00000000000001
86160.0,0.2860124330922985,0.20604391830318783,0.06747002800922317,50.00000000000001,50.0
86220.0,0.2857872564117389,0.2059047694372093,0.06743654366271483,50.00000000000001,49.99999999999999
86280.0,0.28556252685359407,0.2057658833069178,0.06740315207762103,50.00000000000001,49.99999999999999
86340.0,0.28533824317907736,0.20562725920081748,0.06736985293748228,50.00000000000001,50.0
86400.0,0.28511440471865196,0.2054888966560518,0.0673366198939301,50.0,50.0
86460.0,0.2848910152907893,0.20535079729496183,0.06730329368071614,50.0,50.00000000000001
86520.0,0.284668080005534,0.20521296379476656,0.06726992074599257,49.99999999999999,50.0
86580.0,0.2844455981482532,0.20507539626691412,0.06723661691095438,50.0,50.00000000000001
86640.0,0.28422356786494835,0.2049380938813515,0.06720338799956245,50.0,50.0
86700.0,0.28400198804466054,0.20480105609322422,0.06717023943217115,49.99999999999999,50.0
86760.0,0.28378085751106413,0.20466428230619288,0.06713717478544627,50.0,50.0
86820.0,0.2835601749021251,0.20452777180137063,0.06710419596577713,50.0,50.00000000000001
86880.0,0.28333993903252286,0.2043915239579026,0.06707130500375601,50.0,50.00000000000001
86940.0,0.28312014856556555,0.20425553803868973,0.0670385020305885,50.0,50.00000000000001
87000.0,0.28290080221235175,0.20411981335042267,0.06700578819688431,50.0,50.00000000000001
87060.0,0.28268189867279925,0.20398434915733932,0.06697316295702842,50.0,50.00000000000001
87120.0,0.2824634366523898,0.20384914474955637,0.06694062682125923,50.0,50.0
87180.0,0.28224541489620936,0.20371419941318675,0.06690817939333531,50.0,50.0
87240.0,0.2820278321216482,0.20357951243425912,0.06687582077847556,50.0,50.00000000000001
87300.0,0.28181068711467583,0.2034450831194972,0.06684355071138157,50.0,50.00000000000001
87360.0,0.2815939785846188,0.2033109107496494,0.06681136921895504,49.99999999999999,50.00000000000001
87420.0,0.2813777052659269,0.20317699461397926,0.06677927623231603,49.99999999999999,50.0
87480.0,0.28116186596921805,0.20304333402672836,0.06674727133798125,49.99999999999999,50.0
87540.0,0.28094645942021085,0.20290992827429682,0.06671535450657258,49.99999999999999,50.0
87600.0,0.28073148436746465,0.2027767766505748,0.06668352560537438,50.0,50.0
87660.0,0.2805169396196497,0.20264387846983997,0.06665178421646939,50.0,50.0
87720.0,0.280302823936254,0.20251123302967095,0.06662013015564015,50.0,50.0
87780.0,0.28008913607492253,0.20237883962702136,0.06658856324742693,50.0,49.99999999999999
87840.0,0.27987587484363835,0.20224669757880462,0.06655708315286805,50.0,49.99999999999999
87900.0,0.2796630390303359,0.2021148061937749,0.06652568959259166,49.99999999999999,49.99999999999999
87960.0,0.27945062740229976,0.20198316477228226,0.0664943823486043,49.99999999999999,50.0
88020.0,0.27923863876321037,0.20185177263106485,0.06646316113893394,49.99999999999999,50.0
88080.0,0.2790270719257129,0.2017206290910888,0.06643202567121387,50.0,50.0
88140.0,0.278815925673577,0.20158973345970654,0.06640097568666391,50.00000000000001,50.0
88200.0,0.2786051984244036,0.20145908488472172,0.06637003129575036,50.0,49.99999999999999
88260.0,0.27839488399846624,0.20132868038257365,0.06633936201262926,50.0,50.0
88320.0,0.2781849751240761,0.2011985159584871,0.06630889653229317,50.0,49.99999999999999
88380.0,0.2779754703719916,0.20106859029533236,0.0662785387552387,50.0,50.0
88440.0,0.27776636875396166,0.20093890263986347,0.06624828014826221,50.00000000000001,50.0
88500.0,0.2775576692992927,0.2008094523446402,0.06621811459638088,50.0,50.0
88560.0,0.27734937085061284,0.20068023866415488,0.06618803791794103,50.0,50.0
88620.0,0.2771414723952338,0.20055126096887116,0.06615804816455027,50.0,50.0
88680.0,0.2769339728402893,0.2004225185721729,0.06612814249845074,50.00000000000001,50.0
88740.0,0.27672687105724647,0.20029401080122589,0.06609832044105099,50.0,50.0
88800.0,0.27652016595781004,0.20016573699490425,0.06606858046747753,49.99999999999999,50.0
88860.0,0.2763138564386645,0.20003769650659958,0.06603892238695891,49.99999999999999,49.99999999999999
88920.0,0.2761079414194146,0.19990988869566612,0.0660093453970707,50.0,49.99999999999999
88980.0,0.2759024198207012,0.19978231292993648,0.06597984907922616,50.0,50.0
89040.0,0.2756972905923033,0.19965496859830476,0.06595043296384774,50.0,50.0
89100.0,0.2754925526538687,0.19952785506482085,0.0659210964898427,50.0,50.0
89160.0,0.2752882049251656,0.19940097169364038,0.06589183909677686,50.0,50.0
89220.0,0.27508424637589163,0.1992743178931728,0.06586266055232771,50.0,50.0
89280.0,0.27488067593759136,0.19914789303797165,0.06583356036916527,50.0,50.0
89340.0,0.27467749254152707,0.19902169650234008,0.0658045380580726,50.0,50.0
89400.0,0.2744746951668642,0.19889572770238176,0.06577559347534034,50.0,50.0
89460.0,0.27427228275729587,0.1987699860233124,0.0657467262190464,50.0,50.0
89520.0,0.27407025425585396,0.19864447084977271,0.0657179358824536,50.0,50.00000000000001
89580.0,0.2738686086499838,0.19851918160154844,0.06568922228626378,50.0,50.00000000000001
89640.0,0.2736673448947082,0.19839411767310633,0.06566058509434655,50.0,50.00000000000001
89700.0,0.2734664619440707,0.19826927845815026,0.06563202396583566,50.0,50.0
89760.0,0.27326595879221743,0.19814466337856307,0.06560353866048929,50.0,50.0
89820.0,0.27306583440646826,0.19802027183766874,0.06557512887941,50.0,50.0
89880.0,0.27286608775229765,0.1978961032375054,0.06554679431948228,50.0,50.0
89940.0,0.27266671782677193,0.19777215700077916,0.06551853471671092,50.00000000000001,50.0
90000.0,0.272467723788529,0.19764843261627207,0.06549033824754176,50.0,50.0
90060.0,0.27226910967176543,0.19752493181434333,0.0654620147457114,49.99999999999999,50.0
90120.0,0.2720708803191859,0.19740165730009782,0.06543366603097393,50.0,50.0
90180.0,0.2718730344495436,0.19727860879255182,0.06540536631205898,50.00000000000001,49.99999999999999
90240.0,0.27167557110175655,0.19715578588244953,0.06537712563496716,50.0,50.0
90300.0,0.27147848921493345,0.19703318806415437,0.06534894980385361,49.99999999999999,50.0
90360.0,0.27128178778695683,0.1969108148447951,0.06532084288245416,50.00000000000001,50.00000000000001
90420.0,0.27108546573527814,0.19678866564881736,0.06529280584654226,50.00000000000001,50.00000000000001
90480.0,0.2708895220087236,0.19666673992478917,0.06526484057511102,49.99999999999999,50.0
90540.0,0.27069395554209585,0.19654503708464863,0.06523694692695994,49.99999999999999,50.00000000000001
90600.0,0.27049876529573047,0.19642355655085508,0.06520912506933005,49.99999999999999,50.00000000000001
90660.0,0.27030395023071657,0.1963022977483742,0.06518137528233721,50.0,50.0
90720.0,0.27010950931942596,0.19618126010143427,0.06515369763902938,50.0,50.00000000000001
90780.0,0.2699154415144888,0.19606044303231085,0.06512609238818358,50.0,50.00000000000001
90840.0,0.2697217458124542,0.1959398459664219,0.06509855928047777,50.0,50.00000000000001
90900.0,0.26952842117288006,0.19581946832673094,0.06507109850325649,50.00000000000001,50.0
90960.0,0.2693354665792189,0.195699309537868,0.06504370993278608,50.00000000000001,50.0
91020.0,0.26914288102457123,0.19557936902516201,0.06501639331041818,50.0,50.00000000000001
91080.0,0.26895066348147345,0.19545964621245182,0.06498914866507147,49.99999999999999,50.00000000000001
91140.0,0.2687588129605495,0.1953401405307652,0.06496197564241299,49.99999999999999,50.00000000000001
91200.0,0.2685673284417339,0.19522085140449652,0.06493487416855488,49.99999999999999,50.0
91260.0,0.26837620894221603,0.19510177827128555,0.06490784401446893,50.0,50.0
91320.0,0.26818545347864614,0.19498292056854802,0.06488088495219797,50.0,50.0
91380.0,0.2679950610252828,0.1948642777168432,0.06485399686666754,50.0,50.0
91440.0,0.26780503057761984,0.19474584914517434,0.06482717958625732,50.0,50.0
91500.0,0.2676153611311509,0.1946276342825445,0.06480043293934692,50.0,50.0
91560.0,0.2674260517818044,0.19450963260221468,0.06477375659234332,50.0,50.0
91620.0,0.2672371015112133,0.19439184352707997,0.0647471503959793,50.0,50.0
91680.0,0.2670485093127479,0.19427426648520763,0.06472061418205947,49.99999999999999,50.0
91740.0,0.2668602741949063,0.19415690091133161,0.0646941477579906,49.99999999999999,50.0
91800.0,0.26667239518654706,0.1940397462498494,0.06466775090909398,49.99999999999999,50.0
91860.0,0.2664848714249734,0.19392280199663217,0.06464142330305424,49.99999999999999,50.0
91920.0,0.26629770186255713,0.19380606755977328,0.064615164808162,49.99999999999999,50.0
91980.0,0.26611088552375406,0.1936895423815804,0.06458897521451408,49.99999999999999,50.0
92040.0,0.26592442143302003,0.1935732259043617,0.06456285431220729,50.0,50.0
92100.0,0.2657383086834889,0.1934571176053964,0.06453680185739526,50.0,49.99999999999999
92160.0,0.2655525463632603,0.1933412169594001,0.06451081760871968,50.0,49.99999999999999
92220.0,0.26536713346383844,0.19322552339190163,0.0644849013725633,50.0,49.99999999999999
92280.0,0.2651820690257926,0.19311003635341392,0.06445905293105907,50.0,49.99999999999999
92340.0,0.26499735208969205,0.19299475529445015,0.06443327206633999,49.99999999999999,49.99999999999999
92400.0,0.26481298197624253,0.19287967981641901,0.064407558557446,49.99999999999999,49.99999999999999
92460.0,0.2646289576043758,0.19276480930431344,0.0643819121878531,49.99999999999999,49.99999999999999
92520.0,0.2644452779821137,0.19265014319111448,0.06435633274005363,50.0,49.99999999999999
92580.0,0.2642619421623442,0.19253568093397097,0.06433081999604458,50.0,49.99999999999999
92640.0,0.2640789491979553,0.19242142199003118,0.06430537373782289,50.0,49.99999999999999
92700.0,0.263896298141835,0.19230736581644378,0.06427999374738556,50.0,49.99999999999999
92760.0,0.2637139880468714,0.19219351187035721,0.06425467980672954,50.0,49.99999999999999
92820.0,0.2635320179659524,0.19207985960891968,0.0642294316978518,50.0,50.0
92880.0,0.26335038720686627,0.19196640862836895,0.06420424923082385,50.0,50.0
92940.0,0.2631690950168293,0.19185315849188936,0.06417913220904581,50.00000000000001,50.0
93000.0,0.2629881402164043,0.19174010852985945,0.06415408038892653,50.00000000000001,50.0
93060.0,0.26280752188052237,0.1916272582114564,0.0641290935548908,50.00000000000001,50.0
93120.0,0.2626272390841144,0.19151460700585582,0.06410417149136337,50.0,50.0
93180.0,0.26244729090211144,0.1914021543822349,0.064079313982769,50.0,50.0
93240.0,0.26226767640944454,0.19128989980976935,0.06405452081353247,50.0,50.0
93300.0,0.26208839468104456,0.19117784275763605,0.06402979176807853,50.0,50.0
93360.0,0.26190944483641765,0.19106598271957786,0.06400512663772645,50.0,50.0
93420.0,0.2617308266099016,0.19095431952818925,0.06398052530889226,50.0,50.0
93480.0,0.2615525386214336,0.19084285240188634,0.06395598749562625,49.99999999999999,50.0
93540.0,0.26137457997227664,0.1907315808243583,0.06393151298642605,49.99999999999999,50.0
93600.0,0.26119694976369406,0.19062050427929372,0.06390710156978921,49.99999999999999,50.0
93660.0,0.2610196470969488,0.1905096222503814,0.06388275303421333,49.99999999999999,50.0
93720.0,0.2608426710733041,0.19039893422131013,0.06385846716819601,49.99999999999999,50.0
93780.0,0.260666020794023,0.19028843967576917,0.06383424376023483,49.99999999999999,50.0
93840.0,0.2604896953603687,0.1901781380974469,0.0638100825988274,49.99999999999999,50.0
93900.0,0.26031369423829576,0.1900680291731139,0.06378598354599639,49.99999999999999,49.99999999999999
93960.0,0.260138016526909,0.18995811238525692,0.06376194638980429,49.99999999999999,49.99999999999999
94020.0,0.25996266123634243,0.1898483871668194,0.06373797090037621,49.99999999999999,49.99999999999999
94080.0,0.2597876275138298,0.18973885302708832,0.06371405687547785,49.99999999999999,49.99999999999999
94140.0,0.25961291450971846,0.18962950947708646,0.06369020411350262,49.99999999999999,49.99999999999999
94200.0,0.25943852137746976,0.18952035602956888,0.06366641241347173,49.99999999999999,49.99999999999999
94260.0,0.25926444727365866,0.18941139219902592,0.06364268157503417,49.99999999999999,49.99999999999999
94320.0,0.259090691357974,0.1893026175016807,0.06361901139846668,50.0,49.99999999999999
94380.0,0.25891725277553607,0.1891940314463912,0.06359540168902958,50.0,49.99999999999999
94440.0,0.258744130654807,0.1890856335335727,0.06357185225748146,50.0,49.99999999999999
94500.0,0.2585713241951451,0.1889774233002589,0.06354836289851151,50.0,49.99999999999999
94560.0,0.25839883256497714,0.18886940026769666,0.06352493341582324,50.00000000000001,49.99999999999999
94620.0,0.25822665493562236,0.18876156395875218,0.06350156361380245,50.00000000000001,49.99999999999999
94680.0,0.25805479048129265,0.18865391389791183,0.0634782532975172,50.00000000000001,49.99999999999999
94740.0,0.2578832383790924,0.1885464496112827,0.06345500227271782,50.00000000000001,50.0
94800.0,0.25771199780901854,0.18843917062659096,0.06343181034583689,50.00000000000001,50.0
94860.0,0.25754106795396076,0.18833207647318367,0.06340867732398928,50.0,50.0
94920.0,0.25737044799970105,0.18822516668202777,0.06338560301497212,50.0,50.00000000000001
94980.0,0.2572001371349581,0.18811844078600423,0.06336258722940988,50.0,50.00000000000001
95040.0,0.25703013455143486,0.1880118983202289,0.06333962978308784,50.0,50.00000000000001
95100.0,0.2568604394435624,0.18790553882033623,0.0633167304844469,49.99999999999999,50.00000000000001
95160.0,0.256691051008737,0.18779936182406753,0.06329388914615619,50.0,50.0
95220.0,0.25652196844725245,0.18769336687081714,0.06327110558180869,50.0,49.99999999999999
95280.0,0.2563531909614295,0.18758755350104692,0.06324837960442699,50.0,49.99999999999999
95340.0,0.2561847177557843,0.1874819212563991,0.06322571102675198,50.0,49.99999999999999
95400.0,0.2560165480025775,0.18737646966577978,0.06320310353952875,50.0,50.0
95460.0,0.25584867637039743,0.18727119616764518,0.06318074610941167,49.99999999999999,50.0
95520.0,0.2556810973208921,0.18716609751659916,0.06315852030906466,49.99999999999999,50.0
95580.0,0.2555138102245488,0.18706117302681782,0.06313637379757238,49.99999999999999,49.999999999999986
95640.0,0.25534681429281053,0.1869564221026024,0.06311429463575702,50.00000000000001,50.00000000000001
95700.0,0.25518010879438036,0.186851844231956,0.06309227728417509,49.99999999999999,49.99999999999999
95760.0,0.2550136929631096,0.18674743891562107,0.06307031951771369,49.99999999999999,49.99999999999999
95820.0,0.25484756587104956,0.18664320557635425,0.06304841977781678,50.0,50.0
95880.0,0.25468172700156916,0.18653914389367765,0.06302657716276612,49.99999999999999,50.0
95940.0,0.25451617549615935,0.18643525334531055,0.06300479065923045,49.99999999999999,50.0
96000.0,0.25435091110138863,0.18633153377643805,0.06298305994380399,50.0,50.0
96060.0,0.254185932654678,0.18622798448828007,0.06296138405261248,50.0,49.99999999999999
96120.0,0.25402123957374123,0.18612460513164122,0.06293976252411872,50.0,49.99999999999999
96180.0,0.2538568312467225,0.18602139535456216,0.0629181954244242,50.00000000000001,49.99999999999999
96240.0,0.25369270696223667,0.18591835472403362,0.06289668195427615,50.00000000000001,49.99999999999999
96300.0,0.2535288660287876,0.18581548282636784,0.06287522160242093,50.0,49.99999999999999
96360.0,0.2533653076950686,0.1857127792277685,0.06285381433899484,50.0,49.99999999999999
96420.0,0.2532020312201801,0.18561024349793834,0.0628324600503698,49.99999999999999,49.99999999999999
96480.0,0.25303903592165533,0.18550787522622544,0.0628111581526186,49.99999999999999,50.0
96540.0,0.2528763210884817,0.18540567399293856,0.06278990830696923,49.99999999999999,50.0
96600.0,0.25271388601060096,0.18530363940264852,0.06276871082818766,49.99999999999999,50.00000000000001
96660.0,0.2525517299767257,0.18520177102867777,0.06274756518931943,49.99999999999999,50.0
96720.0,0.25238985227598393,0.18510006845491211,0.06272647114795254,50.0,50.0
96780.0,0.2522282522281371,0.184998531288345,0.06270542856967887,50.0,50.0
96840.0,0.252066929163027,0.18489715914357402,0.06268443735562967,50.0,50.0
96900.0,0.25190588236091116,0.1847959515977937,0.06266349723211875,50.0,49.99999999999999
96960.0,0.25174511112333336,0.18469490824425538,0.06264260800050783,50.0,49.99999999999999
97020.0,0.2515846147999926,0.18459402870792568,0.06262176951234916,50.0,50.0
97080.0,0.2514243927014408,0.18449331258798876,0.06260098157839347,50.0,50.00000000000001
97140.0,0.2512644441512591,0.1843927594918127,0.06258024401618989,50.0,50.00000000000001
97200.0,0.2511047685568721,0.18429236906510488,0.06255955107537342,50.00000000000001,50.00000000000001
97260.0,0.25094536943482865,0.18419214288627506,0.06253872733608384,50.0,49.99999999999999
97320.0,0.2507862507295386,0.18409208323837895,0.06251787681767139,50.0,49.99999999999999
97380.0,0.2506274116551473,0.18399219001986508,0.06249705864027247,50.00000000000001,50.0
97440.0,0.25046885138675457,0.18389246287535577,0.06247627916058077,50.00000000000001,50.00000000000001
97500.0,0.25031056916281735,0.18379290144214894,0.062455543427864905,50.0,49.99999999999999
97560.0,0.2501525643405565,0.18369350539147983,0.06243485315707095,50.00000000000001,49.99999999999999
97620.0,0.24999483646904075,0.1835942744884909,0.062414209337179685,50.00000000000001,50.0
97680.0,0.24983738457370977,0.18349520821716633,0.06239361351263928,50.0,50.0
97740.0,0.24968020810908848,0.18339630626846912,0.06237306542225987,50.0,50.00000000000001
97800.0,0.24952330639194345,0.18329756828195914,0.062352566241149744,50.00000000000001,50.0
97860.0,0.24936667869536824,0.18319899384716481,0.062332115843674304,50.00000000000001,50.0
97920.0,0.24921032430120427,0.18310058256181336,0.06231171426616335,50.00000000000001,50.0
97980.0,0.24905424251837133,0.18300233404489732,0.06229136189161488,50.0,50.0
98040.0,0.2488984326360138,0.18290424788217638,0.06227105818414721,50.0,50.0
98100.0,0.2487428939517574,0.18280632368510188,0.06225080343210636,50.0,50.0
98160.0,0.24858762579035085,0.18270856106360173,0.06223059740619895,50.0,50.0
98220.0,0.24843262745607034,0.1826109596232327,0.06221044005980132,50.00000000000001,50.0
98280.0,0.24827789827778787,0.18251351898018803,0.06219033131433817,50.00000000000001,50.0
98340.0,0.2481234375957567,0.18241623875493057,0.06217027105375789,50.00000000000001,50.0
98400.0,0.2479692447025576,0.18231911854765973,0.06215025923618126,50.0,50.0
98460.0,0.247815318912401,0.1822221579677686,0.06213029578607596,50.0,50.0
98520.0,0.24766165955364142,0.18212535663048618,0.062110380596143405,49.99999999999999,50.0
98580.0,0.24750826600571382,0.18202871417211722,0.062090513444362776,49.999999999999986,50.0
98640.0,0.24735513755819677,0.18193223019189164,0.0620706943105228,49.99999999999999,50.0
98700.0,0.2472022735353422,0.18183590430334556,0.0620509230965389,49.99999999999999,50.0
98760.0,0.24704967326140204,0.18173973612001587,0.06203119970432654,50.0,50.0
98820.0,0.24689733614014742,0.18164372528901987,0.06201152384695325,50.00000000000001,50.0
98880.0,0.24674526146829812,0.1815478714122672,0.06199189549171986,50.00000000000001,50.0
98940.0,0.24659344857911342,0.1814521741070978,0.061972314519150445,50.00000000000001,50.0
99000.0,0.24644189680665354,0.18135663299118987,0.061952780807867036,50.00000000000001,50.0
99060.0,0.2462906055376594,0.18126124770693414,0.06193329416538255,50.0,50.0
99120.0,0.24613957411125303,0.18116601787438336,0.06191385446348651,50.0,50.0
99180.0,0.2459888018583566,0.18107094310974353,0.06189446158503674,50.0,50.0
99240.0,0.24583828812215192,0.18097602303497248,0.06187511539634274,49.99999999999999,50.00000000000001
99300.0,0.2456880323288449,0.18088125731538407,0.06185581574408169,49.99999999999999,50.00000000000001
99360.0,0.24553803386025785,0.18078664559311447,0.06183656248542594,49.99999999999999,50.000000000000014
99420.0,0.24538829200354886,0.18069218746086427,0.06181735549993274,49.99999999999999,50.000000000000014
99480.0,0.24523880610888027,0.18059788254423606,0.06179819465226095,49.99999999999999,50.00000000000001
99540.0,0.24508957552641447,0.18050373046883225,0.06177907980706943,49.99999999999999,50.00000000000001
99600.0,0.2449405996063138,0.18040973086025583,0.061760010829017054,49.99999999999999,50.00000000000001
99660.0,0.2447918776987407,0.18031588334410925,0.061740987582762676,49.99999999999999,50.00000000000001
99720.0,0.2446434091538575,0.18022218754599495,0.061722009932965165,50.0,50.0
99780.0,0.2444951935166552,0.18012864319557273,0.06170307773799486,50.0,50.0
99840.0,0.24434723014493917,0.18003524992252734,0.06168419086226394,50.0,50.0
99900.0,0.2441995183109157,0.17994200731082532,0.06166534917294746,50.0,50.0
99960.0,0.2440520573778245,0.17984891499305386,0.061646552534282195,50.0,50.0
100020.0,0.2439048467089054,0.17975597260180037,0.0616278008105049,50.0,50.0
100080.0,0.24375788566739803,0.1796631797696518,0.061609093865852345,50.0,50.0
100140.0,0.2436111736165422,0.17957053612919546,0.06159043156456129,50.0,50.0
100200.0,0.24346470991957764,0.17947804131301842,0.0615718137708685,50.0,50.0
100260.0,0.24331849422630192,0.17938569510934774,0.06155324036076117,50.0,50.0
100320.0,0.24317252582696738,0.17929349711112857,0.0615347111954832,50.0,50.0
100380.0,0.24302680402452095,0.17920144691820097,0.061516226136798996,50.0,50.0
100440.0,0.2428813281981034,0.1791095441717883,0.06149778504959737,50.0,50.0
100500.0,0.24273609772685542,0.1790177885131143,0.0614793877987671,50.0,50.0
100560.0,0.2425911119899178,0.17892617958340248,0.06146103424919697,50.0,50.0
100620.0,0.2424463703664313,0.1788347170238765,0.061442724265775794,50.0,50.0
100680.0,0.2423018722355366,0.17874340047575987,0.06142445771339235,50.0,50.0
100740.0,0.24215761723916315,0.17865222972547365,0.06140623449146352,50.0,50.0
100800.0,0.24201360466009322,0.17856120436100045,0.06138805445221746,50.0,50.0
100860.0,0.24186983387425018,0.1784703240217864,0.06136991746012022,50.0,50.0
100920.0,0.24172630428939665,0.17837958836486995,0.06135182338382125,50.0,50.0
100980.0,0.24158301531531115,0.17828899704840195,0.06133377209223488,50.0,50.0
101040.0,0.241439966363788,0.1781985497316483,0.06131576345454029,50.0,50.0
101100.0,0.2412971568486374,0.1781082460749884,0.06129779734018152,50.0,50.0
101160.0,0.24115458618568533,0.17801808573991507,0.061279873618867484,50.0,50.0
101220.0,0.24101225375627336,0.1779280683714971,0.061261992186175326,50.0,50.0
101280.0,0.24087015900335698,0.1778381936445537,0.061244152896141546,50.0,50.0
101340.0,0.24072830134697337,0.17774846122303678,0.0612263556205578,50.0,50.0
101400.0,0.24058668020885576,0.17765887077185882,0.061208600231704866,50.0,50.0
101460.0,0.24044529501263,0.1775694219569866,0.061190886602214827,50.0,50.0
101520.0,0.2403041451838146,0.17748011444544165,0.06117321460507109,50.0,50.0
101580.0,0.24016323014982052,0.1773909479052997,0.06115558411360837,50.0,50.0
101640.0,0.24002254933995143,0.17730192200569186,0.06113799500151272,50.0,49.99999999999999
101700.0,0.23988210218540354,0.17721303641680286,0.0611204471428215,50.0,49.99999999999999
101760.0,0.2397418881192656,0.17712429080987302,0.06110294041192337,50.0,49.99999999999999
101820.0,0.23960190656951905,0.17703568485594956,0.06108547470648728,50.0,49.99999999999999
101880.0,0.23946215697746756,0.1769472182291705,0.0610680498870948,50.0,49.99999999999999
101940.0,0.2393226387815255,0.1768588906038767,0.061050665830342174,50.0,49.99999999999999
102000.0,0.2391833514219385,0.17677070165545222,0.06103332241337779,50.0,49.99999999999999
102060.0,0.2390442943408212,0.1766826510603324,0.06101601951377875,50.0,49.99999999999999
102120.0,0.23890546698215714,0.17659473849600218,0.06099875700955093,50.00000000000001,49.99999999999999
102180.0,0.23876686879179887,0.17650696364099722,0.06098153477912892,50.00000000000001,49.99999999999999
102240.0,0.23862849921746782,0.17641932617490325,0.06096435270137606,50.00000000000001,49.99999999999999
102300.0,0.2384903577087544,0.1763318257783567,0.06094721065558444,50.00000000000001,50.0
102360.0,0.23835244371711797,0.1762444621330444,0.06093010852147489,50.00000000000001,50.0
102420.0,0.2382147566675473,0.1761572349071428,0.06091304618073039,50.00000000000001,50.0
102480.0,0.23807729603317324,0.1760701437936535,0.06089602351295889,50.00000000000001,50.0
102540.0,0.23794006126963624,0.17598318847668148,0.0608790403992446,50.00000000000001,50.00000000000001
102600.0,0.2378030518341974,0.17589636864125488,0.060862096721113874,50.00000000000001,50.00000000000001
102660.0,0.23766626718589112,0.17580968397340302,0.060845192360527024,50.00000000000001,50.00000000000001
102720.0,0.23752970678552504,0.1757231341601563,0.06082832719987827,50.00000000000001,50.00000000000001
102780.0,0.2373933700956801,0.17563671888954666,0.06081150112199573,50.00000000000001,50.00000000000001
102840.0,0.2372572565807104,0.17555043785060664,0.060794714010141464,50.00000000000001,50.0
102900.0,0.23712136570674341,0.1754642907333703,0.060777965748011455,50.0,50.0
102960.0,0.2369856969416798,0.17537827722887311,0.060761256219735583,50.0,50.0
103020.0,0.23685024972568156,0.17529239701294502,0.060744585303805575,50.0,50.0
103080.0,0.23671502354887136,0.1752066497888795,0.060727952889061666,50.0,50.0
103140.0,0.2365800178829849,0.17512103524989991,0.060711358860630005,50.0,50.0
103200.0,0.2364452322012726,0.17503555309008934,0.06069480310401749,49.99999999999999,49.99999999999999
103260.0,0.23631066597865838,0.17495020300447642,0.06067828550514442,49.99999999999999,49.99999999999999
103320.0,0.23617631869174,0.1748649846890376,0.06066180595034452,49.99999999999999,49.99999999999999
103380.0,0.23604218981878858,0.17477989784069461,0.06064536432636493,49.99999999999999,49.99999999999999
103440.0,0.23590827883974902,0.17469494215731604,0.06062896052036621,50.0,49.99999999999999
103500.0,0.2357745852362397,0.17461011733771767,0.06061259441992234,50.0,49.99999999999999
103560.0,0.23564110849155273,0.17452542308166072,0.0605962659130207,50.0,49.99999999999999
103620.0,0.23550784807222075,0.17444085907968326,0.06057997488457916,50.0,49.99999999999999
103680.0,0.23537480347654766,0.17435642503987564,0.06056372122561599,50.0,49.99999999999999
103740.0,0.23524197419191886,0.1742721206643275,0.0605475048251836,50.0,49.99999999999999
103800.0,0.235109359707232,0.1741879456559856,0.060531325572717294,50.0,49.99999999999999
103860.0,0.23497695951299608,0.17410389971870882,0.060515183358054045,50.0,50.0
103920.0,0.23484477310133137,0.17401998255726814,0.06049907807143249,50.0,50.0
103980.0,0.2347127999659696,0.17393619387734718,0.06048300960349289,50.00000000000001,50.0
104040.0,0.23458103960225385,0.17385253338554102,0.06046697784527721,50.00000000000001,50.0
104100.0,0.2344494915071385,0.17376900078935675,0.060450982688229016,50.00000000000001,50.00000000000001
104160.0,0.23431815517918936,0.1736855957972152,0.060435024024193575,50.00000000000001,50.00000000000001
104220.0,0.23418703011512879,0.1736023181165712,0.06041910174438061,50.00000000000001,50.00000000000001
104280.0,0.23405611581464678,0.17351916745652973,0.060403215740808695,50.0,50.0
104340.0,0.2339254115024976,0.1734361433841105,0.060387373116995754,50.0,50.0
104400.0,0.23379491645072498,0.17335324549084008,0.060371579761062694,50.0,50.00000000000001
104460.0,0.2336646278625494,0.1732704723816007,0.060355943011812754,50.0,50.0
104520.0,0.23353454081066916,0.1731878212592521,0.06034041947990695,49.99999999999999,50.0
104580.0,0.23340465495487422,0.17310529164500557,0.06032494937770427,49.99999999999999,49.99999999999999
104640.0,0.23327496974889023,0.17302288312129374,0.06030952307736623,50.0,50.0
104700.0,0.23314548466002513,0.17294059530519543,0.06029413629170613,50.0,50.00000000000001
104760.0,0.23301619928395786,0.17285842792809067,0.06027878760801277,49.99999999999999,50.0
104820.0,0.23288711312390672,0.17277638067159365,0.06026347583770585,49.99999999999999,50.0
104880.0,0.23275822598414872,0.17269445341207385,0.06024820060942246,50.0,50.0
104940.0,0.2326295371670349,0.17261264571138787,0.060232960720202136,49.99999999999999,50.0
105000.0,0.2325010463426153,0.17253095737687585,0.060217756266406235,49.99999999999999,50.0
105060.0,0.23237275307488567,0.17244938813562555,0.06020258653697897,50.0,50.0
105120.0,0.2322446569279983,0.1723679377150677,0.060187450832295514,50.0,49.99999999999999
105180.0,0.2321167574374906,0.17228660584314473,0.06017234919452145,50.0,49.99999999999999
105240.0,0.23198905413999552,0.17220539224787668,0.0601572816417862,50.0,49.99999999999999
105300.0,0.23186154660368735,0.17212429665952028,0.060142247500293344,50.0,49.99999999999999
105360.0,0.23173423438203408,0.17204331881310794,0.060127246620677664,50.0,50.0
105420.0,0.23160711702762296,0.17196245845739333,0.060112279350953174,50.0,50.0
105480.0,0.23148019409452328,0.1718817153180402,0.0600973452021614,49.99999999999999,50.0
105540.0,0.23135346513696756,0.17180108912971173,0.06008244399330633,49.99999999999999,50.0
105600.0,0.23122692974304418,0.17172057965940898,0.06006757583209336,49.99999999999999,50.0
105660.0,0.23110058745925494,0.17164018663441033,0.060052740471603965,50.0,50.0
105720.0,0.23097443784569793,0.17155990979498084,0.06003793778086,50.00000000000001,50.0
105780.0,0.23084848050580595,0.17147974891206805,0.06002316767334087,50.00000000000001,50.0
105840.0,0.23072271499770183,0.1713997037245387,0.06000843001604196,50.00000000000001,50.0
105900.0,0.23059714087636937,0.17131977396903678,0.059993724672738356,50.00000000000001,50.0
105960.0,0.2304717577071577,0.17123995938954578,0.059979051517839055,50.00000000000001,50.00000000000001
106020.0,0.23034656505541595,0.17116025973004848,0.059964410425753054,50.0,50.00000000000001
106080.0,0.23022156250311662,0.17108067474622882,0.05994980129537624,50.0,50.00000000000001
106140.0,0.23009674963877694,0.17100120419837742,0.05993522403524512,50.0,50.00000000000001
106200.0,0.22997212612229592,0.17092184787626324,0.059920672068761394,50.0,50.0
106260.0,0.22984769477681025,0.17084260710838478,0.05990600475927704,50.00000000000001,49.99999999999999
106320.0,0.22972345880112516,0.17076348379525821,0.059891310867826064,50.0,50.0
106380.0,0.2295994176485876,0.17068447787854765,0.059876632918768984,50.00000000000001,50.00000000000001
106440.0,0.2294755708710046,0.1706055891751521,0.05986197830164991,50.00000000000001,50.0
106500.0,0.22935191805803662,0.17052681750745521,0.05984735139211309,50.0,50.00000000000001
106560.0,0.22922845875999523,0.17044816265230717,0.059832753445960216,50.0,50.00000000000001
106620.0,0.22910519250236996,0.17036962435978723,0.05981818503305592,50.0,50.0
106680.0,0.228982118808343,0.17029120237080336,0.05980364676088304,50.0,50.0
106740.0,0.2288592367006829,0.17021289614506924,0.059789139352460705,50.0,50.0
106800.0,0.22873654663928247,0.17013470593685573,0.05977466246500054,49.99999999999999,50.0
106860.0,0.22861404766379848,0.17005663120911899,0.05976021648202146,49.99999999999999,50.0
106920.0,0.2284917394512312,0.16997867178123183,0.05974580153251534,50.0,50.0
106980.0,0.22836962217041423,0.16990082774648949,0.059731417508411204,50.0,49.99999999999999
107040.0,0.22824769447325344,0.16982309834243117,0.05971706463664339,50.00000000000001,49.99999999999999
107100.0,0.22812595633011074,0.16974548355229432,0.05970274292220109,50.0,49.99999999999999
107160.0,0.22800440735003316,0.16966798314617054,0.05968845217420233,50.0,49.99999999999999
107220.0,0.22788304711341606,0.16959059688531541,0.05967419242173201,50.0,49.99999999999999
107280.0,0.22776187519066368,0.16951332452790258,0.059659963770579305,50.0,49.99999999999999
107340.0,0.22764089116229616,0.1694361658352258,0.059645766248871135,50.0,50.0
107400.0,0.2275200945909798,0.16935912055524271,0.059631599805765365,50.0,50.0
107460.0,0.22739948495989207,0.16928218837653386,0.05961746403883335,50.0,50.0
107520.0,0.2272790618903255,0.1692053690908494,0.059603359156542114,50.0,50.0
107580.0,0.2271588249497672,0.16912866244974753,0.059589285129372185,50.0,50.0
107640.0,0.2270387737057042,0.1690520682047868,0.059575241927804105,50.0,50.0
107700.0,0.22691890772937584,0.16897558609968413,0.05956122931838264,50.0,50.0
107760.0,0.2267992265893426,0.16889921588375495,0.05954724721325065,50.0,50.0
107820.0,0.226679729852408,0.1688229573099861,0.059533295620039874,50.0,50.0
107880.0,0.22656041708672833,0.168746810128537,0.059519374472856344,50.0,50.0
107940.0,0.22644128786981696,0.1686707740940101,0.059505483694206995,50.0,50.0
108000.0,0.22632234184051828,0.16859484899012384,0.05949162313057098,50.0,50.0
108060.0,0.22620357853768117,0.1685190345531243,0.05947779275238471,50.00000000000001,50.0
108120.0,0.22608499753841413,0.16844333053742153,0.059463992482656845,50.00000000000001,50.0
108180.0,0.2259665984198257,0.16836773669742533,0.05945022224439606,50.00000000000001,50.0
108240.0,0.2258483808555654,0.16829225283930876,0.059436481953469726,50.00000000000001,50.0
108300.0,0.22573034443094886,0.16821687872188276,0.05942277153227941,50.00000000000001,50.0
108360.0,0.22561248868176959,0.16814161407740427,0.05940909090688992,50.00000000000001,50.0
108420.0,0.22549481319182632,0.16806645866387043,0.05939543999981504,50.00000000000001,50.0
108480.0,0.22537731754491785,0.16799141223927835,0.05938181873356853,50.00000000000001,50.0
108540.0,0.22526000132484295,0.16791647456162473,0.059368227030664175,50.00000000000001,50.0
108600.0,0.2251428641154004,0.1678416453889067,0.05935466481361576,50.0,50.0
108660.0,0.22502590550038898,0.16776692447912142,0.05934113200493705,50.0,50.0
108720.0,0.22490912523119125,0.1676923116801825,0.059327628514892795,50.0,50.0
108780.0,0.2247925228454295,0.16761780672531099,0.0593141542693719,50.0,50.0
108840.0,0.22467609789411966,0.1675434093549143,0.05930070919328431,50.0,50.0
108900.0,0.22455984997026845,0.1674691193319301,0.059287293208470766,50.0,50.0
108960.0,0.22444377866688253,0.1673949364192958,0.059273906236772034,50.0,50.0
109020.0,0.22432788357696862,0.16732086037994887,0.05926054820002885,50.0,50.0
109080.0,0.22421216429353336,0.16724689097682668,0.05924721902008198,50.0,50.0
109140.0,0.22409662040958345,0.16717302797286698,0.05923391861877217,50.0,50.0
109200.0,0.2239812517317968,0.1670992712464484,0.05922064690344697,50.0,50.0
109260.0,0.22386605774135682,0.16702562050009287,0.05920740380353206,50.0,50.0
109320.0,0.22375103802366392,0.16695207549262853,0.0591941892413841,50.0,50.0
109380.0,0.22363619218137254,0.16687863599220523,0.059181003138189456,50.0,49.99999999999999
109440.0,0.22352151981713717,0.1668053017669731,0.05916784541513447,50.0,49.99999999999999
109500.0,0.22340702053361233,0.16673207258508205,0.059154715993405486,50.0,49.99999999999999
109560.0,0.22329269393345244,0.16665894821468197,0.05914161479418885,50.0,49.99999999999999
109620.0,0.22317853962719128,0.16658592842826125,0.05912854173910351,50.0,49.99999999999999
109680.0,0.22306455738260003,0.16651301308488614,0.0591154967584011,50.0,49.99999999999999
109740.0,0.2229507467106205,0.1664402019022081,0.05910247976823275,50.0,49.99999999999999
109800.0,0.22283710722947403,0.16636749465694836,0.059089490690639436,50.0,49.99999999999999
109860.0,0.22272363855854882,0.16629489112647056,0.05907652944772625,50.0,49.99999999999999
109920.0,0.2226103403184001,0.16622239108878142,0.05906359596166232,50.0,49.99999999999999
109980.0,0.22249721213075,0.16614999432252983,0.05905069015468086,50.0,50.0
110040.0,0.22238425361848757,0.1660777006070072,0.059037811949079144,50.0,50.0
110100.0,0.2222714644021464,0.16600550972057132,0.05902496127168175,50.0,50.0
110160.0,0.22215884409218228,0.1659334214371914,0.059012138063625416,50.0,50.0
110220.0,0.22204639232570839,0.16586143554288482,0.05899934223381221,50.0,50.0
110280.0,0.2219341087291376,0.16578955181900074,0.058986573706245195,50.0,50.0
110340.0,0.22182199292998114,0.1657177700475015,0.058973832405078315,50.0,50.00000000000001
110400.0,0.22171004455684878,0.16564609001096037,0.05896111825461637,50.0,50.00000000000001
110460.0,0.22159826323944862,0.1655745114925627,0.05894843117931505,50.0,50.00000000000001
110520.0,0.22148664860858722,0.16550303427610613,0.05893577110378092,50.0,50.00000000000001
110580.0,0.22137520029616958,0.16543165814599942,0.05892313795277139,50.0,50.00000000000001
110640.0,0.22126391793519914,0.1653603828872637,0.05891053165119479,50.0,50.00000000000001
110700.0,0.22115280115970373,0.16528920828587135,0.05889795212786666,50.0,50.00000000000001
110760.0,0.22104184960457332,0.1652181341294899,0.058885399323745036,50.0,50.00000000000001
110820.0,0.22093106290633197,0.16514716020394313,0.0588728731527553,50.0,50.00000000000001
110880.0,0.22082044070235277,0.16507628629680945,0.05886037354162921,50.0,50.00000000000001
110940.0,0.2207099826311058,0.1650055121962866,0.058847900417322435,50.0,50.00000000000001
111000.0,0.2205996883321582,0.16493483769119005,0.05883545370701461,50.0,50.00000000000001
111060.0,0.22048955744617402,0.164864262570954,0.058823033338109273,50.0,50.00000000000001
111120.0,0.2203795896149143,0.16479378662563168,0.05881063923823391,50.0,50.00000000000001
111180.0,0.22026978448123716,0.16472340964589371,0.058798271335239925,50.0,50.0
111240.0,0.22016014168909756,0.1646531314230305,0.05878592955720267,50.0,50.0
111300.0,0.22005066088120537,0.164582951747819,0.058773613833004876,50.0,50.0
111360.0,0.21994134169389,0.1645128704080478,0.05876132409361584,49.99999999999999,50.0
111420.0,0.21983218378152808,0.16444288720030295,0.05874906026600645,49.99999999999999,50.0
111480.0,0.21972318679170189,0.16437300191798104,0.05873682227933728,49.99999999999999,50.0
111540.0,0.2196143503730452,0.16430321435507494,0.05872461006300415,49.99999999999999,50.0
111600.0,0.2195056741752432,0.1642335243061743,0.0587124235466382,49.99999999999999,50.0
111660.0,0.21939715784903246,0.16416393156646533,0.05870026266010583,49.99999999999999,50.0
111720.0,0.2192888010462011,0.16409443593173048,0.058688127333508706,49.99999999999999,50.0
111780.0,0.2191806034195886,0.16402503719834854,0.058676017497183805,49.99999999999999,50.0
111840.0,0.21907256462308586,0.16395573516329542,0.05866393308170336,49.99999999999999,50.00000000000001
111900.0,0.21896468430880164,0.16388652962259306,0.0586518740171693,49.99999999999999,50.00000000000001
111960.0,0.21885696212085023,0.1638174203679128,0.05863984023166633,49.99999999999999,50.00000000000001
112020.0,0.2187493977249033,0.16374840720273776,0.05862783165862057,49.99999999999999,50.00000000000001
112080.0,0.21864199077813723,0.16367948992592624,0.05861584822931624,49.99999999999999,50.00000000000001
112140.0,0.21853474093872471,0.16361066833690258,0.05860388987525908,49.99999999999999,50.00000000000001
112200.0,0.21842764786583482,0.1635419422356579,0.05859195652817642,49.99999999999999,50.00000000000001
112260.0,0.21832071121963292,0.16347331142274935,0.058580048120017124,49.99999999999999,50.00000000000001
112320.0,0.21821393066128073,0.16340477569930065,0.05856816458295164,49.99999999999999,50.00000000000001
112380.0,0.2181073058529362,0.16333633486700183,0.05855630584937193,49.99999999999999,50.00000000000001
112440.0,0.21800083645775373,0.16326798872810905,0.05854447185189155,50.0,50.0
112500.0,0.21789452213800276,0.16319973708441007,0.05853266252307856,50.0,50.0
112560.0,0.2177883625509437,0.16313157973495365,0.05852087779487005,50.0,49.99999999999999
112620.0,0.2176823573684468,0.16306351648684678,0.05850911760135721,50.0,49.99999999999999
112680.0,0.2175765062570407,0.16299554714427514,0.05849738187595309,50.0,49.99999999999999
112740.0,0.21747080888421383,0.1629276715119702,0.05848567055228708,50.0,49.99999999999999
112800.0,0.21736526491841437,0.16285988939521043,0.058473983564204954,50.0,49.99999999999999
112860.0,0.21725987402905023,0.16279220059981986,0.058462320845768835,50.0,49.99999999999999
112920.0,0.21715463588648898,0.16272460493216861,0.05845068233125722,50.0,49.99999999999999
112980.0,0.217049550162058,0.16265710219917398,0.05843906795516496,50.0,50.0
113040.0,0.21694461652804445,0.16258969220829855,0.05842747765220326,50.0,50.0
113100.0,0.21683983465643555,0.1625223747668834,0.05841591135727656,50.0,50.0
113160.0,0.21673520421615752,0.16245514968068286,0.058404369005431674,50.0,50.0
113220.0,0.2166307248862111,0.1623880167608326,0.05839285053209943,50.0,50.0
113280.0,0.21652639634231324,0.1623209758167636,0.05838135587284896,50.0,50.0
113340.0,0.21642221826111618,0.16225402665843947,0.05836988496346534,50.0,50.0
113400.0,0.2163181903202074,0.1621871690963577,0.05835843773994953,50.0,50.00000000000001
113460.0,0.2162143121981096,0.16212040294154872,0.05834701413851841,50.0,50.00000000000001
113520.0,0.2161105835742807,0.16205372800557652,0.05833561409560477,50.0,50.00000000000001
113580.0,0.21600700412911394,0.1619871441005375,0.058324237547857316,50.0,50.00000000000001
113640.0,0.2159035735439377,0.1619206510390626,0.05831288443214067,50.0,50.00000000000001
113700.0,0.21580029149968274,0.16185424863360015,0.05830155468533908,50.0,50.00000000000001
113760.0,0.21569715767395994,0.16178793669485153,0.058290248243926084,50.0,50.00000000000001
113820.0,0.21559417175496126,0.161721715039222,0.0582789650460116,50.0,50.00000000000001
113880.0,0.21549133342732316,0.16165558348124245,0.05826770502926013,50.0,50.00000000000001
113940.0,0.21538864237659147,0.16158954183596325,0.058256468131548306,50.0,50.00000000000001
114000.0,0.2152860982892213,0.16152358991895424,0.05824525429096482,50.0,50.00000000000001
114060.0,0.2151837008525771,0.16145772754630439,0.05823406344581048,50.0,50.00000000000001
114120.0,0.21508144975493262,0.161391954534622,0.05822289553459819,50.0,50.00000000000001
114180.0,0.21497934468547095,0.1613262707010349,0.058211750496052934,50.0,50.00000000000001
114240.0,0.21487738533428447,0.1612606758631903,0.0582006282691118,50.0,50.00000000000001
114300.0,0.2147755713908151,0.1611951698383936,0.058189528792506114,50.0,50.00000000000001
114360.0,0.21467390254043492,0.16112975244172303,0.05817845200384534,50.0,50.00000000000001
114420.0,0.21457237848071262,0.16106442349500333,0.05816739784397494,50.0,50.00000000000001
114480.0,0.21447099890487123,0.16099918281767928,0.05815636625254467,49.99999999999999,50.00000000000001
114540.0,0.21436976350701287,0.16093403022969835,0.05814535716940825,49.99999999999999,50.00000000000001
114600.0,0.21426867198211857,0.1608689655515109,0.05813437053462339,49.99999999999999,50.0
114660.0,0.21416772402604836,0.16080398860406941,0.05812340628845174,49.99999999999999,50.0
114720.0,0.21406691933554126,0.16073909920882912,0.05811246437135891,49.99999999999999,50.0
114780.0,0.21396625760821525,0.16067429718774792,0.05810154472401453,49.99999999999999,50.0
114840.0,0.21386573854256732,0.1606095823632862,0.05809064728729213,49.99999999999999,49.99999999999999
114900.0,0.21376536183639133,0.1605449545575243,0.05807977200185281,49.99999999999999,49.99999999999999
114960.0,0.21366512718330966,0.16048041359022544,0.05806891880723221,49.99999999999999,49.99999999999999
115020.0,0.21356503428927248,0.16041595928804628,0.05805808764618356,49.99999999999999,49.999999999999986
115080.0,0.2134650828557789,0.16035159147517086,0.058047278460261045,49.99999999999999,49.999999999999986
115140.0,0.2133652725851762,0.16028730997626864,0.058036491191214734,49.99999999999999,49.999999999999986
115200.0,0.21326560318065993,0.16022311461649433,0.05802572578099053,49.99999999999999,49.999999999999986
115260.0,0.21316607434627374,0.1601590052214883,0.058014982171730234,49.99999999999999,49.99999999999999
115320.0,0.21306668578690957,0.16009498161737665,0.0580042603057715,49.99999999999999,49.99999999999999
115380.0,0.21296743720830758,0.16003104363077011,0.05799356012564786,50.0,49.99999999999999
115440.0,0.21286832831705604,0.1599671910887652,0.0579828815740887,50.0,50.0
115500.0,0.21276935881942005,0.15990342381829012,0.0579722245937512,50.0,50.0
115560.0,0.2126705284185633,0.15983974164455256,0.057961589126584626,50.0,50.0
115620.0,0.21257183682690867,0.15977614439794272,0.05795097511665884,50.0,50.0
115680.0,0.2124732837538407,0.15971263190716528,0.057940382507350154,50.0,50.00000000000001
115740.0,0.21237486890952917,0.1596492040013758,0.05792981124221638,50.0,50.00000000000001
115800.0,0.21227659200492638,0.15958586051017842,0.05791926126499613,50.0,50.00000000000001
115860.0,0.21217845275176422,0.15952260126362416,0.05790873251960821,50.0,50.00000000000001
115920.0,0.21208045086255137,0.15945942609220984,0.057898224950150935,50.0,50.00000000000001
115980.0,0.21198258605057044,0.15939633482687635,0.05788773850090152,50.0,50.00000000000001
116040.0,0.21188485802987528,0.15933332729900682,0.05787727311631539,49.99999999999999,50.00000000000001
116100.0,0.21178726651543087,0.1592704033405049,0.05786682874104138,49.99999999999999,50.0
116160.0,0.21168981122344968,0.159207562783984,0.05785640531995864,49.99999999999999,50.0
116220.0,0.2115924918698804,0.15914480546191964,0.057846002798008944,49.99999999999999,49.99999999999999
116280.0,0.2114953081719058,0.15908213120748982,0.05783562112036221,49.99999999999999,49.99999999999999
116340.0,0.21139825984747324,0.15901953985431078,0.057825260232364194,49.99999999999999,49.99999999999999
116400.0,0.21130134661529226,0.15895703123643623,0.0578149200795359,49.99999999999999,49.99999999999999
116460.0,0.21120456819483208,0.15889460518835558,0.05780460060757291,49.99999999999999,49.99999999999999
116520.0,0.21110792430631903,0.15883226154499366,0.05779430176234485,49.99999999999999,49.99999999999999
116580.0,0.21101141467073417,0.15877000014170778,0.057784023489894726,50.0,49.99999999999999
116640.0,0.21091503900981073,0.15870782081428728,0.05777376573643832,50.0,50.0
116700.0,0.21081879704591888,0.15864572339888722,0.05776352844833305,50.00000000000001,50.0
116760.0,0.2107226885017957,0.15858370773187572,0.05775331157200495,50.00000000000001,50.0
116820.0,0.2106267131017329,0.1585217736505097,0.057743115054270266,50.00000000000001,50.00000000000001
116880.0,0.21053087057039005,0.1584599209922592,0.05773293884201428,50.000000000000014,50.00000000000001
116940.0,0.21043516063316062,0.15839814959501552,0.05772278288229035,50.000000000000014,50.00000000000001
117000.0,0.21033958301616884,0.15833645929709028,0.057712647122319265,50.000000000000014,50.00000000000001
117060.0,0.21024413744626724,0.15827484993721253,0.057702531509488515,50.000000000000014,50.00000000000001
117120.0,0.2101488236510337,0.15821332135452917,0.05769243599135166,50.000000000000014,50.00000000000001
117180.0,0.21005364135876875,0.15815187338860162,0.057682360515627584,50.00000000000001,50.0
117240.0,0.20995859029849284,0.15809050587940532,0.057672305030199884,50.00000000000001,50.0
117300.0,0.20986367020005978,0.1580292186673909,0.05766226948313498,50.0,50.0
117360.0,0.2097688807944298,0.1579680115936315,0.05765225382272622,50.0,49.99999999999999
117420.0,0.20967422181243986,0.1579068844991578,0.05764225799729412,49.99999999999999,49.99999999999999
117480.0,0.20957969298602158,0.15784583722561651,0.05763228195538371,49.99999999999999,49.99999999999999
117540.0,0.2094852940478189,0.1577848696150633,0.0576223256457023,49.99999999999999,49.99999999999999
117600.0,0.2093910247311856,0.15772398150996317,0.05761238901711881,49.99999999999999,49.99999999999999
117660.0,0.20929688477018274,0.15766317275318645,0.05760247201866318,49.99999999999999,49.99999999999999
117720.0,0.20920287389957645,0.15760244318800895,0.057592574599525666,49.99999999999999,49.99999999999999
117780.0,0.2091089918548351,0.15754179265811036,0.057582696709056254,50.0,49.99999999999999
117840.0,0.2090152383721271,0.15748122100757292,0.05757283829676401,50.0,49.99999999999999
117900.0,0.2089216131884142,0.1574207280809323,0.05756299931232941,50.00000000000001,49.99999999999999
117960.0,0.20882811604167678,0.15736031372330167,0.05755317970563453,50.00000000000001,49.99999999999999
118020.0,0.2087347466698985,0.1572999777798143,0.05754337942662534,50.00000000000001,49.99999999999999
118080.0,0.2086415048120716,0.15723972009617435,0.05753359842544742,50.00000000000001,50.0
118140.0,0.2085483902078809,0.15717954051848496,0.05752383665240293,50.00000000000001,50.0
118200.0,0.20845540259770168,0.15711943889324603,0.057514094057950015,50.000000000000014,50.0
118260.0,0.20836254172259744,0.15705941506735321,0.05750437059270217,50.000000000000014,50.0
118320.0,0.20826980732431755,0.15699946888809663,0.05749466620742765,50.00000000000001,50.0
118380.0,0.20817719914529517,0.1569396002031597,0.05748498085304886,50.00000000000001,50.0
118440.0,0.2080847169286448,0.15687980886061773,0.057475314480641755,50.00000000000001,50.00000000000001
118500.0,0.2079923604181675,0.15682009470894043,0.057465667041447815,50.0,50.00000000000001
118560.0,0.2079001293583655,0.15676045759700083,0.057456038486903276,49.99999999999999,50.00000000000001
118620.0,0.20780802349436395,0.15670089737403145,0.05744642876850573,49.99999999999999,50.000000000000014
118680.0,0.20771604257198434,0.15664141388966435,0.057436837837945655,49.99999999999999,50.000000000000014
118740.0,0.20762418633771887,0.15658200699391842,0.057427265647064685,49.99999999999999,50.000000000000014
118800.0,0.207532454538728,0.1565226765371959,0.05741771214785509,49.99999999999999,50.000000000000014
118860.0,0.2074408469228384,0.15646342237028354,0.05740817729245916,49.99999999999999,50.000000000000014
118920.0,0.2073493632385406,0.15640424434434946,0.05739866103316863,49.99999999999999,50.00000000000001
118980.0,0.20725800323498683,0.15634514231094293,0.057389163322424136,50.0,50.00000000000001
119040.0,0.20716676666198874,0.15628611612199245,0.0573796841128146,50.0,50.00000000000001
119100.0,0.20707565327000632,0.1562271656297999,0.05737022335707982,50.00000000000001,50.0
119160.0,0.2069846628101245,0.15616829068702692,0.05736078100811743,50.000000000000014,50.0
119220.0,0.20689379503414493,0.15610949114674816,0.057351357018948904,50.000000000000014,49.99999999999999
119280.0,0.20680304969449018,0.15605076686239477,0.05734195134275223,50.000000000000014,49.99999999999999
119340.0,0.2067124265442307,0.155992117687772,0.05733256393285097,50.000000000000014,49.99999999999999
119400.0,0.20662192533708246,0.1559335434770562,0.0573231947427137,50.000000000000014,49.99999999999999
119460.0,0.2065315458274048,0.1558750440847945,0.05731384372595345,50.000000000000014,49.99999999999999
119520.0,0.20644128777019807,0.15581661936590321,0.057304510836327135,50.000000000000014,49.99999999999999
119580.0,0.20635115092110143,0.15575826917566654,0.05729519602773499,50.000000000000014,50.0
119640.0,0.20626113503639062,0.15569999336973503,0.05728589925421997,50.000000000000014,50.0
119700.0,0.20617123987300626,0.15564179180414203,0.057276620469973276,50.00000000000001,50.00000000000001
119760.0,0.20608146518862408,0.15558366433534052,0.057267359629348105,50.0,50.000000000000014
119820.0,0.20599181074133013,0.15552561082002717,0.05725811668679524,50.0,50.000000000000014
119880.0,0.20590227628993943,0.1554676311153151,0.05724889159692604,50.0,50.000000000000014
119940.0,0.20581286159389395,0.15540972507867917,0.057239684314492036,50.0,50.000000000000014
120000.0,0.2057235664132604,0.15535189256795404,0.05723049479438447,49.99999999999999,50.000000000000014
120060.0,0.20563439050872806,0.15529413344133292,0.05722132299163368,49.99999999999999,50.000000000000014
120120.0,0.2055453336416067,0.15523644755736707,0.05721216886140858,49.99999999999999,50.000000000000014
120180.0,0.20545639557382428,0.1551788347749634,0.05720303235901607,49.99999999999999,50.00000000000001
120240.0,0.20536757606792475,0.15512129495338478,0.057193913439900504,49.99999999999999,50.00000000000001
120300.0,0.2052788748871199,0.15506382795227672,0.057184812059656934,49.99999999999999,50.0
120360.0,0.20519029179541493,0.1550064336317384,0.05717572817406319,49.99999999999999,49.99999999999999
120420.0,0.20510182655703757,0.15494911185200635,0.05716666173893398,49.99999999999999,49.99999999999999
120480.0,0.2050134789370017,0.15489186247376643,0.05715761271026493,49.99999999999999,49.99999999999999
120540.0,0.20492524870092926,0.15483468535805478,0.05714858104418711,49.99999999999999,49.999999999999986
120600.0,0.2048371356150482,0.15477758036625713,0.05713956669696649,49.99999999999999,49.999999999999986
120660.0,0.2047491394461905,0.1547205473601071,0.05713056962500341,49.99999999999999,49.999999999999986
120720.0,0.20466125996178994,0.15466358620168594,0.057121589784832075,49.99999999999999,49.999999999999986
120780.0,0.20457349692988025,0.1546066967534203,0.057112627133120014,49.99999999999999,49.999999999999986
120840.0,0.20448585011909298,0.15454987887808205,0.05710368162666758,50.0,49.99999999999999
120900.0,0.20439831929869734,0.1544931324388095,0.05709475322241589,50.0,49.99999999999999
120960.0,0.20431090423869755,0.1544364572991621,0.057085841877466334,50.0,49.99999999999999
121020.0,0.20422360470938866,0.1543798533228736,0.057076947548990835,50.0,49.99999999999999
121080.0,0.20413642048179437,0.1543233203740954,0.0570680701943201,50.0,49.99999999999999
121140.0,0.2040493513275282,0.1542668583173185,0.057059209770915505,50.0,49.99999999999999
121200.0,0.20396239701879154,0.15421046701737348,0.0570503662363686,50.0,49.99999999999999
121260.0,0.2038755573283718,0.15415414633942898,0.05704153954840059,50.0,49.99999999999999
121320.0,0.20378883202964032,0.15409789614899028,0.05703272966486184,50.0,49.99999999999999
121380.0,0.20370222089655055,0.15404171631189903,0.0570239365437314,50.0,49.99999999999999
121440.0,0.20361572370363598,0.15398560669433123,0.05701516014311644,50.0,49.99999999999999
121500.0,0.2035293402260317,0.15392956716280953,0.057006400421257715,49.99999999999999,49.99999999999999
121560.0,0.2034430702395279,0.15387359758423383,0.056997657336542974,49.99999999999999,49.99999999999999
121620.0,0.20335691352032106,0.15381769782574084,0.05698893084744436,49.99999999999999,50.0
121680.0,0.20327086984525755,0.15376186775484138,0.056980220912579704,49.999999999999986,50.0
121740.0,0.20318493899175546,0.15370610723937658,0.056971527490692835,49.999999999999986,50.0
121800.0,0.20309912073780256,0.15365041614751596,0.05696285054065304,49.999999999999986,50.0
121860.0,0.20301341486195448,0.15359479434775694,0.05695419002145464,49.999999999999986,50.0
121920.0,0.20292782114333283,0.15353924170892383,0.05694554589221644,49.99999999999999,50.0
121980.0,0.20284233936162333,0.15348375810016654,0.0569369181121813,49.99999999999999,50.00000000000001
122040.0,0.2027569692970738,0.15342834339095981,0.056928306640715624,49.99999999999999,50.00000000000001
122100.0,0.20267171073051263,0.1533729974511128,0.056919711437318145,50.00000000000001,50.00000000000001
122160.0,0.20258656344339437,0.15331772015079567,0.056911132461641464,50.00000000000001,50.00000000000001
122220.0,0.20250152721758563,0.1532625113604186,0.05690256967339363,50.00000000000001,50.00000000000001
122280.0,0.20241660183557433,0.15320737095074993,0.05689402303243509,50.00000000000001,50.00000000000001
122340.0,0.20233178708040234,0.1531522987928775,0.056885492498747886,50.00000000000001,50.00000000000001
122400.0,0.2022470827356634,0.15309729475820863,0.056876978032435216,50.00000000000001,50.00000000000001
122460.0,0.20216248858550148,0.1530423587184675,0.05686847959372097,50.00000000000001,50.00000000000001
122520.0,0.20207800441460883,0.15298749054569585,0.056859997142949245,50.00000000000001,50.00000000000001
122580.0,0.2019936300082241,0.15293269011225114,0.05685153064058391,50.00000000000001,50.00000000000001
122640.0,0.20190936515213062,0.15287795729080483,0.0568430800472081,50.0,50.0
122700.0,0.20182520963268125,0.1528232919543577,0.05683464532353137,50.0,50.0
122760.0,0.2017411632368598,0.15276869397627246,0.05682622643040705,50.0,50.0
122820.0,0.2016572257519974,0.1527141632301174,0.05681782332875219,49.99999999999999,49.99999999999999
122880.0,0.201573396966051,0.15265969958982037,0.05680943597962631,49.99999999999999,49.99999999999999
122940.0,0.20148967666751447,0.1526053029296193,0.056801064344206335,49.99999999999999,49.99999999999999
123000.0,0.20140606464541674,0.15255097312406182,0.05679270838378609,49.99999999999999,49.99999999999999
123060.0,0.20132256068932006,0.15249671004800355,0.05678436805977591,49.99999999999999,49.99999999999999
123120.0,0.20123916458931812,0.15244251357660749,0.05677604333370217,49.99999999999999,49.99999999999999
123180.0,0.2011558761360345,0.15238838358534265,0.056767734167206825,49.99999999999999,50.0
123240.0,0.20107269512062062,0.15233431994998373,0.056759440522047,49.99999999999999,50.0
123300.0,0.200989621334784,0.15228032254662613,0.05675116236010033,49.99999999999999,50.00000000000001
123360.0,0.20090665457085727,0.15222639125172435,0.05674289964337833,49.99999999999999,50.00000000000001
123420.0,0.2008237946214813,0.15217252594191588,0.056734652333964554,49.99999999999999,50.000000000000014
123480.0,0.20074104127991693,0.15211872649419536,0.05672642039407523,49.99999999999999,50.000000000000014
123540.0,0.20065839433994564,0.1520649927858573,0.05671820378603983,50.0,50.000000000000014
123600.0,0.2005758535958679,0.15201132469449688,0.05671000247230062,50.0,50.000000000000014
123660.0,0.20049341884250155,0.15195772209800892,0.05670181641541223,50.0,50.000000000000014
123720.0,0.20041108987517992,0.15190418487458618,0.05669364557804124,50.0,50.000000000000014
123780.0,0.20032886648975026,0.15185071290271862,0.05668548992296576,50.0,50.000000000000014
123840.0,0.20024674848257204,0.15179730606119243,0.05667734941307494,50.00000000000001,50.00000000000001
123900.0,0.20016473565052323,0.15174396422909397,0.05666922401137119,50.00000000000001,50.0
123960.0,0.20008282779103076,0.1516906872858262,0.05666111368098,50.000000000000014,50.0
124020.0,0.20000102470197595,0.15163747511105644,0.05665301838511974,50.000000000000014,49.99999999999999
124080.0,0.19991932618177008,0.15158432758475746,0.056644938087126055,50.000000000000014,49.999999999999986
124140.0,0.1998377320293321,0.1515312445871967,0.05663687275044477,50.00000000000001,49.99999999999998
124200.0,0.19975624200487802,0.15147822598058044,0.05662882610610029,50.0,49.999999999999986
124260.0,0.1996748537861023,0.15142527057745497,0.056620898244265305,50.0,50.0
124320.0,0.19959356477884488,0.1513723767770403,0.05661302481559995,50.0,50.0
124380.0,0.19951237483551995,0.1513195443452327,0.0566051742312949,50.0,50.00000000000001
124440.0,0.1994312838091269,0.15126677313550874,0.05659734303814987,50.00000000000001,50.00000000000001
124500.0,0.199350291499285,0.15121406299699144,0.056589528948121415,50.00000000000001,50.00000000000002
124560.0,0.19926939772466884,0.15116141379806838,0.056581731386465176,50.0,50.00000000000001
124620.0,0.19918860230641824,0.15110882541499884,0.05657394924893627,50.0,50.0
124680.0,0.19910790505744722,0.15105629772419527,0.0565661821484879,49.99999999999999,50.00000000000001
124740.0,0.19902730581184847,0.15100383061874972,0.056558429957240405,50.0,50.00000000000001
124800.0,0.1989468039993526,0.1509514237381175,0.05655069209435238,50.0,50.00000000000001
124860.0,0.19886639991743182,0.15089907727036483,0.05654296885162121,50.0,50.00000000000001
124920.0,0.1987860935418936,0.15084679120037625,0.05653526020903528,50.0,50.0
124980.0,0.19870588399876032,0.1507945649820787,0.056527565443655406,50.0,50.0
125040.0,0.19862577173213222,0.1507423988929519,0.05651988492283363,50.0,50.0
125100.0,0.19854575671953223,0.15069029291912375,0.05651221863357969,50.0,50.0
125160.0,0.1984658381822997,0.15063824658003425,0.05650456612587905,50.0,49.99999999999999
125220.0,0.1983860162289299,0.1505862599426426,0.056496927462434815,50.0,49.99999999999999
125280.0,0.19830629068874112,0.15053433290202065,0.05648930255504541,50.0,49.99999999999999
125340.0,0.19822666141259213,0.1504824653756534,0.05648169156017226,50.00000000000001,49.99999999999999
125400.0,0.19814712821662858,0.15043065724490612,0.05647409423999427,50.00000000000001,49.99999999999999
125460.0,0.1980676909308195,0.15037890840552762,0.056466510513700545,50.0,50.0
125520.0,0.19798834938513388,0.1503272187532666,0.056458940300480195,50.0,50.0
125580.0,0.19790910340954074,0.1502755881838721,0.056451383519522315,50.0,50.00000000000001
125640.0,0.19782995282629812,0.15022401659026918,0.05644384013145697,50.0,50.00000000000001
125700.0,0.19775089740881477,0.15017250384749753,0.05643631035944437,50.0,50.00000000000001
125760.0,0.19767193701894908,0.15012104986298247,0.05642879395129074,50.0,50.00000000000001
125820.0,0.19759307148207741,0.15006965453079088,0.05642129085086774,49.99999999999999,50.00000000000001
125880.0,0.19751430062357603,0.1500183177449899,0.056413801002047056,49.99999999999999,50.00000000000001
125940.0,0.19743562426882125,0.14996703939964698,0.056406324348700326,49.99999999999999,50.00000000000001
126000.0,0.1973570423520654,0.1499158194430908,0.05639885368121082,49.99999999999999,49.99999999999999
126060.0,0.19727855665178679,0.1498646587810624,0.0563913039761539,50.0,50.0
126120.0,0.1972001691511959,0.1498135586134234,0.05638372214777631,50.0,50.0
126180.0,0.19712187992694327,0.14976251913975433,0.05637614794443016,50.0,50.0
126240.0,0.1970436886587242,0.14971154023382383,0.056368583238863526,50.0,50.0
126300.0,0.1969655951379617,0.1496606217948555,0.05636102863319419,50.0,50.0
126360.0,0.19688759910449935,0.1496097636933484,0.05635348562861822,50.0,50.0
126420.0,0.19680970040435494,0.14955896584976996,0.056345954786281745,49.99999999999999,49.99999999999999
126480.0,0.1967318989921919,0.14950822823778553,0.0563384360330264,49.99999999999999,49.99999999999999
126540.0,0.1966541944929385,0.1494575506555677,0.056330930086141,49.99999999999999,49.99999999999999
126600.0,0.19657658703872277,0.14940693317348458,0.05632343665566302,50.0,50.00000000000001
126660.0,0.19649907614322368,0.14935637552103154,0.0563159562219485,50.0,50.00000000000001
126720.0,0.19642166174787723,0.14930587766563366,0.05630848884284303,50.0,50.0
126780.0,0.19634434368886694,0.1492554395057285,0.056301034263829125,50.00000000000001,50.0
126840.0,0.19626712178681288,0.14920506094400243,0.056293592760227606,50.00000000000001,50.00000000000001
126900.0,0.1961899958666708,0.14915474188195746,0.056286164459756836,50.0,50.00000000000001
126960.0,0.19611296575276368,0.1491044822198955,0.05627874945918123,50.0,50.00000000000001
127020.0,0.19603603122570976,0.14905428181752395,0.05627134733581837,49.99999999999999,50.00000000000001
127080.0,0.1959591921253539,0.14900414058956127,0.05626395837091547,49.99999999999999,50.00000000000001
127140.0,0.19588244827077006,0.14895405843143375,0.05625658259885064,49.99999999999999,50.00000000000001
127200.0,0.19580579948072685,0.1489040352373031,0.056249220024842485,49.99999999999999,50.0
127260.0,0.19572924557131638,0.14885407089024663,0.05624187039852296,49.99999999999999,50.0
127320.0,0.1956527863625731,0.14880416528966842,0.056234533845992835,49.99999999999999,50.0
127380.0,0.1955764216731089,0.14875431832908087,0.056227210357499106,49.99999999999999,50.0
127440.0,0.1955001513252387,0.14870452990327593,0.056219899909523835,50.0,50.0
127500.0,0.19542397515596013,0.14865479991212013,0.05621260242397218,50.0,50.0
127560.0,0.19534789297794822,0.14860512824707428,0.05620531791315878,50.0,50.00000000000001
127620.0,0.19527190461296726,0.1485555148027396,0.05619804635561265,50.0,50.00000000000001
127680.0,0.19519600989561933,0.1485059594801601,0.05619078772592023,50.0,50.00000000000001
127740.0,0.19512020867607305,0.1484564621881896,0.056183541993887406,50.0,50.000000000000014
127800.0,0.19504450075432436,0.14840702281050733,0.05617630914472835,50.0,50.000000000000014
127860.0,0.19496888595440987,0.14835764124285547,0.056169089156274214,50.00000000000001,50.000000000000014
127920.0,0.1948933641003662,0.14830831738097566,0.05616188200635617,50.00000000000001,50.000000000000014
127980.0,0.19481793501622993,0.14825905112061025,0.05615468767280536,50.00000000000001,50.000000000000014
128040.0,0.19474259852603773,0.14820984235750115,0.05614750613345295,50.0,50.00000000000001
128100.0,0.19466735445568276,0.14816069098830856,0.05614033736484208,50.0,50.00000000000001
128160.0,0.19459220269295102,0.14811159694030696,0.05613318130057616,50.0,50.00000000000001
128220.0,0.1945171430221166,0.14806256008957036,0.05612603794607261,50.0,50.00000000000001
128280.0,0.1944421752703291,0.1480135803333811,0.05611890727700287,50.0,50.00000000000001
128340.0,0.1943672992647381,0.1479646575690203,0.05611178926903837,50.0,50.00000000000001
128400.0,0.19429251483249332,0.14791579169377025,0.05610468389785056,50.00000000000001,50.0
128460.0,0.19421782180074426,0.14786698260491235,0.05609759113911088,50.00000000000001,50.0
128520.0,0.1941432199966406,0.14781823019972873,0.05609051096849076,50.00000000000001,50.0
128580.0,0.1940687092977375,0.14776953440081025,0.0560834433231803,50.00000000000001,50.0
128640.0,0.19399428951923545,0.1477208950994393,0.05607638818797336,50.00000000000001,50.0
128700.0,0.1939199604788613,0.14767231218816562,0.05606934554573497,50.00000000000001,50.0
128760.0,0.1938457220069786,0.14762378556588537,0.05606231536968295,50.00000000000001,50.0
128820.0,0.19377157393395097,0.1475753151314941,0.05605529763303509,50.00000000000001,50.0
128880.0,0.193697516090142,0.14752690078388708,0.05604829230900918,50.00000000000001,50.0
128940.0,0.1936235483059152,0.14747854242195998,0.05604129937082302,50.0,50.0
129000.0,0.19354967044099725,0.14743023996018975,0.05603431878126376,50.0,50.0
129060.0,0.19347588234408872,0.14738199330720203,0.05602735050703538,50.0,50.0
129120.0,0.19340218382445115,0.1473338023506951,0.056020394528851734,50.0,50.0
129180.0,0.19332857471548254,0.14728566699117424,0.056013450818852686,50.0,50.0
129240.0,0.1932550548505808,0.14723758712914548,0.05600651934917814,50.0,50.0
129300.0,0.193181624063144,0.14718956266511454,0.05599960009196797,50.0,50.0
129360.0,0.19310828218657003,0.14714159349958744,0.05599269301936207,50.0,50.0
129420.0,0.19303502907396394,0.1470936795440915,0.055985798104378225,50.0,50.0
129480.0,0.19296186462136689,0.14704582073416997,0.055978915321946925,50.0,50.0
129540.0,0.19288878860782432,0.1469980169399284,0.05597204464178678,50.0,50.0
129600.0,0.1928158008692275,0.14695026806326736,0.055965186036148744,50.0,50.0
129660.0,0.19274290124146767,0.14690257400608675,0.05595833947728378,50.0,50.0
129720.0,0.19267008956043616,0.1468549346702871,0.055951504937442824,50.0,50.0
129780.0,0.1925973656620242,0.1468073499577684,0.05594468238887685,50.0,50.0
129840.0,0.1925247293821231,0.1467598197704311,0.0559378718038368,50.0,50.0
129900.0,0.19245218055662408,0.1467123440101755,0.05593107315457364,50.0,50.0
129960.0,0.19237971902141843,0.14666492257890185,0.05592428641333833,50.0,50.0
130020.0,0.19230734464009439,0.1466175553942211,0.055917511556519285,50.0,50.0
130080.0,0.19223505733658403,0.14657024240797475,0.05591074856951933,50.0,50.0
130140.0,0.19216285687038973,0.14652298347873133,0.05590399741317817,50.0,50.0
130200.0,0.19209074308090693,0.14647577851037913,0.05589725806027022,50.0,50.0
130260.0,0.19201871580753108,0.14642862740680618,0.05589053048356989,50.0,50.0
130320.0,0.19194677488965758,0.1463815300719,0.05588381465585162,50.0,50.0
130380.0,0.1918749201666819,0.14633448640954919,0.05587711054988982,50.0,50.0
130440.0,0.19180315147799945,0.14628749632364121,0.05587041813845891,50.0,50.0
130500.0,0.19173146866300567,0.14624055971806424,0.05586373739433332,50.0,50.0
130560.0,0.191659871561096,0.14619367649670637,0.05585706829028746,50.0,50.0
130620.0,0.19158836004227436,0.14614684658092866,0.05585041080330213,50.0,50.0
130680.0,0.1915169340432319,0.14610006993016228,0.055843764919522684,50.0,50.0
130740.0,0.1914455933189451,0.14605334640010306,0.05583713060012222,50.0,50.0
130800.0,0.1913743377126819,0.1460066758968496,0.05583050781840734,50.0,50.0
130860.0,0.1913031670677103,0.14596005832650086,0.05582389654768466,50.0,50.00000000000001
130920.0,0.19123208122729823,0.14591349359515526,0.05581729676126076,50.0,50.00000000000001
130980.0,0.19116108003471366,0.1458669816089115,0.055810708432442256,50.0,50.00000000000001
131040.0,0.19109016333322454,0.14582052227386816,0.055804131534535756,50.0,50.00000000000001
131100.0,0.19101933096609883,0.14577411549612446,0.05579756604084786,50.0,50.00000000000001
131160.0,0.19094858277660448,0.1457277611817783,0.05579101192468517,50.0,50.00000000000001
131220.0,0.19087791863062425,0.14568145924992607,0.05578446916278666,50.0,50.00000000000001
131280.0,0.19080733844793463,0.14563520965063692,0.05577793774007106,50.0,50.00000000000001
131340.0,0.1907368420146831,0.1455890122571816,0.05577141762117549,50.0,50.00000000000001
131400.0,0.19066642918047133,0.14554286697929872,0.05576490878036784,50.0,50.00000000000001
131460.0,0.1905960997952795,0.14549677372694467,0.05575841119197348,50.0,50.00000000000001
131520.0,0.1905258537094664,0.14545073241029344,0.05575192483037522,50.00000000000001,50.00000000000001
131580.0,0.19045569077376942,0.14540474293973638,0.055745449670013346,50.00000000000001,50.00000000000001
131640.0,0.19038561083930455,0.1453588052258827,0.0557389856853856,50.00000000000001,50.00000000000001
131700.0,0.1903156137575664,0.14531291917955896,0.055732532851047185,50.00000000000001,50.0
131760.0,0.19024569938042812,0.14526708471180927,0.05572609114161078,50.00000000000001,50.0
131820.0,0.19017586755806745,0.14522130173277162,0.055719660532089405,50.00000000000001,50.0
131880.0,0.19010611813609798,0.14517557015012203,0.055713240998370765,50.00000000000001,50.0
131940.0,0.19003645097276736,0.14512988987839695,0.05570683251437379,50.00000000000001,50.0
132000.0,0.18996686592088227,0.14508426082919634,0.05570043505503703,50.00000000000001,50.0
132060.0,0.18989736283359332,0.1450386829143184,0.05569404859536225,50.00000000000001,49.99999999999999
132120.0,0.18982794156439495,0.1449931560457608,0.0556876731104144,50.00000000000001,49.99999999999999
132180.0,0.18975860196712552,0.14494768013571946,0.05568130857532164,50.00000000000001,49.99999999999999
132240.0,0.1896893438959672,0.14490225509658905,0.05567495496527534,50.00000000000001,50.0
132300.0,0.1896201672054461,0.14485688084096335,0.055668612255530055,50.0,50.0
132360.0,0.1895510717504322,0.14481155728163464,0.055662280421403566,50.0,50.0
132420.0,0.1894820573871369,0.14476628433222027,0.055655959438588865,50.0,50.0
132480.0,0.18941312397449286,0.14472106190802866,0.05564964928358577,50.0,50.0
132540.0,0.18934427136588197,0.14467588992086666,0.05564334993111353,50.0,50.0
132600.0,0.18927549941782912,0.14463076828449734,0.055637061356830116,50.0,50.0
132660.0,0.1892068079872197,0.14458569691289264,0.05563078353646191,50.0,50.0
132720.0,0.18913819693129977,0.1445406757202339,0.055624516445803754,50.0,50.0
132780.0,0.18906966610767584,0.14449570462091169,0.055618260060718884,50.0,50.0
132840.0,0.18900121537431516,0.14445078352952564,0.05561201435713897,50.0,50.0
132900.0,0.1889328445895454,0.14440591236088507,0.05560577931106413,50.0,49.99999999999999
132960.0,0.18886455361205493,0.14436109103000838,0.05559955489856287,50.0,49.99999999999999
133020.0,0.1887963423000608,0.14431631945166382,0.05559334109565066,50.0,49.99999999999999
133080.0,0.18872821051015817,0.14427159753973626,0.0555871378781218,50.0,49.99999999999999
133140.0,0.18866015810421824,0.14422692521103078,0.055580945222557,50.0,49.99999999999999
133200.0,0.18859218494213864,0.14418230238127394,0.05557476310526446,50.0,49.99999999999999
133260.0,0.18852429088416364,0.14413772896639418,0.05556859150261879,50.0,49.99999999999999
133320.0,0.18845647579088426,0.14409320488252148,0.05556243039106096,50.0,49.99999999999999
133380.0,0.18838873952323806,0.1440487300459875,0.05555627974709836,50.0,49.99999999999999
133440.0,0.1883210819425093,0.14400430437332512,0.05555013954730477,50.0,49.99999999999999
133500.0,0.18825350291032888,0.14395992778126906,0.055544009768320336,50.0,49.99999999999999
133560.0,0.18818600228867438,0.1439156001867556,0.05553789038685164,50.0,50.0
133620.0,0.18811857993847514,0.1438713215061272,0.055531781379489005,49.99999999999999,50.0
133680.0,0.18805123571768312,0.14382709165403268,0.055525682722453965,49.99999999999999,50.0
133740.0,0.1879839694928389,0.14378291055002193,0.0555195943931135,49.99999999999999,50.00000000000001
133800.0,0.187916781126916,0.14373877811161448,0.055513516368388596,49.99999999999999,50.00000000000001
133860.0,0.18784967048321125,0.1436946942565184,0.05550744862526358,49.99999999999999,50.00000000000001
133920.0,0.18778263742534473,0.1436506589026301,0.055501391140786095,49.99999999999999,50.00000000000001
133980.0,0.18771568181725987,0.14360667196803387,0.05549534389206713,49.99999999999999,50.00000000000001
134040.0,0.18764880352322336,0.14356273337100273,0.055489306856281014,49.99999999999999,50.00000000000001
134100.0,0.18758200240782522,0.14351884302999743,0.0554832800106654,49.99999999999999,50.0
134160.0,0.18751527833597875,0.1434750008636679,0.055477263332521294,49.99999999999999,50.0
134220.0,0.1874486311721919,0.14343120679044108,0.05547125679912782,49.99999999999999,50.0
134280.0,0.1873820607795595,0.1433874607279555,0.055465260387624504,49.99999999999999,50.0
134340.0,0.18731556702580515,0.14334376259646145,0.05545927407571747,49.99999999999999,49.99999999999999
134400.0,0.18724914977693127,0.1433001123152458,0.05545329784093721,49.99999999999999,49.99999999999999
134460.0,0.18718280889925143,0.14325650980377785,0.05544733166087609,49.99999999999999,49.99999999999999
134520.0,0.18711654425939026,0.1432129549817078,0.05544137551318843,49.99999999999999,49.99999999999999
134580.0,0.18705035572428347,0.1431694477688671,0.05543542937559043,49.99999999999999,49.99999999999999
134640.0,0.1869842431611779,0.14312598808526916,0.055429493225860195,49.99999999999999,49.99999999999999
134700.0,0.18691820643763152,0.14308257585110812,0.055423567041837755,50.0,49.99999999999999
134760.0,0.18685224542151335,0.1430392109867599,0.05541765080142505,50.0,49.99999999999999
134820.0,0.18678635998076654,0.14299589341265595,0.055411744482534504,50.0,49.99999999999999
134880.0,0.1867205499830804,0.14295262304910927,0.05540584806301791,50.0,49.999999999999986
134940.0,0.18665481529785605,0.1429093998173575,0.05539996152109281,50.0,49.999999999999986
135000.0,0.18658915579414043,0.14286622363846704,0.055394084834894365,50.0,49.999999999999986
135060.0,0.18652357134128783,0.14282309443368305,0.0553882179826188,50.0,49.999999999999986
135120.0,0.18645806180895952,0.14278001212443064,0.05538236094252338,50.0,49.999999999999986
135180.0,0.18639262706712398,0.1427369766323135,0.05537651369292641,50.0,49.99999999999999
135240.0,0.1863272669860568,0.14269398787911483,0.05537067621220727,50.0,49.99999999999999
135300.0,0.18626198143634073,0.14265104578679777,0.05536484847880637,50.0,49.99999999999999
135360.0,0.1861967702888656,0.14260815027750373,0.05535903047122516,49.99999999999999,49.99999999999999
135420.0,0.18613163341453678,0.14256530127339406,0.055353222167939836,49.99999999999999,49.99999999999999
135480.0,0.1860665706838717,0.14252249869642905,0.05534742354728193,49.99999999999999,49.99999999999999
135540.0,0.18600158196941824,0.14247974246969172,0.05534163458815406,49.999999999999986,49.99999999999999
135600.0,0.1859366671432131,0.14243703251599626,0.05533585526927772,49.999999999999986,49.99999999999999
135660.0,0.18587182607759534,0.14239436875833347,0.05533008556943399,49.99999999999999,49.99999999999999
135720.0,0.18580705864520605,0.14235175111987142,0.05532432546746354,49.99999999999999,49.99999999999999
135780.0,0.18574236471898878,0.14230917952395367,0.05531857494226668,49.99999999999999,50.0
135840.0,0.18567774417218919,0.14226665389410104,0.05531283397280329,49.99999999999999,50.0
135900.0,0.18561319687835523,0.14222417415401095,0.05530710253809286,49.99999999999999,50.0
135960.0,0.18554872271133718,0.14218174022755728,0.055301380617214506,50.0,50.0
136020.0,0.1854843215447887,0.14213935203850872,0.05529566818919478,50.0,50.0
136080.0,0.1854199932514771,0.14209700951013918,0.055289965232852616,50.0,50.0
136140.0,0.18535573770741914,0.14205471256756413,0.05528427172772916,50.00000000000001,50.0
136200.0,0.18529155478753437,0.1420124611352853,0.05527858765311052,50.00000000000001,50.0
136260.0,0.1852274443670362,0.1419702551379757,0.05527291298834053,50.00000000000001,50.0
136320.0,0.18516340632143194,0.1419280945004806,0.055267247712820745,50.00000000000001,50.0
136380.0,0.18509944052652286,0.14188597914781717,0.055261591806010445,50.00000000000001,50.0
136440.0,0.185035546858404,0.14184390900517443,0.05525594524742664,50.00000000000001,50.0
136500.0,0.18497172519346453,0.1418018839979135,0.05525030801664408,50.00000000000001,50.0
136560.0,0.18490797540838724,0.141759904051567,0.055244680093295216,50.0,50.0
136620.0,0.18484429737959085,0.14171796909152248,0.05523906145696227,50.0,50.0
136680.0,0.18478069098245758,0.1416760790425834,0.05523345208702792,50.0,50.0
136740.0,0.184717156095962,0.14163423383159962,0.055227851963570496,50.0,50.0
136800.0,0.1846536925978063,0.14159243338470248,0.05522226106642311,50.0,50.0
136860.0,0.18459030036597723,0.1415506776281901,0.055216679375474836,50.0,50.0
136920.0,0.18452697927874612,0.14150896648852737,0.05521110687067062,50.0,49.99999999999999
136980.0,0.18446372921466878,0.14146729989234538,0.05520554353201136,50.0,49.99999999999999
137040.0,0.18440055005258565,0.14142567776644224,0.055199989339553855,50.0,49.99999999999999
137100.0,0.18433744167162175,0.14138410003778232,0.05519444427341083,50.00000000000001,49.99999999999999
137160.0,0.18427440395118658,0.14134256663349673,0.05518890831375092,50.00000000000001,49.99999999999999
137220.0,0.1842114367705762,0.14130107748065673,0.05518338144072045,50.00000000000001,49.99999999999999
137280.0,0.1841485400083595,0.14125963250592566,0.055177863634322755,50.00000000000001,49.999999999999986
137340.0,0.18408571354572498,0.14121823163746003,0.055172354875076116,50.00000000000001,49.999999999999986
137400.0,0.1840229572630454,0.1411768748029576,0.055166855143338474,50.00000000000001,49.999999999999986
137460.0,0.18396027104095977,0.14113556193027274,0.05516136441952004,50.000000000000014,49.999999999999986
137520.0,0.1838976547603724,0.14109429294741507,0.055155882684083196,50.00000000000001,49.999999999999986
137580.0,0.1838351083024521,0.14105306778254975,0.05515040991754228,50.00000000000001,49.999999999999986
137640.0,0.18377263154863124,0.14101188636399606,0.055144946100463436,50.00000000000001,49.99999999999999
137700.0,0.1837102243806052,0.14097074862022807,0.05513949121346446,50.00000000000001,49.99999999999999
137760.0,0.18364788668033125,0.14092965447987355,0.05513404523721465,50.0,49.99999999999999
137820.0,0.1835856183300949,0.1408886038717511,0.055128608152438204,50.0,49.99999999999999
137880.0,0.18352341921261262,0.14084759672492975,0.05512317993991967,50.0,49.99999999999999
137940.0,0.18346128921046678,0.14080663296840684,0.05511776058047343,49.99999999999999,49.99999999999999
138000.0,0.18339922820668392,0.14076571253143713,0.05511235005497466,49.99999999999999,49.99999999999999
138060.0,0.18333723608455146,0.14072483534342864,0.055106948344349385,49.99999999999999,50.0
138120.0,0.1832753127276172,0.1406840013339419,0.05510155542957431,49.99999999999999,50.0
138180.0,0.18321345801968852,0.14064321043269018,0.05509617129167667,49.99999999999999,50.0
138240.0,0.1831516718448316,0.14060246256953862,0.055090795911734054,49.99999999999999,50.0
138300.0,0.18308995408737094,0.14056175767450343,0.055085429270874293,49.99999999999999,50.00000000000001
138360.0,0.1830283046318885,0.14052109567775284,0.05508007135027527,50.0,50.00000000000001
138420.0,0.1829667233631868,0.14048047650958453,0.05507472213116074,50.0,50.00000000000001
138480.0,0.18290521016623226,0.14043990010039314,0.05506938159479399,50.0,50.000000000000014
138540.0,0.1828437649264597,0.1403993663808466,0.05506404972251151,50.00000000000001,50.000000000000014
138600.0,0.1827823875294583,0.14035887528170465,0.05505872649568811,50.00000000000001,50.000000000000014
138660.0,0.18272107786106978,0.1403184267338751,0.05505341189574769,50.00000000000001,50.000000000000014
138720.0,0.18265983580738734,0.14027802066841374,0.055048105904163085,50.00000000000001,50.000000000000014
138780.0,0.1825986612547552,0.14023765701652358,0.05504280850245592,50.00000000000001,50.000000000000014
138840.0,0.18253755408976763,0.14019733570955503,0.05503751967219641,50.00000000000001,50.00000000000001
138900.0,0.1824765141992682,0.14015705667900444,0.055032239395003214,50.00000000000001,50.00000000000001
138960.0,0.18241554147034914,0.14011681985651467,0.05502696765254328,50.00000000000001,50.0
139020.0,0.1823546357903788,0.14007662517388994,0.05502170442653611,50.00000000000001,50.0
139080.0,0.18229379704704482,0.1400364725631191,0.05501644969876043,50.00000000000001,50.0
139140.0,0.18223302512811457,0.1399963619562446,0.05501120345101673,50.00000000000001,49.99999999999999
139200.0,0.18217231992167937,0.13995629328549586,0.0550059656651654,50.00000000000001,49.99999999999999
139260.0,0.1821116813160767,0.13991626648324734,0.055000736323114474,50.00000000000001,49.99999999999999
139320.0,0.1820511091998893,0.13987628148201786,0.05499551540681952,50.00000000000001,49.99999999999999
139380.0,0.18199060346194465,0.13983633821446956,0.054990302898283445,50.00000000000001,49.99999999999999
139440.0,0.18193016399131418,0.1397964366134086,0.05498509877955638,50.00000000000001,49.99999999999999
139500.0,0.18186979067731254,0.13975657661178423,0.0549799030327355,50.00000000000001,49.99999999999999
139560.0,0.18180948340949696,0.13971675814268736,0.054974715639964866,50.0,49.99999999999999
139620.0,0.18174924207769086,0.13967698113936608,0.05496953658343801,50.0,50.0
139680.0,0.18168906657202066,0.13963724553524387,0.05496436584540195,50.0,50.0
139740.0,0.18162895678271043,0.13959755126380619,0.054959203408134184,49.99999999999999,50.0
139800.0,0.18156891260029118,0.1395578982587174,0.05495404925396603,49.99999999999999,50.0
139860.0,0.18150893391553416,0.1395182864537828,0.05494890336527501,49.99999999999999,50.0
139920.0,0.1814490206194501,0.13947871578294843,0.05494376572448479,49.99999999999999,50.0
139980.0,0.1813891726032885,0.13943918618030154,0.05493863631406496,49.99999999999999,50.00000000000001
140040.0,0.1813293897585371,0.13939969758006854,0.05493351511653092,49.99999999999999,50.00000000000001
140100.0,0.18126967197692118,0.13936024991661639,0.05492840211444372,49.99999999999999,50.0
140160.0,0.18121001915040288,0.1393208431244509,0.054923297290409914,50.0,50.0
140220.0,0.18115043117118282,0.1392814771382184,0.05491820062708382,50.0,50.0
140280.0,0.1810909079317027,0.13924215189270686,0.054913112107171015,50.00000000000001,50.0
140340.0,0.18103144932462628,0.13920286732283527,0.05490803171340813,50.00000000000001,50.0
140400.0,0.1809720552428576,0.13916362336366372,0.05490295942858329,50.00000000000001,50.0
140460.0,0.1809127255795345,0.13912441995039082,0.054897895235529515,50.00000000000001,50.0
140520.0,0.18085346022802778,0.13908525701835103,0.05489283911712454,50.00000000000001,50.0
140580.0,0.18079425908194072,0.13904613450301642,0.05488779105629069,50.00000000000001,50.0
140640.0,0.18073512203510833,0.13900705233999575,0.05488275103599472,50.00000000000001,50.0
140700.0,0.18067604898159675,0.13896801046503277,0.054877719039247694,50.00000000000001,50.00000000000001
140760.0,0.1806170398157025,0.1389290088140081,0.05487269504910482,50.0,50.00000000000001
140820.0,0.1805580944319509,0.1388900473229364,0.054867679048666615,50.0,50.00000000000001
140880.0,0.18049921272509328,0.1388511259279651,0.05486267102108079,50.0,50.00000000000001
140940.0,0.18044039459011643,0.1388122445653812,0.05485767094953111,50.0,50.00000000000001
141000.0,0.18038163992223177,0.1387734031716037,0.05485267881724853,50.0,50.00000000000001
141060.0,0.18032294861687787,0.13873460168318502,0.0548476946075075,50.0,50.00000000000001
141120.0,0.18026432056971975,0.13869584003681149,0.05484271830362581,50.0,50.0
141180.0,0.18020575567664837,0.13865711816930215,0.054837749888964483,50.0,50.0
141240.0,0.1801472538337798,0.13861843601760895,0.0548327893469276,50.0,50.0
141300.0,0.18008881493745477,0.1385797935188164,0.05482783666096216,50.0,50.0
141360.0,0.18003043888423775,0.13854119061014014,0.05482289181455797,50.00000000000001,49.99999999999999
141420.0,0.17997212557092587,0.1385026272289331,0.05481795479124946,50.00000000000001,49.99999999999999
141480.0,0.1799138748945623,0.13846410331269232,0.054813025574618625,50.00000000000001,49.999999999999986
141540.0,0.17985568675235777,0.13842561879901566,0.05480810414827816,50.00000000000001,49.999999999999986
141600.0,0.17979756104177003,0.13838717362564554,0.05480319049588848,50.00000000000001,49.999999999999986
141660.0,0.1797394976604778,0.13834876773045432,0.05479828460115217,50.000000000000014,49.999999999999986
141720.0,0.17968149650638027,0.13831040105144496,0.054793386447813855,50.000000000000014,49.999999999999986
141780.0,0.17962355747759637,0.1382720735267496,0.054788496019660064,50.000000000000014,49.999999999999986
141840.0,0.17956568047246427,0.13823378509462964,0.054783613300519084,50.000000000000014,49.999999999999986
141900.0,0.17950786538954058,0.13819553569347537,0.05477873827426083,50.00000000000001,49.99999999999999
141960.0,0.1794501121275999,0.13815732526180563,0.054773870924796714,50.00000000000001,49.99999999999999
142020.0,0.1793924205856491,0.13811915373827577,0.054769011236082035,50.00000000000001,50.0
142080.0,0.1793347906629499,0.1380810210616899,0.05476415919211981,50.0,50.0
142140.0,0.1792772222588918,0.13804292717093078,0.05475931477693916,50.0,50.0
142200.0,0.17921971527312125,0.13800487200503128,0.0547544779746172,50.0,50.00000000000001
142260.0,0.17916226960550005,0.1379668555031511,0.05474964876927197,50.0,50.00000000000001
142320.0,0.1791048851561049,0.13792887760457684,0.054744827145062305,50.0,50.00000000000001
142380.0,0.17904756182522671,0.1378909382487215,0.054740013086187686,50.0,50.00000000000001
142440.0,0.17899029951337006,0.1378530373751241,0.05473520657688813,50.0,50.00000000000001
142500.0,0.1789330981212524,0.13781517492344914,0.05473040760144406,50.0,50.00000000000001
142560.0,0.17887595754980382,0.1377773508334868,0.05472561614417615,50.0,50.00000000000001
142620.0,0.17881887770017776,0.13773956504515833,0.05472083218944741,50.0,50.0
142680.0,0.17876185847376885,0.13770181749852692,0.05471605572166644,50.0,50.0
142740.0,0.1787048997721134,0.13766410813374122,0.054711286725268815,50.0,50.0
142800.0,0.1786480014969902,0.13762643689109172,0.05470652518473592,50.0,50.0
142860.0,0.17859116355038804,0.13758880371099347,0.054701771084588846,50.0,50.0
142920.0,0.17853438583450498,0.13755120853398428,0.05469702440938827,50.0,50.0
142980.0,0.17847766825174802,0.13751365130072613,0.05469228514373433,50.0,49.99999999999999
143040.0,0.17842101070473226,0.1374761319520031,0.05468755327226647,50.0,49.99999999999999
143100.0,0.1783644130962805,0.13743865042872216,0.05468282877966336,50.0,50.0
143160.0,0.17830787532942266,0.1374012066719128,0.05467811165064271,50.0,50.0
143220.0,0.178251397307402,0.13736380062273,0.05467340186996326,50.0,50.0
143280.0,0.17819497893368547,0.1373264322224602,0.05466869942242775,50.0,50.0
143340.0,0.17813862011190446,0.13728910141248854,0.0546640042928656,50.0,50.0
143400.0,0.17808232074591443,0.1372518081343314,0.054659316466150465,50.0,50.0
143460.0,0.17802608073977533,0.1372145523296266,0.05465463592719452,50.00000000000001,50.0
143520.0,0.17796989999775098,0.1371773339401315,0.05464996266094836,50.00000000000001,50.0
143580.0,0.17791377842430867,0.13714015290772483,0.05464529665240086,50.00000000000001,50.0
143640.0,0.17785771592411848,0.13710300917440363,0.05464063788657906,50.00000000000001,50.0
143700.0,0.17780171240205267,0.13706590268228572,0.05463598634854804,50.00000000000001,50.0
143760.0,0.1777457677631853,0.13702883337360708,0.054631342023410794,50.00000000000001,50.0
143820.0,0.17768988191279775,0.13699180119072674,0.05462670489630997,50.00000000000001,50.0
143880.0,0.17763405475638777,0.13695480607613078,0.054622074952430565,50.00000000000001,50.0
143940.0,0.1775782861996166,0.13691784797240303,0.0546174521769843,50.00000000000001,50.0
144000.0,0.17752257614836212,0.13688092682225483,0.05461283655522543,50.00000000000001,50.0
144060.0,0.17746692450870136,0.13684404256851507,0.05460822807244561,50.00000000000001,50.0
144120.0,0.17741133118691002,0.1368071951541303,0.05460362671397373,50.0,50.0
144180.0,0.17735579608946184,0.13677038452216403,0.05459903246517587,50.0,50.0
144240.0,0.17730031912302804,0.1367336106157965,0.05459444531145512,50.0,50.0
144300.0,0.17724490019447686,0.13669687337832406,0.05458986523825149,50.0,50.0
144360.0,0.17718953921087294,0.13666017275315975,0.054585292231041777,49.99999999999999,50.0
144420.0,0.17713423607948472,0.13662350868383655,0.054580726275341246,49.99999999999999,50.0
144480.0,0.1770789907077963,0.13658688111401443,0.05457616735670618,49.99999999999999,50.0
144540.0,0.17702380300343976,0.13655028998744195,0.05457161546071894,49.99999999999999,50.0
144600.0,0.17696867287426332,0.13651373524799523,0.054567070573003106,49.99999999999999,50.0
144660.0,0.1769136002283094,0.13647721683966502,0.05456253267921852,49.99999999999999,50.0
144720.0,0.17685858497381382,0.1364407347065566,0.0545580017650612,49.99999999999999,50.00000000000001
144780.0,0.1768036270192054,0.13640428879288927,0.054553477816263206,49.99999999999999,50.00000000000001
144840.0,0.1767487262731054,0.1363678790429959,0.05454896081859255,49.99999999999999,50.00000000000001
144900.0,0.17669388264432698,0.13633150540132336,0.05454445075785304,50.0,50.00000000000001
144960.0,0.17663909604187467,0.13629516781243123,0.05453994761988421,50.0,50.00000000000001
145020.0,0.1765843663749526,0.13625886622099753,0.05453545139056313,50.00000000000001,50.00000000000001
145080.0,0.17652969355297743,0.13622260057182461,0.05453096205580731,50.000000000000014,50.00000000000001
145140.0,0.17647507748550428,0.1361863708097988,0.05452647960155817,50.000000000000014,50.00000000000001
145200.0,0.17642051808230166,0.13615017687993203,0.05452200401379774,50.000000000000014,50.00000000000001
145260.0,0.17636601525332724,0.13611401872734755,0.0545175352785433,50.00000000000002,50.00000000000001
145320.0,0.17631156890872723,0.13607789629728062,0.05451307338184722,50.00000000000002,50.00000000000001
145380.0,0.17625717895883594,0.13604180953507786,0.05450861830979689,50.00000000000002,50.00000000000001
145440.0,0.1762028453141753,0.13600575838619683,0.05450417004851456,50.00000000000002,50.00000000000001
145500.0,0.17614856788545416,0.13596974279620558,0.054499728584157255,50.000000000000014,50.0
145560.0,0.17609434658356807,0.1359337627107829,0.05449529390291668,50.000000000000014,50.0
145620.0,0.1760401813196064,0.135897818075722,0.05449086599102095,50.00000000000001,50.0
145680.0,0.17598607200486407,0.13586190883693663,0.05448644483473738,50.00000000000001,50.0
145740.0,0.17593201855077475,0.13582603494042522,0.05448203042035663,50.00000000000001,50.0
145800.0,0.17587802086897836,0.13579019633230685,0.05447762273420877,50.0,50.0
145860.0,0.17582407887129917,0.13575439295880953,0.05447322176265803,50.0,49.99999999999999
145920.0,0.17577019246974523,0.13571862476627086,0.05446882749210276,50.0,50.0
145980.0,0.17571636157650797,0.13568289170113648,0.054464439908975266,50.0,50.0
146040.0,0.17566258610396165,0.1356471937099604,0.054460058999741726,50.0,50.0
146100.0,0.17560886596466282,0.13561153073940446,0.054455684750902095,50.0,50.0
146160.0,0.17555520107134992,0.13557590273623868,0.05445131714898998,50.00000000000001,50.00000000000001
146220.0,0.17550159133694954,0.13554030964734365,0.054446956180574164,50.00000000000001,50.00000000000001
146280.0,0.17544803667458658,0.13550475141971777,0.054442601832261066,50.00000000000001,50.00000000000001
146340.0,0.175394536997526,0.13546922800044267,0.054438254090680795,50.00000000000001,50.000000000000014
146400.0,0.17534109221923158,0.13543373933671768,0.05443391294250123,50.00000000000001,50.000000000000014
146460.0,0.17528770225334675,0.13539828537584894,0.054429578374423436,50.00000000000001,50.000000000000014
146520.0,0.17523436701369413,0.13536286606524772,0.05442525037318159,50.00000000000001,50.000000000000014
146580.0,0.17518108641427502,0.135327481352432,0.05442092892554284,50.00000000000001,50.000000000000014
146640.0,0.17512786036926892,0.13529213118502534,0.05441661401830721,50.00000000000001,50.000000000000014
146700.0,0.17507468879303303,0.1352568155107561,0.05441230563830753,50.00000000000001,50.000000000000014
146760.0,0.17502157160010184,0.13522153427745795,0.05440800377240929,50.0,50.000000000000014
146820.0,0.17496850870519315,0.13518628743307304,0.054403708407512186,50.0,50.000000000000014
146880.0,0.17491550002321773,0.1351510749256577,0.05439941953055246,50.0,50.000000000000014
146940.0,0.17486254546922358,0.13511589670334992,0.05439513712848926,50.0,50.000000000000014
147000.0,0.17480964495845216,0.1350807527144029,0.05439086118831844,50.0,50.000000000000014
147060.0,0.17475679840632005,0.13504564290717275,0.05438659169706813,50.0,50.000000000000014
147120.0,0.17470400572841846,0.1350105672301195,0.05438232864179853,50.0,50.00000000000001
147180.0,0.17465126684051285,0.13497552563180618,0.05437807200960192,50.0,50.00000000000001
147240.0,0.1745985816585423,0.13494051806089954,0.05437382178760249,50.0,50.0
147300.0,0.1745459500986192,0.13490554446616804,0.05436957796295625,50.0,50.0
147360.0,0.17449337207702867,0.13487060479648347,0.05436534052285096,50.00000000000001,49.99999999999999
147420.0,0.17444084751023484,0.13483569900082296,0.054361109454507624,50.00000000000001,49.99999999999999
147480.0,0.17438837631489085,0.13480082702827553,0.05435688474518291,50.00000000000001,49.99999999999999
147540.0,0.1743359584077816,0.13476598882800947,0.054352666382155364,50.00000000000001,49.999999999999986
147600.0,0.17428359370588162,0.13473118434930492,0.05434845435273936,50.00000000000001,49.999999999999986
147660.0,0.174231282126336,0.13469641354154333,0.05434424864428058,50.00000000000001,49.999999999999986
147720.0,0.17417902358646029,0.13466167635420703,0.0543400492441559,50.00000000000001,49.999999999999986
147780.0,0.17412681800373966,0.1346269727368792,0.0543358561397733,50.00000000000001,49.999999999999986
147840.0,0.1740746652958288,0.13459230263924352,0.054331669318571786,50.0,49.999999999999986
147900.0,0.1740225653805512,0.13455766601108374,0.05432748876802126,50.0,49.999999999999986
147960.0,0.17397051817589881,0.13452306280228374,0.05432331447562244,50.0,49.99999999999999
148020.0,0.17391852360003826,0.13448849296283064,0.05431914642890833,49.99999999999999,50.0
148080.0,0.1738665815713207,0.13445395644282065,0.05431498461544648,49.999999999999986,50.0
148140.0,0.17381469200822516,0.13441945319242699,0.05431082902282588,49.999999999999986,50.00000000000001
148200.0,0.17376285482941572,0.13438498316193223,0.05430667963867021,49.999999999999986,50.00000000000001
148260.0,0.17371106995372299,0.13435054630171797,0.05430253645063358,49.999999999999986,50.000000000000014
148320.0,0.17365933730014355,0.13431614256226404,0.054298399446400386,49.999999999999986,50.000000000000014
148380.0,0.1736076567878396,0.13428177189414833,0.054294268613685255,49.999999999999986,50.000000000000014
148440.0,0.17355602833613848,0.13424743424804755,0.05429014394023292,49.999999999999986,50.000000000000014
148500.0,0.17350445186453223,0.13421312957473522,0.05428602541381814,49.99999999999999,50.000000000000014
148560.0,0.17345292729267708,0.13417885782508301,0.05428191302224562,49.99999999999999,50.000000000000014
148620.0,0.17340145454039954,0.1341446189500635,0.05427780675335136,50.0,50.00000000000001
148680.0,0.17335003352770548,0.13411041290075496,0.054273706595004884,50.0,50.00000000000001
148740.0,0.17329866417472659,0.1340762396283116,0.05426961253509668,50.0,50.00000000000001
148800.0,0.17324734640177455,0.13404209908399417,0.05426552456155088,50.00000000000001,50.00000000000001
148860.0,0.17319608012932333,0.13400799121915968,0.054261442662321135,50.00000000000001,50.00000000000001
148920.0,0.1731448652780089,0.133973915985261,0.05425736682539057,50.00000000000001,50.00000000000001
148980.0,0.17309370176862862,0.13393987333384763,0.05425329703877162,50.00000000000001,50.00000000000001
149040.0,0.17304258952214094,0.13390586321656406,0.054249233290505995,50.00000000000001,50.0
149100.0,0.1729915284596649,0.1338718855851503,0.05424517556866457,50.00000000000001,50.0
149160.0,0.17294051850247977,0.13383794039144195,0.054241123861347315,50.00000000000001,50.0
149220.0,0.17288955957203056,0.13380402758737237,0.05423707815668458,50.0,50.0
149280.0,0.17283865158993683,0.13377014712497873,0.05423303844283929,50.0,49.99999999999999
149340.0,0.17278779447794188,0.13373629895637218,0.05422900470799474,50.0,49.99999999999999
149400.0,0.17273698815796407,0.13370248303376775,0.054224976940366904,50.0,49.99999999999999
149460.0,0.17268623255208004,0.13366869930947456,0.054220955128200465,50.0,49.99999999999999
149520.0,0.1726355275825244,0.1336349477358952,0.05421693925976868,50.0,49.99999999999999
149580.0,0.17258487317168916,0.1336012282655266,0.05421292932337333,50.0,49.99999999999999
149640.0,0.17253426924212345,0.13356754085095796,0.05420892530734462,50.0,49.99999999999999
149700.0,0.17248371571653306,0.13353388544487285,0.054204927200041095,50.0,49.99999999999999
149760.0,0.17243321251777996,0.13350026200004655,0.05420093498984954,50.0,50.0
149820.0,0.17238275956888782,0.13346667046935065,0.05419694866518629,50.0,50.0
149880.0,0.1723323567930503,0.13343311080575804,0.05419296821449924,50.0,50.0
149940.0,0.1722820041135822,0.13339958296231394,0.0541889936262562,50.0,50.0
150000.0,0.1722317014539688,0.13336608689216428,0.05418502488895668,50.0,50.0
150060.0,0.17218144873784988,0.13333262254854725,0.054181061991128064,50.0,50.00000000000001
150120.0,0.17213124588901912,0.13329918988479272,0.05417710492132554,50.0,50.00000000000001
150180.0,0.17208109283142392,0.13326578885432153,0.05417315366813197,50.00000000000001,50.00000000000001
150240.0,0.17203098948916484,0.13323241941064584,0.05416920822015785,50.00000000000001,50.00000000000001
150300.0,0.1719809357864952,0.13319908150736862,0.054165268566041216,50.00000000000001,50.00000000000001
150360.0,0.17193093164782075,0.13316577509818348,0.05416133469444753,50.00000000000001,50.0
150420.0,0.1718809769977049,0.13313250013687775,0.05415740659407099,50.00000000000001,50.0
150480.0,0.171831071760877,0.13309925657733665,0.05415348425363642,50.00000000000001,50.0
150540.0,0.17178121586218437,0.1330660443735173,0.054149567661888026,50.00000000000001,50.0
150600.0,0.17173140922664074,0.1330328634794747,0.05414565680760083,50.00000000000001,49.99999999999999
150660.0,0.17168165177941053,0.13299971384935375,0.054141751679576904,50.00000000000001,49.99999999999999
150720.0,0.17163194344580834,0.13296659543738856,0.05413785226664535,50.00000000000001,49.99999999999999
150780.0,0.17158228415129864,0.1329335081979027,0.05413395855766218,50.00000000000001,49.99999999999999
150840.0,0.1715326738214953,0.13290045208530846,0.054130070541510256,50.0,50.0
150900.0,0.17148311238216132,0.13286742705410673,0.05412618820709916,50.0,50.0
150960.0,0.17143359975920833,0.13283443305888695,0.0541223115433652,49.99999999999999,50.0
151020.0,0.1713841358787017,0.13280147005433018,0.05411844053927251,49.99999999999999,50.0
151080.0,0.17133472066686872,0.1327685379952133,0.05411457518381505,49.99999999999999,50.0
151140.0,0.17128535405005188,0.13273563683638248,0.05411071546600563,49.99999999999999,50.0
151200.0,0.17123603595475592,0.13270276653278001,0.054106861374886954,49.999999999999986,50.0
151260.0,0.17118676630763258,0.13266992703943623,0.054103012899528076,49.999999999999986,50.0
151320.0,0.1711375450354801,0.13263711831146785,0.054099170029024285,49.999999999999986,50.0
151380.0,0.17108837206524302,0.1326043403040793,0.05409533275249701,49.999999999999986,50.00000000000001
151440.0,0.1710392473240116,0.1325715929725619,0.0540915010590938,49.99999999999999,50.00000000000001
151500.0,0.17099017073902154,0.1325388762722933,0.054087674937988175,49.99999999999999,50.00000000000001
151560.0,0.17094114223765364,0.13250619015873719,0.05408385437837959,49.99999999999999,50.00000000000001
151620.0,0.17089216174743857,0.13247353458744673,0.05408003936949459,50.0,50.00000000000001
151680.0,0.17084322919606484,0.13244090951406887,0.05407622990058861,50.0,50.00000000000001
151740.0,0.1707943445113337,0.13240831489431865,0.054072425960935526,50.00000000000001,50.00000000000001
151800.0,0.1707455076212046,0.13237575068400403,0.05406862753983825,50.00000000000001,50.00000000000001
151860.0,0.17069671845378037,0.1323432168390197,0.05406483462662526,50.00000000000001,50.00000000000001
151920.0,0.17064797693730685,0.13231071331534436,0.05406104721065055,50.00000000000001,50.00000000000001
151980.0,0.17059928300017246,0.13227824006904232,0.05405726528129354,50.00000000000001,50.00000000000001
152040.0,0.17055063657090802,0.13224579705626252,0.054053488827959,50.00000000000001,50.00000000000001
152100.0,0.1705020375781861,0.1322133842332385,0.05404971784007698,50.00000000000001,50.00000000000001
152160.0,0.1704534859508209,0.1321810015562878,0.054045952307102726,50.0,50.0
152220.0,0.17040498161777284,0.1321486489818156,0.054042192218517804,50.0,50.0
152280.0,0.17035652450815605,0.13211632646631752,0.054038437563831865,50.0,50.0
152340.0,0.17030811455119524,0.13208403396635676,0.05403468833257251,50.0,50.0
152400.0,0.17025975167626917,0.13205177143858718,0.05403094451429553,49.99999999999999,50.0
152460.0,0.17021143581289658,0.1320195388397464,0.054027206098581596,49.99999999999999,50.0
152520.0,0.17016316689073574,0.13198733612665542,0.05402347307503617,49.99999999999999,49.99999999999999
152580.0,0.1701149448395841,0.13195516325621764,0.05401974543328942,49.99999999999999,49.99999999999999
152640.0,0.17006676958937791,0.1319230201854198,0.05401602316299619,49.99999999999999,49.99999999999999
152700.0,0.17001864107019196,0.13189090687133093,0.054012306253835865,49.99999999999999,49.99999999999999
152760.0,0.1699705592122391,0.13185882327110204,0.054008594695512335,50.0,50.0
152820.0,0.16992252394587487,0.13182676934196993,0.05400488847775508,50.0,50.0
152880.0,0.16987453520160478,0.13179474504125976,0.05400118759032083,50.0,50.00000000000001
152940.0,0.16982659291004235,0.13176275032636206,0.05399749202298385,50.0,50.00000000000001
153000.0,0.16977869700195145,0.1317307851547568,0.05399380176554578,50.0,50.00000000000001
153060.0,0.1697308474082325,0.13169884948400523,0.05399011680783244,50.0,50.00000000000001
153120.0,0.16968304405992207,0.13166694327174988,0.05398643713969374,50.0,50.00000000000001
153180.0,0.1696352868881926,0.13163506647571419,0.053982762751003645,50.0,50.00000000000001
153240.0,0.169587575824352,0.13160321905370248,0.05397909363166007,50.0,50.00000000000001
153300.0,0.1695399107998433,0.13157140096359968,0.053975429771584815,50.0,50.0
153360.0,0.1694922917462444,0.1315396121633714,0.05397177116072351,50.0,50.0
153420.0,0.16944471859527227,0.13150785261106565,0.05396811778904662,50.0,50.0
153480.0,0.1693971912787903,0.13147612226481756,0.053964469646551105,50.0,50.0
153540.0,0.16934970972876745,0.13144442108282642,0.05396082672325103,50.0,50.0
153600.0,0.1693022738773193,0.13141274902337816,0.05395718900918705,50.0,50.0
153660.0,0.16925488365669472,0.1313811060448383,0.05395355649442332,50.0,50.0
153720.0,0.16920753899927551,0.13134949210565208,0.05394992916904745,49.99999999999999,50.0
153780.0,0.169160239837576,0.13131790716434336,0.05394630702317039,49.99999999999999,50.0
153840.0,0.1691129861042428,0.1312863511795152,0.053942690046926416,49.99999999999999,50.0
153900.0,0.1690657777320544,0.13125482410984957,0.05393907823047302,49.99999999999999,50.0
153960.0,0.16901861465392087,0.13122332591410638,0.05393547156399084,49.99999999999999,50.0
154020.0,0.16897149680288812,0.13119185655112697,0.05393187003768469,49.999999999999986,50.0
154080.0,0.16892442411214473,0.13116041597983732,0.053928273641785124,49.999999999999986,50.0
154140.0,0.16887739651498263,0.13112900415922596,0.05392468236653935,49.999999999999986,50.0
154200.0,0.16883041394483678,0.13109762104836653,0.05392109620222043,49.999999999999986,50.0
154260.0,0.16878347633527216,0.13106626660641013,0.053917515139124274,49.99999999999999,50.0
154320.0,0.1687365836199836,0.1310349407925855,0.05391393916756959,49.99999999999999,50.0
154380.0,0.16868973573279522,0.1310036435661986,0.05391036827789781,49.99999999999999,50.0
154440.0,0.16864293260766033,0.1309723748866322,0.05390680246047301,49.99999999999999,50.0
154500.0,0.16859617417866093,0.1309411347133465,0.053903241705681865,49.99999999999999,50.0
154560.0,0.16854946038000748,0.13090992300587792,0.05389968600393358,50.0,50.0
154620.0,0.16850279114604302,0.13087873972384237,0.05389613534566082,50.0,50.0
154680.0,0.16845616641124975,0.1308475848269381,0.0538925897213213,50.00000000000001,50.0
154740.0,0.168409586110211,0.1308164582749248,0.05388904912138896,50.00000000000001,50.0
154800.0,0.16836305017764955,0.13078536002764501,0.05388551353636286,50.00000000000001,50.0
154860.0,0.16831655854841523,0.13075429004501737,0.05388198295676429,50.00000000000001,50.0
154920.0,0.16827011115748453,0.13072324828703594,0.053878457373136686,50.00000000000001,50.0
154980.0,0.1682237079399602,0.13069223471377014,0.05387493677604562,50.000000000000014,50.0
155040.0,0.1681773488310711,0.13066124928536532,0.05387142115607868,50.000000000000014,50.0
155100.0,0.16813103376617175,0.130630291962041,0.053867910503845415,50.00000000000001,50.0
155160.0,0.16808476268074204,0.13059936270409248,0.053864404809977284,50.00000000000001,50.0
155220.0,0.16803853551039127,0.13056846147189172,0.053860904065128584,50.00000000000001,50.0
155280.0,0.16799235219086447,0.13053758822589193,0.05385740825997789,50.00000000000001,50.0
155340.0,0.1679462126580057,0.1305067429266057,0.053853917385219684,50.00000000000001,50.0
155400.0,0.167900116847795,0.13047592553462703,0.05385043143157282,50.00000000000001,50.0
155460.0,0.1678540646963365,0.1304451360106238,0.05384695038977778,50.00000000000001,50.0
155520.0,0.16780805613985797,0.13041437431533792,0.0538434742505966,50.00000000000001,50.0
155580.0,0.16776209111471044,0.1303836404095849,0.053840003004812814,50.0,50.0
155640.0,0.1677161695573681,0.13035293425425412,0.053836536643231396,50.0,50.0
155700.0,0.16767029140442774,0.13032225581030804,0.05383307515667868,50.0,50.0
155760.0,0.1676244565926087,0.13029160503878245,0.0538296185360023,50.0,50.0
155820.0,0.1675786650587565,0.13026098190078822,0.0538261667720721,50.0,50.0
155880.0,0.16753291673984916,0.13023038635751572,0.05382271985578155,50.0,50.0
155940.0,0.16748721157296156,0.1301998183702136,0.05381927777803959,50.0,50.0
156000.0,0.1674415494953014,0.1301692779002094,0.05381584052977888,50.0,50.0
156060.0,0.16739593044419737,0.1301387649089035,0.05381240810195309,49.99999999999999,50.0
156120.0,0.1673503543570989,0.13010827935776803,0.053808980485536895,49.99999999999999,50.0
156180.0,0.16730482117157588,0.13007782120834763,0.05380555767152586,49.99999999999999,50.0
156240.0,0.16725933082531838,0.13004739042225844,0.05380213965093639,49.99999999999999,49.99999999999999
156300.0,0.1672138832561362,0.13001698696118835,0.0537987264148057,49.99999999999999,49.99999999999999
156360.0,0.1671684784019588,0.12998661078689716,0.05379531795419172,49.99999999999999,49.99999999999999
156420.0,0.16712311620083886,0.12995626186121761,0.053791914260173976,49.99999999999999,49.99999999999999
156480.0,0.16707779659095837,0.12992594014606032,0.05378851532385497,49.99999999999999,49.99999999999999
156540.0,0.16703251951059403,0.12989564560339256,0.05378512113635228,49.99999999999999,49.99999999999999
156600.0,0.16698728489815215,0.12986537819525906,0.05378173168880653,49.99999999999999,49.99999999999999
156660.0,0.16694209269215723,0.1298351378837755,0.05377834697237883,49.99999999999999,49.99999999999999
156720.0,0.1668969428312517,0.12980492463112794,0.05377496697825066,49.99999999999999,49.99999999999999
156780.0,0.16685183525419556,0.12977473839957268,0.05377159169762388,49.99999999999999,49.99999999999999
156840.0,0.16680676989986618,0.12974457915143675,0.05376822112172061,50.0,49.99999999999999
156900.0,0.1667617467072579,0.12971444684911662,0.0537648552417832,50.0,49.99999999999999
156960.0,0.16671676561548188,0.129684341455079,0.05376149404907417,50.0,50.0
157020.0,0.16667182656376958,0.12965426293186247,0.05375813753487702,50.0,50.0
157080.0,0.16662692949147864,0.12962421124208073,0.05375478569049759,50.00000000000001,50.0
157140.0,0.16658207433805944,0.1295941863484041,0.05375143850725645,50.00000000000001,50.0
157200.0,0.16653726104308883,0.12956418821357776,0.053748095976496595,50.00000000000001,50.00000000000001
157260.0,0.16649248954625906,0.12953421680041613,0.05374475808958089,50.00000000000001,50.00000000000001
157320.0,0.16644775978737755,0.1295042720718029,0.053741424837892085,50.00000000000001,50.00000000000001
157380.0,0.1664030717063666,0.12947435399069027,0.05373809621283271,50.00000000000001,50.00000000000001
157440.0,0.16635842524326308,0.12944446252009892,0.05373477220582503,50.00000000000001,50.00000000000001
157500.0,0.16631382033821818,0.12941459762311863,0.053731452808310994,50.00000000000001,50.00000000000001
157560.0,0.16626925693149705,0.12938475926290655,0.05372813801175217,50.0,50.0
157620.0,0.1662247349634824,0.12935494740269085,0.053724827807630555,50.0,50.0
157680.0,0.16618025437468004,0.12932516200577296,0.053721522187449834,50.0,50.0
157740.0,0.16613581510568662,0.1292954030355092,0.053718221142728104,50.0,50.0
157800.0,0.16609141709722214,0.12926567045532972,0.053714924665005215,50.0,50.0
157860.0,0.16604706029011942,0.12923596422873196,0.0537116327458404,50.0,50.0
157920.0,0.1660027446253237,0.129206284319281,0.053708345376812204,49.99999999999999,50.0
157980.0,0.1659584700438924,0.1291766306906091,0.05370506254951845,49.99999999999999,50.0
158040.0,0.16591423648699488,0.1291470033064154,0.053701784255576146,49.99999999999999,50.0
158100.0,0.16587004389591217,0.12911740213046635,0.05369851048662146,49.99999999999999,50.0
158160.0,0.1658258922120366,0.12908782712659456,0.05369524123430967,49.99999999999999,50.00000000000001
158220.0,0.16578178137687535,0.12905827825870186,0.053691976490315894,49.99999999999999,50.00000000000001
158280.0,0.16573771133205575,0.12902875549076143,0.0536887162463364,49.99999999999999,50.00000000000001
158340.0,0.16569368201929396,0.12899925878680063,0.05368546049408144,49.99999999999999,50.00000000000001
158400.0,0.16564969338042665,0.12896978811091858,0.053682209225282475,49.99999999999999,50.00000000000001
158460.0,0.16560574535740055,0.1289403434272805,0.053678962431689806,49.99999999999999,50.00000000000001
158520.0,0.16556183789227236,0.12891092470011756,0.053675720105072544,49.99999999999999,50.00000000000001
158580.0,0.1655179709272083,0.12888153189372628,0.053672482237218544,49.99999999999999,50.00000000000001
158640.0,0.16547414440448394,0.12885216497246912,0.05366924881993434,49.99999999999999,50.00000000000001
158700.0,0.16543035826648392,0.12882282390077365,0.05366601984504512,50.0,50.0
158760.0,0.1653866124557016,0.1287935086431329,0.05366279530439466,50.0,50.0
158820.0,0.16534290691474257,0.12876421916410669,0.05365957518984605,50.0,49.99999999999999
158880.0,0.16529924158632955,0.12873495542832558,0.05365635949328289,50.0,49.99999999999999
158940.0,0.1652556164132724,0.12870571740047224,0.053653148206602524,50.0,49.99999999999999
159000.0,0.16521203133849857,0.1286765050452997,0.05364994132172286,50.0,49.99999999999999
159060.0,0.165168486305043,0.12864731832762577,0.05364673883058018,50.0,49.99999999999999
159120.0,0.16512498125604805,0.12861815721233258,0.05364354072512904,50.0,49.99999999999999
159180.0,0.16508151613476316,0.12858902166436634,0.053640346997342235,50.0,49.99999999999999
159240.0,0.16503809088454446,0.12855991164873745,0.05363715763921079,50.0,49.99999999999999
159300.0,0.16499470544885475,0.1285308271305201,0.05363397264274385,50.0,50.0
159360.0,0.16495135977126302,0.12850176807485256,0.05363079199996864,49.99999999999999,50.0
159420.0,0.1649080537954478,0.12847273444693824,0.05362761570293121,49.99999999999999,50.00000000000001
159480.0,0.16486478746520203,0.12844372621204936,0.05362444374369756,49.99999999999999,50.00000000000001
159540.0,0.16482156072440401,0.12841474333550984,0.053621276114347076,49.99999999999999,50.00000000000001
159600.0,0.16477837351704674,0.12838578578271181,0.05361811280697916,49.99999999999999,50.000000000000014
159660.0,0.16473522578722838,0.12835685351911116,0.05361495381371109,49.99999999999999,50.000000000000014
159720.0,0.1646921174791519,0.128327946510226,0.05361179912667794,49.99999999999999,50.000000000000014
159780.0,0.16464904853712495,0.12829906472163777,0.05360864873803257,49.99999999999999,50.000000000000014
159840.0,0.16460601890555945,0.12827020811899037,0.05360550263994551,49.99999999999999,50.000000000000014
159900.0,0.16456302852897148,0.12824137666798988,0.053602360824605,50.0,50.00000000000001
159960.0,0.16452007735198088,0.12821257033440536,0.053599223284216846,50.0,50.00000000000001
160020.0,0.16447716531931456,0.12818378908406933,0.05359609001100519,50.00000000000001,50.0
160080.0,0.1644342923758112,0.12815503288288158,0.0535929609972136,50.00000000000001,50.0
160140.0,0.16439145846639286,0.12812630169679268,0.053589836235098665,50.00000000000001,50.0
160200.0,0.16434866353609373,0.12809759549181954,0.05358671571693647,50.00000000000001,49.99999999999999
160260.0,0.16430590753005064,0.1280689142340417,0.05358359943502048,50.000000000000014,49.99999999999999
160320.0,0.16426319039350296,0.12804025788959955,0.053580487381661525,50.000000000000014,49.99999999999999
160380.0,0.16422051207179225,0.12801162642469485,0.053577379549187704,50.000000000000014,49.99999999999999
160440.0,0.16417787251036203,0.12798301980559093,0.05357427592994436,50.00000000000001,49.99999999999999
160500.0,0.16413527165475753,0.1279544379986124,0.053571176516294054,50.00000000000001,50.0
160560.0,0.16409270945062546,0.12792588097014415,0.05356808130061645,50.00000000000001,50.0
160620.0,0.164050185843717,0.12789734868663408,0.05356499027530907,50.0,50.00000000000001
160680.0,0.16400770077989257,0.12786884111459554,0.053561903432788265,50.0,50.00000000000001
160740.0,0.16396525420509422,0.12784035822059153,0.05355882076548319,50.0,50.00000000000001
160800.0,0.16392284606537344,0.12781189997125036,0.05355574226584195,50.0,50.00000000000001
160860.0,0.16388047630688216,0.12778346633326063,0.05355266792632955,49.99999999999999,50.000000000000014
160920.0,0.16383814487587234,0.1277550572733711,0.0535495977394279,49.99999999999999,50.000000000000014
160980.0,0.1637958517186959,0.12772667275839106,0.05354653169763572,49.99999999999999,50.000000000000014
161040.0,0.16375359678180437,0.12769831275518873,0.05354346979346856,50.0,50.00000000000001
161100.0,0.16371138001174873,0.12766997723069293,0.053540412019458666,50.0,50.00000000000001
161160.0,0.16366920135517904,0.1276416661518916,0.053537358368155014,50.0,50.00000000000001
161220.0,0.16362706075884748,0.12761337948583404,0.053534308832123886,50.00000000000001,50.0
161280.0,0.16358495816961274,0.12758511719963353,0.05353126340394995,50.00000000000001,49.99999999999999
161340.0,0.1635428935344137,0.12755687926045184,0.05352822207623035,50.00000000000001,49.99999999999999
161400.0,0.16350086680029605,0.12752866563551482,0.053525184841580635,50.00000000000001,49.99999999999999
161460.0,0.16345887791440358,0.12750047629210706,0.05352215169263285,50.00000000000001,49.99999999999999
161520.0,0.16341692682397793,0.12747231119757244,0.05351912262203548,50.00000000000001,49.99999999999999
161580.0,0.1633750134763583,0.1274441703193129,0.05351609762245341,50.00000000000001,49.99999999999999
161640.0,0.16333313781898134,0.12741605362478955,0.05351307668656785,50.00000000000001,49.99999999999999
161700.0,0.16329129979938084,0.12738796108152162,0.05351005980707634,50.00000000000001,49.99999999999999
161760.0,0.16324949936518748,0.1273598926570867,0.05350704697669267,50.00000000000001,49.99999999999999
161820.0,0.16320773646413167,0.12733184831912184,0.053504038188147494,50.0,49.99999999999999
161880.0,0.1631660110440481,0.1273038280353272,0.05350103343418941,50.0,49.99999999999999
161940.0,0.16312432305284963,0.1272758317734503,0.05349803270757909,49.99999999999999,49.99999999999999
162000.0,0.1630826724385536,0.12724785950130096,0.053495036001095175,49.99999999999999,49.99999999999999
162060.0,0.16304105914927317,0.12721991118674683,0.05349204330753236,49.99999999999999,50.0
162120.0,0.16299948313321716,0.12719198679771332,0.05348905461970135,49.99999999999999,50.0
162180.0,0.16295794433868988,0.12716408630218284,0.053486069930428815,49.99999999999999,50.0
162240.0,0.1629164427140907,0.12713620966819528,0.05348308923255736,49.99999999999999,50.0
162300.0,0.16287497820791402,0.12710835686384775,0.05348011251894544,49.99999999999999,50.0
162360.0,0.16283355076874897,0.12708052785729412,0.05347713978246736,50.0,50.00000000000001
162420.0,0.16279216034528216,0.12705272261674688,0.053474171016013865,50.0,50.00000000000001
162480.0,0.16275080688630197,0.12702494111047968,0.05347120621249307,50.0,50.000000000000014
162540.0,0.16270949034067345,0.12699718330681267,0.053468245364825,50.0,50.000000000000014
162600.0,0.16266821065736356,0.12696944917412717,0.05346528846594711,50.0,50.000000000000014
162660.0,0.16262696778543304,0.12694173868086098,0.0534623355088125,50.0,50.000000000000014
162720.0,0.16258576167403616,0.12691405179550808,0.053459386486389864,50.0,50.000000000000014
162780.0,0.1625445922724204,0.12688638848661846,0.05345644139166345,50.0,50.000000000000014
162840.0,0.16250345952992631,0.12685874872279848,0.053453500217632996,50.0,50.000000000000014
162900.0,0.16246236339598724,0.12683113247270994,0.05345056295731373,50.0,50.000000000000014
162960.0,0.16242130382012918,0.1268035397050709,0.05344762960373626,49.99999999999999,50.00000000000001
163020.0,0.16238028075197325,0.12677597038865593,0.053444700149947226,49.99999999999999,50.00000000000001
163080.0,0.16233929414123988,0.12674842449229995,0.053441774589010144,49.99999999999999,50.00000000000001
163140.0,0.162298343937725,0.12672090198488348,0.05343885291400021,49.99999999999999,50.00000000000001
163200.0,0.1622574300913239,0.12669340283534644,0.05343593511800957,49.99999999999999,50.0
163260.0,0.1622165525520236,0.12666592701268392,0.0534330211941456,49.99999999999999,50.0
163320.0,0.16217571126990243,0.12663847448594673,0.05343011113553087,49.99999999999999,50.0
163380.0,0.16213490619512996,0.1266110452242396,0.05342720493530307,49.99999999999999,50.0
163440.0,0.16209413727796665,0.12658363919672294,0.053424302586615034,50.0,49.99999999999999
163500.0,0.16205340446876373,0.12655625637261117,0.053421404082634634,50.0,49.99999999999999
163560.0,0.16201270771796297,0.12652889672117354,0.05341850941654476,50.00000000000001,49.99999999999999
163620.0,0.16197204697609918,0.12650156021173514,0.053415618581543915,50.00000000000001,49.99999999999999
163680.0,0.1619314221938044,0.1264742468136798,0.05341273157084711,50.000000000000014,49.99999999999999
163740.0,0.1618908333217842,0.1264469564964353,0.0534098483776806,50.000000000000014,49.99999999999999
163800.0,0.1618502803108414,0.12641968922948874,0.053406968995287206,50.000000000000014,49.99999999999999
163860.0,0.1618097631118685,0.12639244498238056,0.05340409341692459,50.000000000000014,49.99999999999999
163920.0,0.16176928167584734,0.1263652237247053,0.05340122163586522,50.000000000000014,49.99999999999999
163980.0,0.1617288359538488,0.1263380254261113,0.0533983536453963,50.000000000000014,49.99999999999999
164040.0,0.16168842589703283,0.12631085005630013,0.05339548943881977,50.000000000000014,49.99999999999999
164100.0,0.16164805145664798,0.12628369758502717,0.05339262900945222,50.00000000000001,49.99999999999999
164160.0,0.16160771258403137,0.12625656798210108,0.05338977235062489,50.00000000000001,50.0
164220.0,0.16156740923061116,0.1262294612173851,0.05338691945568421,50.0,50.0
164280.0,0.16152714134791069,0.1262023772607995,0.053384070317992645,50.0,50.0
164340.0,0.16148690888752484,0.12617531608230878,0.053381224930923704,50.0,50.0
164400.0,0.16144671180114384,0.12614827765193423,0.053378383287867016,49.99999999999999,50.0
164460.0,0.1614065500405455,0.12612126193974993,0.05337554538222665,49.99999999999999,50.00000000000001
164520.0,0.16136642355759492,0.1260942689158829,0.0533727112074211,49.99999999999999,50.00000000000001
164580.0,0.16132633230424454,0.12606729855051227,0.05336988075688322,49.99999999999999,50.00000000000001
164640.0,0.16128627623253355,0.12604035081387,0.053367054024060216,49.99999999999999,50.0
164700.0,0.16124625529458805,0.12601342567624027,0.053364231002413595,49.99999999999999,50.0
164760.0,0.16120626944262062,0.12598652310795905,0.05336141168541911,50.0,50.0
164820.0,0.16116631862893271,0.12595964307941648,0.05335859606656727,50.0,49.99999999999999
164880.0,0.16112640280591833,0.1259327855610581,0.05335578413936414,50.0,49.99999999999999
164940.0,0.1610865219260426,0.12590595052337236,0.053352975897326765,50.0,49.999999999999986
165000.0,0.16104667594186328,0.12587913793690406,0.05335017133398776,50.0,49.999999999999986
165060.0,0.16100686480602389,0.1258523477722491,0.053347370442893845,50.00000000000001,49.999999999999986
165120.0,0.16096708847125327,0.12582558000005506,0.05334457321760576,50.00000000000001,49.999999999999986
165180.0,0.16092734689036556,0.12579883459102104,0.053341779651698285,50.00000000000001,49.999999999999986
165240.0,0.16088764001625988,0.12577211151589754,0.05333898973876013,50.00000000000001,49.999999999999986
165300.0,0.1608479678019202,0.12574541074548587,0.05333620347239397,50.0,49.999999999999986
165360.0,0.16080833020041516,0.1257187322506385,0.05333342084621635,50.0,49.99999999999999
165420.0,0.1607687271649002,0.1256920760022607,0.053330641853858246,50.0,49.99999999999999
165480.0,0.16072915864862133,0.1256654419713119,0.05332786648896585,50.0,49.99999999999999
165540.0,0.16068962460489414,0.12563883012879346,0.05332509474519585,50.0,49.99999999999999
165600.0,0.16065012498712475,0.12561224044576189,0.05332232661622023,50.0,49.99999999999999
165660.0,0.16061065974880312,0.1255856728933241,0.05331956209572469,50.0,50.0
165720.0,0.16057122884350275,0.12555912744263698,0.05331680117740862,50.0,50.0
165780.0,0.16053183222488043,0.12553260406490815,0.05331404385498505,50.0,50.0
165840.0,0.16049246984667614,0.12550610273139537,0.05331129012218064,50.0,50.0
165900.0,0.16045314166271282,0.12547962341340646,0.053308539972735595,50.00000000000001,50.0
165960.0,0.16041384762689617,0.12545316608229903,0.05330579340040369,50.00000000000001,50.0
166020.0,0.16037458769321708,0.12542673070948213,0.05330305039895275,50.00000000000001,50.0
166080.0,0.16033536181575553,0.12540031726641795,0.05330031096216546,50.00000000000001,50.0
166140.0,0.1602961699486582,0.1253739257246104,0.05329757508383468,50.00000000000001,50.0
166200.0,0.16025701204616102,0.1253475560556163,0.05329484275776819,50.000000000000014,50.0
166260.0,0.16021788806258186,0.1253212082310421,0.05329211397778715,50.000000000000014,50.0
166320.0,0.16017879795232026,0.1252948822225439,0.05328938873772606,50.00000000000001,50.0
166380.0,0.1601397416698573,0.12526857800182645,0.05328666703143272,50.00000000000001,50.0
166440.0,0.16010071916975546,0.12524229554064417,0.0532839488527682,50.00000000000001,50.0
166500.0,0.16006173040665828,0.1252160348108001,0.0532812341956068,50.00000000000001,50.0
166560.0,0.16002277533529027,0.12518979578414619,0.05327852305383602,50.0,50.0
166620.0,0.15998385391045908,0.1251635784325849,0.05327581542135698,50.0,50.0
166680.0,0.15994496608705877,0.12513738272807037,0.05327311129208513,50.0,50.0
166740.0,0.15990611182005024,0.12511120864259762,0.05327041065994624,50.0,50.0
166800.0,0.15986729106448094,0.1250850561482137,0.053267713518880426,50.0,49.99999999999999
166860.0,0.15982850377547844,0.12505892521701406,0.05326501986284085,49.99999999999999,49.99999999999999
166920.0,0.15978974990825026,0.1250328158211425,0.053262329685793676,49.99999999999999,49.99999999999999
166980.0,0.15975102941808364,0.1250067279327911,0.053259642981718015,49.99999999999999,49.99999999999999
167040.0,0.1597123422603454,0.12498066152419982,0.05325695974460592,49.99999999999999,50.0
167100.0,0.1596736883904817,0.12495461656765644,0.05325427996846235,49.99999999999999,50.0
167160.0,0.15963506776401795,0.124928593035497,0.0532516036473051,50.0,50.0
167220.0,0.15959648033656051,0.12490259090010637,0.05324893077516531,50.0,50.0
167280.0,0.15955792606379984,0.12487661013392044,0.05324626134608815,50.0,50.0
167340.0,0.15951940490149297,0.12485065070941481,0.05324359535412864,50.0,50.00000000000001
167400.0,0.15948091680548107,0.12482471259911612,0.0532409327933559,50.0,50.00000000000001
167460.0,0.15944246173168367,0.12479879577559866,0.05323827365785174,50.0,50.00000000000001
167520.0,0.15940403963609845,0.12477290021148353,0.05323561794171065,50.0,50.00000000000001
167580.0,0.15936565047480106,0.12474702587943945,0.053232965639039766,50.0,50.00000000000001
167640.0,0.15932729420394498,0.12472117275218166,0.05323031674395881,50.0,50.00000000000001
167700.0,0.1592889707797614,0.12469534080247283,0.05322767125060008,50.0,50.000000000000014
167760.0,0.15925068015855884,0.1246695300031222,0.05322502915310842,49.99999999999999,50.000000000000014
167820.0,0.1592124222967258,0.1246437403269871,0.05322239044564169,49.99999999999999,50.000000000000014
167880.0,0.15917419715073472,0.1246179717469748,0.05321975512237153,49.99999999999999,50.000000000000014
167940.0,0.15913600467711922,0.12459222423603127,0.05321712317747897,49.99999999999999,50.000000000000014
168000.0,0.159097844832497,0.12456649776715277,0.05321449460515887,49.99999999999999,50.000000000000014
168060.0,0.1590597175735625,0.12454079231338194,0.053211869399618486,49.99999999999999,50.000000000000014
168120.0,0.15902162285708657,0.12451510784780725,0.05320924755507742,49.99999999999999,50.000000000000014
168180.0,0.15898356063991648,0.12448944434356375,0.05320662906576761,49.99999999999999,50.000000000000014
168240.0,0.15894553087897556,0.12446380177383251,0.05320401392593326,50.0,50.000000000000014
168300.0,0.15890753353126313,0.12443818011184005,0.05320140212983086,50.0,50.00000000000001
168360.0,0.1588695685538543,0.12441257933085934,0.0531987936717291,50.0,50.00000000000001
168420.0,0.1588316359039018,0.12438699940421025,0.05319618854590932,50.00000000000001,50.0
168480.0,0.1587937355386388,0.1243614403052611,0.05319358674666625,50.00000000000001,49.99999999999999
168540.0,0.15875586741536207,0.12433590200741867,0.05319098826830394,50.00000000000001,49.99999999999999
168600.0,0.1587180314914491,0.12431038448413866,0.05318839310513986,50.000000000000014,49.99999999999999
168660.0,0.15868022772435225,0.12428488770892193,0.05318580125150356,50.000000000000014,49.999999999999986
168720.0,0.15864245607159874,0.1242594116553149,0.053183212701736614,50.000000000000014,49.999999999999986
168780.0,0.1586047164907905,0.1242339562969089,0.05318062745019263,50.000000000000014,49.999999999999986
168840.0,0.1585670089396039,0.12420852160734064,0.05317804549123718,50.000000000000014,49.999999999999986
168900.0,0.15852933337578964,0.12418310756029144,0.05317546681924782,50.00000000000001,49.999999999999986
168960.0,0.15849168975717262,0.12415771412948777,0.05317289142861398,50.00000000000001,49.99999999999999
169020.0,0.1584540780416535,0.12413234128870215,0.05317031931373732,50.0,49.99999999999999
169080.0,0.1584164981872118,0.12410698901175449,0.05316775046903218,50.0,49.99999999999999
169140.0,0.1583789501518893,0.12408165727250246,0.05316518488892282,49.99999999999999,50.0
169200.0,0.15834143389380656,0.12405634604485163,0.053162622567846186,49.99999999999999,50.0
169260.0,0.15830394937115758,0.12403105530275174,0.05316006350025099,49.99999999999999,50.0
169320.0,0.15826649654220953,0.12400578502019682,0.05315750768059768,49.99999999999999,50.0
169380.0,0.15822907536530262,0.12398053517122548,0.05315495510335843,49.999999999999986,50.0
169440.0,0.15819168579884996,0.12395530572992017,0.05315240576301708,49.999999999999986,50.0
169500.0,0.15815432780133734,0.12393009667040755,0.05314985965406911,49.999999999999986,50.0
169560.0,0.15811700133132314,0.12390490796685803,0.053147316771021635,49.99999999999999,50.0
169620.0,0.1580797063474216,0.12387973959347595,0.0531447771083904,49.99999999999999,50.0
169680.0,0.15804244280829263,0.12385459152449305,0.05314224066069809,49.99999999999999,50.0
169740.0,0.15800521067276901,0.12382946373424573,0.05313970742249693,49.99999999999999,50.0
169800.0,0.15796800989970586,0.12380435619708414,0.05313717738834176,49.99999999999999,50.0
169860.0,0.15793084044803202,0.12377926888740297,0.05313465055279928,49.99999999999999,50.0
169920.0,0.15789370227675015,0.12375420177964154,0.05313212691044802,49.99999999999999,50.0
169980.0,0.1578565953449367,0.12372915484828384,0.05312960645587838,49.99999999999999,50.0
170040.0,0.157819519611742,0.12370412806785848,0.05312708918369261,50.0,50.0
170100.0,0.15778247503639012,0.12367912141293902,0.05312457508850483,50.0,50.0
170160.0,0.15774546157817895,0.12365413485814325,0.05312206416494099,50.0,50.0
170220.0,0.15770847919638048,0.12362916837807529,0.05311955640762111,50.0,50.0
170280.0,0.15767152785010302,0.12360422194724298,0.05311705181113463,50.0,50.0
170340.0,0.15763460749911762,0.12357929554054754,0.05311455037018805,50.0,50.0
170400.0,0.15759771810298948,0.12355438913276874,0.05311205207944975,50.0,50.0
170460.0,0.1575608596213559,0.12352950269873073,0.05310955693359969,50.0,50.0
170520.0,0.1575240320139264,0.12350463621330114,0.05310706492732938,50.0,50.0
170580.0,0.15748723524048255,0.12347978965139116,0.053104576055341884,50.0,50.0
170640.0,0.15745046926087805,0.12345496298795587,0.05310209031235181,50.0,49.99999999999999
170700.0,0.1574137340350388,0.12343015619799388,0.053099607693085346,50.0,49.99999999999999
170760.0,0.15737702952296284,0.12340536925654742,0.05309712819228022,49.99999999999999,49.99999999999999
170820.0,0.15734035568463772,0.12338060213865396,0.05309465180466904,49.99999999999999,49.99999999999999
170880.0,0.1573037124799264,0.12335585481927827,0.05309217852495623,49.999999999999986,49.99999999999999
170940.0,0.1572670998692518,0.1233311272737168,0.05308970834795631,49.999999999999986,49.99999999999999
171000.0,0.15723051781287742,0.12330641947717308,0.053087241268448576,49.999999999999986,49.99999999999999
171060.0,0.15719396627113738,0.12328173140489321,0.05308477728122359,49.999999999999986,49.99999999999999
171120.0,0.15715744520443664,0.12325706303216677,0.053082316381083204,49.999999999999986,49.99999999999999
171180.0,0.15712095457325093,0.12323241433432547,0.053079858562840525,49.99999999999999,49.99999999999999
171240.0,0.15708449433812663,0.12320778528674442,0.05307740382131995,49.99999999999999,49.99999999999999
171300.0,0.15704806445968097,0.12318317586484126,0.053074952151357165,49.99999999999999,50.0
171360.0,0.15701166489860194,0.12315858604407676,0.05307250354779911,50.0,50.0
171420.0,0.15697529561555704,0.12313401579990052,0.053070058005487135,50.0,50.0
171480.0,0.15693895657106746,0.1231094651076764,0.053067615519233634,50.0,50.0
171540.0,0.15690264772626364,0.12308493394313003,0.05306517608396202,50.0,50.0
171600.0,0.15686636904209098,0.12306042228187825,0.053062739694559644,50.00000000000001,50.0
171660.0,0.15683012047956416,0.12303593009958033,0.05306030634592482,50.00000000000001,50.0
171720.0,0.1567939019997671,0.12301145737193715,0.05305787603296687,50.00000000000001,50.0
171780.0,0.1567577135638529,0.12298700407469149,0.05305544875060611,50.00000000000001,50.0
171840.0,0.15672155513304395,0.12296257018362847,0.05305302449377385,50.00000000000001,50.0
171900.0,0.1566854266686318,0.12293815567457483,0.053050603257412406,50.00000000000001,50.0
171960.0,0.15664932813197732,0.12291376052339946,0.053048185036475064,50.00000000000001,49.99999999999999
172020.0,0.15661325948441807,0.1228893847059585,0.05304576982591007,50.00000000000001,49.99999999999999
172080.0,0.15657722068714056,0.12286502819801937,0.053043357620638394,50.00000000000001,49.99999999999999
172140.0,0.15654121170194682,0.12284069097571536,0.053040948415686864,50.00000000000001,49.999999999999986
172200.0,0.15650523249044868,0.12281637301506758,0.05303854220604828,50.00000000000001,49.999999999999986
172260.0,0.15646928301432564,0.12279207429213854,0.053036138986726135,50.00000000000001,49.999999999999986
172320.0,0.15643336323532492,0.12276779478303192,0.05303373875273467,50.00000000000001,49.999999999999986
172380.0,0.1563974731152614,0.12274353446389191,0.05303134149909884,50.00000000000001,49.999999999999986
172440.0,0.1563616126160176,0.1227192933109044,0.05302894722085433,50.00000000000001,49.999999999999986
172500.0,0.15632578169954384,0.1226950713002959,0.05302655591304755,50.00000000000001,49.999999999999986
172560.0,0.15628998032785799,0.12267086840833409,0.05302416757073564,50.00000000000001,49.99999999999999
172620.0,0.15625420846295884,0.1226466846112764,0.053021782188970454,50.00000000000001,49.99999999999999
172680.0,0.15621846606670597,0.12262251988529903,0.053019399762776385,50.00000000000001,49.99999999999999
172740.0,0.15618275310153965,0.1225983742069224,0.0530170202872832,50.00000000000001,49.99999999999999
172800.0,0.15614706952972418,0.12257424755256402,0.053014643757586466,50.00000000000001,49.99999999999999
172860.0,0.15611141531359016,0.1225501398986817,0.05301227016879219,50.00000000000001,50.0
172920.0,0.1560757904155343,0.12252605122177329,0.05300989951601683,50.00000000000001,50.0
172980.0,0.1560401947980197,0.12250198149837677,0.05300753179438734,50.00000000000001,50.0
173040.0,0.15600462842357551,0.12247793070507063,0.05300516699904108,50.0,50.0
173100.0,0.1559690912547973,0.12245389881847323,0.0530028051251259,50.0,50.00000000000001
173160.0,0.15593358325434667,0.1224298858152433,0.05300044616780011,50.0,50.00000000000001
173220.0,0.1558981043848698,0.12240589167203121,0.05299809012221721,50.0,50.00000000000001
173280.0,0.15586265460888418,0.12238191636541197,0.05299573698350486,50.0,50.00000000000001
173340.0,0.1558272338894567,0.12235795987228756,0.05299338674689123,50.0,50.00000000000001
173400.0,0.1557918421894911,0.12233402216946354,0.05299103940757219,50.0,50.00000000000001
173460.0,0.15575647947195595,0.12231010323378519,0.05298869496075379,50.0,50.00000000000001
173520.0,0.1557211456998846,0.12228620304213744,0.05298635340165231,49.99999999999999,50.00000000000001
173580.0,0.15568584083637538,0.12226232157144389,0.052984014725494216,49.99999999999999,50.00000000000001
173640.0,0.15565056484459142,0.12223845879866822,0.05298167892751618,49.99999999999999,50.00000000000001
173700.0,0.15561531768776066,0.12221461470081296,0.052979346002965076,49.99999999999999,50.00000000000001
173760.0,0.15558009932917602,0.12219078925492063,0.052977015947097986,49.99999999999999,50.0
173820.0,0.15554490973211527,0.12216698243802486,0.052974688755167774,49.999999999999986,50.0
173880.0,0.15550974885973073,0.12214319422708654,0.05297236442240316,49.999999999999986,50.0
173940.0,0.15547461667571164,0.12211942459938548,0.05297004294412824,49.999999999999986,50.0
174000.0,0.15543951314358784,0.12209567353210818,0.05296772431563686,49.999999999999986,50.0
174060.0,0.1554044382269528,0.1220719410024796,0.05296540853223283,49.999999999999986,50.0
174120.0,0.15536939188946347,0.12204822698776337,0.05296309558922993,49.999999999999986,50.0
174180.0,0.1553343740948403,0.12202453146526163,0.05296078548195189,49.999999999999986,50.0
174240.0,0.15529938480686728,0.12200085441231515,0.052958478205732414,49.99999999999999,50.0
174300.0,0.15526442398939194,0.12197719580630287,0.052956173755915145,49.99999999999999,50.0
174360.0,0.15522949160632532,0.12195355562464322,0.05295387212785371,49.99999999999999,50.00000000000001
174420.0,0.15519458762156266,0.12192993384474554,0.05295157331689714,49.99999999999999,50.00000000000001
174480.0,0.1551597119988736,0.12190633044394576,0.05294927731836976,49.99999999999999,50.00000000000001
174540.0,0.15512486470256015,0.12188274539989645,0.052946984127691804,49.99999999999999,50.00000000000001
174600.0,0.1550900456967652,0.1218591786901566,0.05294469374025268,50.0,50.000000000000014
174660.0,0.15505525494569386,0.12183563029232308,0.05294240615145148,50.0,50.00000000000001
174720.0,0.15502049241361338,0.1218121001840306,0.05294012135669704,50.0,50.00000000000001
174780.0,0.15498575806485326,0.12178858834295173,0.05293783935140789,50.0,50.00000000000001
174840.0,0.15495105186380514,0.12176509474679674,0.0529355601310123,50.0,50.00000000000001
174900.0,0.15491637377492296,0.12174161937331361,0.052933283690948234,50.0,50.00000000000001
174960.0,0.1548817237627227,0.12171816220028843,0.052931010026663394,50.0,50.0
175020.0,0.15484710179170474,0.12169472320549864,0.05292873913360077,50.0,50.0
175080.0,0.15481250782624603,0.12167130236664972,0.05292647100717867,50.0,50.0
175140.0,0.15477794183124588,0.12164789966175739,0.052924205642910394,50.0,50.0
175200.0,0.15474340377144738,0.1216245150687459,0.05292194303627846,50.0,50.0
175260.0,0.15470889361165438,0.12160114856557647,0.05291968318277486,50.0,49.99999999999999
175320.0,0.1546744113167317,0.12157780013024733,0.052917426077901085,50.0,49.99999999999999
175380.0,0.154639956851605,0.12155446974079365,0.052915171717168086,50.0,49.99999999999999
175440.0,0.15460553018126086,0.12153115737528791,0.052912920096096286,50.0,49.99999999999999
175500.0,0.15457113127074673,0.1215078630118393,0.052910671210215594,50.0,49.99999999999999
175560.0,0.15453676008517095,0.12148458662859404,0.05290842505506539,50.0,49.99999999999999
175620.0,0.15450241658962735,0.12146132820369074,0.052906181626181235,50.0,49.99999999999999
175680.0,0.15446810074909087,0.12143808771519818,0.052903940919076485,50.0,49.99999999999999
175740.0,0.154433812529043,0.12141486514148686,0.05290170292935253,50.0,49.99999999999999
175800.0,0.15439955189481455,0.1213916604608387,0.052899467652582924,50.0,49.99999999999999
175860.0,0.15436531881179594,0.12136847365157215,0.05289723508435049,50.0,49.99999999999999
175920.0,0.15433111324543716,0.12134530469204129,0.0528950052202473,50.0,49.99999999999999
175980.0,0.15429693516124787,0.12132215356063693,0.052892778055874674,50.0,49.99999999999999
176040.0,0.15426278452479736,0.12129902023578622,0.05289055358684319,50.0,49.99999999999999
176100.0,0.15422866130171456,0.1212759046959523,0.05288833180877267,50.00000000000001,50.0
176160.0,0.15419456545768795,0.12125280691963472,0.052886112717292204,50.00000000000001,50.0
176220.0,0.15416049695839232,0.12122972688532571,0.052883896308027416,50.00000000000001,50.0
176280.0,0.15412645576938694,0.1212066645714496,0.052881682576582885,50.000000000000014,50.0
176340.0,0.15409244185672477,0.12118361995672511,0.052879471518647574,50.000000000000014,50.0
176400.0,0.15405845518631223,0.12116059301978474,0.052877263129884014,50.000000000000014,50.00000000000001
176460.0,0.15402449572411422,0.12113758373929627,0.05287505740596378,50.000000000000014,50.00000000000001
176520.0,0.153990563436154,0.12111459209396336,0.05287285434256749,50.000000000000014,50.00000000000001
176580.0,0.1539566582885132,0.12109161806252494,0.052870653935384815,50.000000000000014,50.00000000000001
176640.0,0.15392278024733194,0.12106866162375594,0.05286845618011444,50.000000000000014,50.00000000000001
176700.0,0.1538889292788086,0.12104572275646605,0.052866261072464116,50.00000000000001,50.00000000000001
176760.0,0.15385510534920008,0.12102280143950143,0.05286406860815061,50.00000000000001,50.00000000000001
176820.0,0.15382130842474978,0.12099989765170047,0.05286187878288563,50.00000000000001,50.00000000000001
176880.0,0.1537875384715884,0.12097701137183604,0.0528596915923562,50.00000000000001,50.00000000000001
176940.0,0.1537537954563294,0.12095414257896794,0.052857507032341926,50.00000000000001,50.00000000000001
177000.0,0.15372007934544304,0.12093129125207222,0.0528553250985918,50.00000000000001,50.00000000000001
177060.0,0.15368639010545687,0.12090845737015968,0.05285314578686361,50.0,50.0
177120.0,0.15365272770295563,0.12088564091227588,0.05285096909292396,50.0,50.0
177180.0,0.15361909210458116,0.12086284185750129,0.05284879501254822,50.0,50.0
177240.0,0.15358548327703264,0.12084006018495123,0.052846623541520615,50.0,50.0
177300.0,0.1535519011870663,0.12081729587377589,0.052844454675634145,50.0,50.0
177360.0,0.15351834580149568,0.12079454890316012,0.052842288410690615,50.0,49.99999999999999
177420.0,0.1534848170871215,0.1207718192522823,0.05284012474248911,50.0,49.99999999999999
177480.0,0.15345131501063514,0.12074910690025596,0.05283796366681002,50.0,49.99999999999999
177540.0,0.15341783953919824,0.12072641182647602,0.052835805179510704,50.0,49.99999999999999
177600.0,0.1533843906398335,0.1207037340102549,0.052833649276424956,50.0,49.999999999999986
177660.0,0.1533509682796196,0.12068107343093946,0.05283149595339518,50.0,49.999999999999986
177720.0,0.15331757242569133,0.1206584300679105,0.0528293452062724,50.0,49.999999999999986
177780.0,0.15328420304523943,0.12063580390058332,0.05282719703091624,50.0,49.99999999999999
177840.0,0.15325086010551064,0.12061319490840676,0.05282505142319494,50.0,49.99999999999999
177900.0,0.15321754357380782,0.12059060307086449,0.05282290837898535,50.0,49.99999999999999
177960.0,0.15318425341748976,0.12056802836747375,0.052820767894172935,50.00000000000001,50.0
178020.0,0.153150989603903,0.12054547077774563,0.0528186299646395,50.00000000000001,50.0
178080.0,0.15311775210028739,0.12052293028112811,0.05281649458624624,50.000000000000014,50.00000000000001
178140.0,0.15308454087434234,0.12050040685734384,0.052814361754935424,50.000000000000014,50.00000000000001
178200.0,0.15305135589363159,0.12047790048603559,0.052812231466623526,50.000000000000014,50.00000000000001
178260.0,0.15301819712577389,0.12045541114687931,0.052810103717235414,50.000000000000014,50.00000000000001
178320.0,0.15298506453844274,0.1204329388195844,0.05280797850270438,50.000000000000014,50.00000000000001
178380.0,0.1529519580993666,0.12041048348389416,0.052805855818972104,50.000000000000014,50.00000000000001
178440.0,0.1529188777763288,0.12038804511958463,0.05280373566198868,50.000000000000014,50.00000000000001
178500.0,0.1528858235371675,0.12036562370646617,0.05280161802771261,50.000000000000014,50.00000000000001
178560.0,0.1528527953497758,0.12034321922438174,0.0527995029121108,50.00000000000001,50.0
178620.0,0.1528197931820349,0.12032083165316854,0.05279739031114639,50.00000000000001,50.0
178680.0,0.15278681700172164,0.1202984609726028,0.05279528022076198,50.00000000000001,50.0
178740.0,0.1527538667770625,0.1202761071627283,0.052793172636980384,50.00000000000001,50.0
178800.0,0.1527209424761513,0.12025377020351104,0.05279106755579873,50.00000000000001,50.0
178860.0,0.1526880440671358,0.12023145007494998,0.05278896497322234,50.00000000000001,50.0
178920.0,0.1526551715182173,0.12020914675707672,0.052786864885264746,50.00000000000001,50.0
178980.0,0.15262232479765106,0.12018686022995577,0.05278476728794767,50.0,50.0
179040.0,0.15258950387374598,0.12016459047368414,0.05278267217730104,50.0,50.0
179100.0,0.15255670871486482,0.12014233746839215,0.052780579549362994,50.0,50.0
179160.0,0.152523939289424,0.12012010119424234,0.052778489400179866,50.0,50.0
179220.0,0.1524911955658287,0.12009788163139176,0.052776401725794495,50.0,50.0
179280.0,0.1524584775123828,0.12007567875993776,0.05277431652223006,50.0,50.0
179340.0,0.1524257850978284,0.12005349256023928,0.052772233785587035,49.99999999999999,50.0
179400.0,0.15239311829077876,0.12003132301257947,0.05277015351194129,49.99999999999999,50.0
179460.0,0.15236047705989988,0.12000917009727358,0.0527680756973767,49.99999999999999,50.0
179520.0,0.1523278613739104,0.11998703379466892,0.05276600033798515,49.99999999999999,50.0
179580.0,0.15229527120158165,0.11996491408514527,0.05276392742986651,49.99999999999999,50.0
179640.0,0.1522627065117376,0.11994281094911426,0.05276185696912869,49.99999999999999,50.0
179700.0,0.1522301672732549,0.11992072436701956,0.05275978895188758,49.99999999999999,50.0
179760.0,0.1521976534550629,0.11989865431933738,0.05275772337426708,49.99999999999999,50.0
179820.0,0.15216516502608024,0.11987660078653797,0.052755660232388354,49.99999999999999,50.0
179880.0,0.1521327019551273,0.11985456374903351,0.0527535995223549,49.99999999999999,50.0
179940.0,0.15210026421145142,0.11983254318749219,0.052751541240341836,49.99999999999999,50.0
180000.0,0.15206785176417492,0.11981053908250769,0.05274948538250206,49.99999999999999,50.0
180060.0,0.15203546458247166,0.11978855141470565,0.05274743194499633,49.99999999999999,50.0
180120.0,0.15200310263556716,0.11976658016474304,0.05274538092399321,50.0,50.0
180180.0,0.15197076589273853,0.11974462531330837,0.05274333231566909,50.0,50.0
180240.0,0.15193845432331451,0.11972268684112156,0.052741286116208194,50.0,50.0
180300.0,0.15190616789667546,0.1197007647289342,0.052739242321802576,50.0,50.0
180360.0,0.15187390658225333,0.11967885895752925,0.052737200928652105,50.0,50.0
180420.0,0.15184167034946958,0.11965696950768434,0.05273516193295394,50.0,50.0
180480.0,0.15180945916764918,0.1196350963601204,0.05273312533088795,50.0,50.0
180540.0,0.15177727300653585,0.1196132394958084,0.052731091118704096,50.0,50.0
180600.0,0.15174511183575062,0.11959139889564703,0.05272905929263063,50.0,50.0
180660.0,0.15171297562496505,0.11956957454056572,0.0527270298489034,50.0,50.0
180720.0,0.1516808643439013,0.11954776641152533,0.052725002783765955,50.0,50.0
180780.0,0.1516487779623321,0.11952597448951696,0.05272297809346946,50.0,49.99999999999999
180840.0,0.15161671645008074,0.11950419875556298,0.05272095577427273,50.0,49.99999999999999
180900.0,0.1515846797770211,0.11948243919071648,0.052718935822442255,49.99999999999999,49.99999999999999
180960.0,0.1515526679130776,0.11946069577606155,0.052716918234252154,49.99999999999999,49.99999999999999
181020.0,0.1515206808281648,0.11943896849267711,0.05271490300597194,49.99999999999999,49.99999999999999
181080.0,0.15148871849210374,0.11941725732158691,0.05271289013384958,49.99999999999999,49.99999999999999
181140.0,0.1514567808751233,0.11939556224405883,0.052710879614213106,49.99999999999999,49.99999999999999
181200.0,0.15142486794733326,0.11937388324129032,0.0527088714433638,49.99999999999999,49.99999999999999
181260.0,0.15139297967889298,0.11935222029450934,0.05270686561761041,49.99999999999999,49.99999999999999
181320.0,0.1513611160400114,0.11933057338497373,0.0527048621332691,49.99999999999999,49.99999999999999
181380.0,0.15132927700094695,0.11930894249397206,0.05270286098666351,49.99999999999999,49.99999999999999
181440.0,0.15129746253200774,0.11928732760282287,0.052700862174124695,49.99999999999999,49.99999999999999
181500.0,0.1512656726035513,0.11926572869287518,0.05269886569199118,49.99999999999999,50.0
181560.0,0.15123390718598484,0.11924414574550832,0.05269687153660891,50.0,50.0
181620.0,0.15120216624970595,0.11922257874209628,0.05269487970432293,50.0,50.0
181680.0,0.15117044976502111,0.11920102766396007,0.05269289019146584,50.0,50.0
181740.0,0.15113875770263532,0.11917949249265837,0.05269090299442702,50.0,50.0
181800.0,0.15110709003313746,0.11915797320968198,0.05268891810957986,50.0,50.0
181860.0,0.15107544672716494,0.119136469796551,0.05268693553330508,50.0,50.0
181920.0,0.1510438277554038,0.11911498223481536,0.052684955261990664,50.0,50.0
181980.0,0.15101223308858852,0.11909351050605459,0.05268297729203193,50.0,50.0
182040.0,0.15098066269750232,0.11907205459187818,0.0526810016198315,50.0,50.0
182100.0,0.15094911655297685,0.11905061447392495,0.05267902824179928,50.0,50.0
182160.0,0.15091759462589244,0.11902919013386358,0.052677057154352495,49.99999999999999,50.0
182220.0,0.15088609688712024,0.1190077815533582,0.052675088353904505,49.99999999999999,50.0
182280.0,0.15085462330744245,0.11898638871402034,0.052673121836849315,49.99999999999999,50.0
182340.0,0.15082317385803085,0.11896501159769472,0.0526711575996543,49.99999999999999,50.0
182400.0,0.1507917485099438,0.11894365018615909,0.052669195638762774,49.99999999999999,50.0
182460.0,0.15076034723428733,0.11892230446122054,0.05266723595062517,49.99999999999999,50.0
182520.0,0.15072897000221505,0.11890097440471513,0.052665278531699014,49.99999999999999,50.0
182580.0,0.15069761678492818,0.11887965999850807,0.05266332337844899,49.99999999999999,50.0
182640.0,0.1506662875536756,0.11885836122449357,0.05266137048734688,49.99999999999999,50.0
182700.0,0.15063498227975364,0.11883707806459522,0.05265941985487156,49.99999999999999,50.0
182760.0,0.15060370093450642,0.11881581050076552,0.05265747147750907,50.0,50.0
182820.0,0.15057244348926926,0.11879455851495244,0.052655525351742796,50.0,50.0
182880.0,0.15054120991529082,0.11877332208905325,0.05265358147404003,50.0,50.0
182940.0,0.15051000018420027,0.11875210120519249,0.05265163984093274,50.0,50.0
183000.0,0.15047881426751628,0.11873089584542992,0.05264970044893269,50.0,50.0
183060.0,0.15044765213680417,0.11870970599185388,0.05264776329455859,50.0,50.0
183120.0,0.15041651376367599,0.1186885316265809,0.052645828374336116,50.0,50.0
183180.0,0.15038539911979037,0.11866737273175636,0.052643895684797874,50.0,50.0
183240.0,0.1503543081768527,0.11864622928955405,0.052641965222483454,50.0,50.0
183300.0,0.15032324090661492,0.11862510128217649,0.05264003698393937,50.0,50.0
183360.0,0.15029219728087573,0.11860398869185453,0.052638110965719125,49.99999999999999,50.0
183420.0,0.15026117727142546,0.11858289150081494,0.052636187164373995,49.99999999999999,50.0
183480.0,0.15023018084997,0.11856180969123452,0.05263426557644045,49.99999999999999,50.0
183540.0,0.1501992079885869,0.11854074324551303,0.05263234619851593,49.99999999999999,50.0
183600.0,0.15016825865924613,0.11851969214598639,0.052630429027179175,49.99999999999999,50.0
183660.0,0.15013733283396327,0.11849865637501858,0.05262851405901573,49.99999999999999,50.0
183720.0,0.15010643048479974,0.11847763591500156,0.05262660129061794,49.99999999999999,50.0
183780.0,0.15007555158386268,0.11845663074835545,0.05262469071858494,50.0,50.0
183840.0,0.15004469610330493,0.11843564085752839,0.052622782339522695,50.0,50.0
183900.0,0.15001386401532515,0.11841466622499613,0.05262087615004393,50.0,50.0
183927.0,0.14999999720016605,0.1184052326137129,0.0526200190782298,50.0,50.0
